date,transect,location_cm
3/31/2022,t1,295
3/31/2022,t1,332
3/31/2022,t1,337
3/31/2022,t1,634
3/31/2022,t1,889
3/31/2022,t1,2211
3/31/2022,t1,2357
3/31/2022,t1,2524
3/31/2022,t1,2538
3/31/2022,t1,2582
3/31/2022,t1,2599
3/31/2022,t1,2620
3/31/2022,t1,2638
3/31/2022,t1,2667
3/31/2022,t1,2958
3/31/2022,t1,2958
3/31/2022,t1,3127
3/31/2022,t1,3142
3/31/2022,t1,3150
3/31/2022,t1,3184
3/31/2022,t1,4290
3/31/2022,t1,4500
3/31/2022,t1,4569
3/31/2022,t1,4747
3/31/2022,t1,4801
3/31/2022,t1,5110
3/31/2022,t1,6430
3/31/2022,t1,6454
3/31/2022,t1,6468
3/31/2022,t1,6496
3/31/2022,t1,7439
3/31/2022,t1,8060
3/31/2022,t1,8477
3/31/2022,t1,8485
3/31/2022,t1,8831
4/4/2022,t2,537
4/4/2022,t2,559
4/4/2022,t2,638
4/4/2022,t2,627
4/4/2022,t2,607
4/4/2022,t2,1635
4/4/2022,t2,2541
4/4/2022,t2,2910
4/4/2022,t2,3230
4/4/2022,t2,3167
4/4/2022,t2,3228
4/4/2022,t2,3269
4/4/2022,t2,3926
4/4/2022,t2,3965
4/4/2022,t2,3997
4/4/2022,t2,4156
4/4/2022,t2,4110
4/4/2022,t2,4173
4/4/2022,t2,4170
4/4/2022,t2,4189
4/4/2022,t2,4228
4/4/2022,t2,4254
4/4/2022,t2,4450
4/4/2022,t2,4482
4/4/2022,t2,4527
4/4/2022,t2,4541
4/4/2022,t2,4576
4/4/2022,t2,4632
4/4/2022,t2,4610
4/4/2022,t2,4628
4/4/2022,t2,4635
4/4/2022,t2,4684
4/4/2022,t2,4691
4/4/2022,t2,4994
4/4/2022,t2,5168
4/4/2022,t2,5291
4/4/2022,t2,5277
4/4/2022,t2,6006
4/4/2022,t2,6020
4/4/2022,t2,6329
4/4/2022,t2,6338
4/4/2022,t2,6374
4/4/2022,t2,6400
4/4/2022,t2,6483
4/4/2022,t2,6568
4/4/2022,t2,6821
4/4/2022,t2,6926
4/4/2022,t2,6938
4/4/2022,t2,6934
4/4/2022,t2,6950
4/4/2022,t2,7440
4/4/2022,t2,7504
4/4/2022,t2,7516
4/4/2022,t2,8673
4/4/2022,t2,8859
4/4/2022,t2,8943
4/4/2022,t2,8988
4/4/2022,t2,8998
4/4/2022,t2,9028
4/4/2022,t2,9028
4/4/2022,t2,9107
4/4/2022,t2,9150
4/4/2022,t2,9160
4/4/2022,t2,9165
4/4/2022,t2,9182
4/5/2022,t3,9870
4/5/2022,t3,9840
4/5/2022,t3,9783
4/5/2022,t3,9172
4/5/2022,t3,8882
4/5/2022,t3,8260
4/5/2022,t3,9214
4/5/2022,t3,8185
4/5/2022,t3,8060
4/5/2022,t3,8059
4/5/2022,t3,8052
4/5/2022,t3,8030
4/5/2022,t3,7764
4/5/2022,t3,7654
4/5/2022,t3,7617
4/5/2022,t3,7566
4/5/2022,t3,7540
4/5/2022,t3,7711
4/5/2022,t3,7521
4/5/2022,t3,7506
4/5/2022,t3,7469
4/5/2022,t3,7459
4/5/2022,t3,7438
4/5/2022,t3,7438
4/5/2022,t3,7412
4/5/2022,t3,6533
4/5/2022,t3,6490
4/5/2022,t3,6375
4/5/2022,t3,6309
4/5/2022,t3,5284
4/5/2022,t3,4404
4/5/2022,t3,4246
4/5/2022,t3,4195
4/5/2022,t3,4178
4/5/2022,t3,4163
4/5/2022,t3,3612
4/5/2022,t3,3594
4/5/2022,t3,3548
4/5/2022,t3,3515
4/5/2022,t3,3483
4/5/2022,t3,3296
4/5/2022,t3,3108
4/5/2022,t3,3076
4/5/2022,t3,2455
4/5/2022,t3,1383
4/5/2022,t3,989
4/5/2022,t3,877
4/5/2022,t3,888
4/5/2022,t3,644
4/5/2022,t3,392
4/5/2022,t3,380
4/5/2022,t3,369
4/5/2022,t3,357
4/5/2022,t3,341
4/5/2022,t3,330
4/5/2022,t3,330
4/5/2022,t3,312
4/5/2022,t3,296
4/5/2022,t3,278
4/5/2022,t3,272
4/5/2022,t3,265
4/5/2022,t3,245
4/5/2022,t3,243
4/5/2022,t3,237
4/5/2022,t3,220
4/5/2022,t3,219
4/5/2022,t3,206
4/5/2022,t3,198
4/5/2022,t3,181
4/5/2022,t4,600
4/5/2022,t4,784
4/5/2022,t4,845
4/5/2022,t4,972
4/5/2022,t4,2771
4/5/2022,t4,3398
4/5/2022,t4,3444
4/5/2022,t4,3816
4/5/2022,t4,3832
4/5/2022,t4,3653
4/5/2022,t4,4716
4/5/2022,t4,4783
4/5/2022,t4,4964
4/5/2022,t4,5236
4/5/2022,t4,6503
4/5/2022,t4,6758
4/5/2022,t4,7096
4/5/2022,t4,7870
4/5/2022,t4,7915
4/5/2022,t4,8241
4/5/2022,t4,8370
4/5/2022,t4,8561
4/5/2022,t4,8784
4/5/2022,t4,9059
4/5/2022,t4,9009
4/5/2022,t4,9027
4/5/2022,t4,9165
4/5/2022,t4,9191
4/5/2022,t4,9222
4/5/2022,t4,9230
4/5/2022,t4,9287
4/5/2022,t4,9357
4/5/2022,t4,9396
4/5/2022,t4,9420
4/5/2022,t4,9503
4/5/2022,t4,9525
4/5/2022,t4,9715
4/6/2022,t5,377
4/6/2022,t5,1065
4/6/2022,t5,1145
4/6/2022,t5,1157
4/6/2022,t5,1175
4/6/2022,t5,1300
4/6/2022,t5,2055
4/6/2022,t5,2090
4/6/2022,t5,2131
4/6/2022,t5,2195
4/6/2022,t5,2130
4/6/2022,t5,2375
4/6/2022,t5,2837
4/6/2022,t5,2910
4/6/2022,t5,2876
4/6/2022,t5,2918
4/6/2022,t5,2950
4/6/2022,t5,3025
4/6/2022,t5,3419
4/6/2022,t5,3495
4/6/2022,t5,3483
4/6/2022,t5,3480
4/6/2022,t5,3989
4/6/2022,t5,4026
4/6/2022,t5,4038
4/6/2022,t5,4219
4/6/2022,t5,4260
4/6/2022,t5,4275
4/6/2022,t5,4275
4/6/2022,t5,4478
4/6/2022,t5,4506
4/6/2022,t5,4589
4/6/2022,t5,4587
4/6/2022,t5,4660
4/6/2022,t5,4669
4/6/2022,t5,4711
4/6/2022,t5,4725
4/6/2022,t5,4724
4/6/2022,t5,4773
4/6/2022,t5,5112
4/6/2022,t5,5215
4/6/2022,t5,5311
4/6/2022,t5,5336
4/6/2022,t5,5730
4/6/2022,t5,5903
4/6/2022,t5,5967
4/6/2022,t5,5981
4/6/2022,t5,6041
4/6/2022,t5,6042
4/6/2022,t5,6056
4/6/2022,t5,6089
4/6/2022,t5,6121
4/6/2022,t5,6251
4/6/2022,t5,6800
4/6/2022,t5,6874
4/6/2022,t5,6901
4/6/2022,t5,6871
4/6/2022,t5,7176
4/6/2022,t5,7210
4/6/2022,t5,7221
4/6/2022,t5,7996
4/6/2022,t5,8011
4/6/2022,t5,8036
4/6/2022,t5,8292
4/6/2022,t5,8446
4/6/2022,t5,8608
4/6/2022,t5,8870
4/6/2022,t5,8910
4/6/2022,t5,8927
4/6/2022,t5,8945
4/6/2022,t5,8957
4/6/2022,t5,8978
4/6/2022,t5,9026
4/6/2022,t5,9178
4/6/2022,t5,9186
4/6/2022,t6,137
4/6/2022,t6,510
4/6/2022,t6,509
4/6/2022,t6,534
4/6/2022,t6,551
4/6/2022,t6,559
4/6/2022,t6,678
4/6/2022,t6,753
4/6/2022,t6,762
4/6/2022,t6,1059
4/6/2022,t6,1706
4/6/2022,t6,1972
4/6/2022,t6,1974
4/6/2022,t6,2052
4/6/2022,t6,2213
4/6/2022,t6,2282
4/6/2022,t6,3089
4/6/2022,t6,3125
4/6/2022,t6,3174
4/6/2022,t6,3255
4/6/2022,t6,3275
4/6/2022,t6,3297
4/6/2022,t6,3311
4/6/2022,t6,3332
4/6/2022,t6,3940
4/6/2022,t6,4144
4/6/2022,t6,4203
4/6/2022,t6,4475
4/6/2022,t6,6774
4/6/2022,t6,8765
4/6/2022,t6,8785
4/6/2022,t6,8810
4/6/2022,t6,8890
4/6/2022,t6,8905
4/6/2022,t6,8920
4/6/2022,t6,8930
4/6/2022,t6,9334
4/6/2022,t6,9375
4/6/2022,t6,9390
4/6/2022,t6,9445
4/6/2022,t6,9664
4/6/2022,t6,9692
4/7/2022,t7,152
4/7/2022,t7,210
4/7/2022,t7,295
4/7/2022,t7,307
4/7/2022,t7,324
4/7/2022,t7,345
4/7/2022,t7,776
4/7/2022,t7,859
4/7/2022,t7,885
4/7/2022,t7,2389
4/7/2022,t7,2424
4/7/2022,t7,2523
4/7/2022,t7,3114
4/7/2022,t7,3168
4/7/2022,t7,3201
4/7/2022,t7,3246
4/7/2022,t7,3590
4/7/2022,t7,3705
4/7/2022,t7,3666
4/7/2022,t7,4321
4/7/2022,t7,4349
4/7/2022,t7,4581
4/7/2022,t7,4840
4/7/2022,t7,4976
4/7/2022,t7,5060
4/7/2022,t7,5079
4/7/2022,t7,6364
4/7/2022,t7,6389
4/7/2022,t7,6466
4/7/2022,t7,6477
4/7/2022,t7,6504
4/7/2022,t7,6540
4/7/2022,t7,6555
4/7/2022,t7,6558
4/7/2022,t7,6595
4/7/2022,t7,6586
4/7/2022,t7,6636
4/7/2022,t7,6677
4/7/2022,t7,6753
4/7/2022,t7,6870
4/11/2022,t8,4248
4/11/2022,t8,4269
4/11/2022,t8,4280
4/11/2022,t8,4298
4/11/2022,t8,4312
4/11/2022,t8,4379
4/11/2022,t8,4446
4/11/2022,t8,4863
4/11/2022,t8,4849
4/11/2022,t8,4897
4/11/2022,t8,5023
4/11/2022,t8,5059
4/11/2022,t8,5279
4/11/2022,t8,5193
4/11/2022,t8,5437
4/11/2022,t8,5473
4/11/2022,t8,5966
4/11/2022,t8,5980
4/11/2022,t8,6010
4/11/2022,t8,6017
4/11/2022,t8,6079
4/11/2022,t8,6093
4/11/2022,t8,6217
4/11/2022,t8,6202
4/11/2022,t8,6262
4/11/2022,t8,6306
4/11/2022,t8,6378
4/11/2022,t8,6389
4/11/2022,t8,6760
4/11/2022,t8,6763
4/11/2022,t8,6907
4/11/2022,t8,6943
4/11/2022,t8,6995
4/11/2022,t8,7031
4/11/2022,t8,7119
4/11/2022,t8,7129
4/11/2022,t8,7176
4/11/2022,t8,8605
4/11/2022,t8,8655
4/11/2022,t8,8654
4/11/2022,t8,8695
4/11/2022,t8,8669
4/11/2022,t8,8662
4/11/2022,t8,8723
4/11/2022,t8,8725
4/11/2022,t8,8742
4/11/2022,t8,8756
4/11/2022,t8,8758
4/11/2022,t8,8794
4/11/2022,t8,8858
4/11/2022,t8,8871
4/11/2022,t8,8871
4/11/2022,t8,8939
4/11/2022,t8,8931
4/11/2022,t8,8962
4/11/2022,t8,8970
4/11/2022,t8,9114
4/11/2022,t8,9180
4/11/2022,t8,9824
4/11/2022,t8,9947
4/11/2022,t8,9934
4/11/2022,t9,209
4/11/2022,t9,210
4/11/2022,t9,253
4/11/2022,t9,257
4/11/2022,t9,260
4/11/2022,t9,251
4/11/2022,t9,349
4/11/2022,t9,614
4/11/2022,t9,645
4/11/2022,t9,710
4/11/2022,t9,723
4/11/2022,t9,752
4/11/2022,t9,765
4/11/2022,t9,808
4/11/2022,t9,824
4/11/2022,t9,8158
4/11/2022,t9,8498
4/11/2022,t9,8501
4/11/2022,t9,8883
4/11/2022,t9,8932
4/11/2022,t9,9045
4/11/2022,t9,9141
4/11/2022,t9,9608
4/11/2022,t9,9720
4/11/2022,t9,9730
4/12/2022,t10,1265
4/12/2022,t10,1497
4/12/2022,t10,1746
4/12/2022,t10,1865
4/12/2022,t10,3986
4/12/2022,t10,3968
4/12/2022,t10,4049
4/12/2022,t10,4149
4/12/2022,t10,4526
4/12/2022,t10,4565
4/12/2022,t10,4619
4/12/2022,t10,4654
4/12/2022,t10,4697
4/12/2022,t10,4699
4/12/2022,t10,4996
4/12/2022,t10,5092
4/12/2022,t10,5116
4/12/2022,t10,5450
4/12/2022,t10,6063
4/12/2022,t10,6089
4/12/2022,t10,6125
4/12/2022,t10,6860
4/12/2022,t10,7002
4/12/2022,t10,7042
4/12/2022,t10,7623
4/12/2022,t10,7668
4/12/2022,t10,7724
4/12/2022,t10,8115
4/12/2022,t10,8160
4/12/2022,t10,8179
4/12/2022,t10,8188
4/12/2022,t10,8197
4/12/2022,t10,8220
4/12/2022,t10,8235
4/12/2022,t10,8243
4/12/2022,t10,8234
4/12/2022,t10,9650
4/12/2022,t10,9655
4/12/2022,t10,9799
4/12/2022,t10,9819
4/12/2022,t10,9849
4/12/2022,t10,9840
4/12/2022,t10,9915
4/12/2022,t10,9938
4/12/2022,t10,9938
4/13/2022,t11,276
4/13/2022,t11,340
4/13/2022,t11,367
4/13/2022,t11,397
4/13/2022,t11,431
4/13/2022,t11,352
4/13/2022,t11,1335
4/13/2022,t11,1424
4/13/2022,t11,2204
4/13/2022,t11,2388
4/13/2022,t11,2420
4/13/2022,t11,2532
4/13/2022,t11,2540
4/13/2022,t11,2547
4/13/2022,t11,2558
4/13/2022,t11,2564
4/13/2022,t11,2578
4/13/2022,t11,2630
4/13/2022,t11,2689
4/13/2022,t11,2485
4/13/2022,t11,2548
4/13/2022,t11,2599
4/13/2022,t11,2634
4/13/2022,t11,2650
4/13/2022,t11,2661
4/13/2022,t11,2692
4/13/2022,t11,2702
4/13/2022,t11,4565
4/13/2022,t11,4609
4/13/2022,t11,5306
4/13/2022,t11,6399
4/13/2022,t11,6430
4/13/2022,t11,6441
4/13/2022,t11,6409
4/13/2022,t11,6448
4/13/2022,t11,7076
4/13/2022,t11,7420
4/13/2022,t11,8273
4/13/2022,t11,8761
4/13/2022,t11,8756
4/13/2022,t11,8796
4/13/2022,t11,8910
4/13/2022,t11,9043
4/13/2022,t11,9234
4/13/2022,t11,9331
4/13/2022,t11,9394
4/13/2022,t11,9400
4/13/2022,t11,9408
4/13/2022,t11,9163
4/14/2022,t12,249
4/14/2022,t12,326
4/14/2022,t12,333
4/14/2022,t12,389
4/14/2022,t12,613
4/14/2022,t12,640
4/14/2022,t12,650
4/14/2022,t12,662
4/14/2022,t12,675
4/14/2022,t12,682
4/14/2022,t12,713
4/14/2022,t12,718
4/14/2022,t12,735
4/14/2022,t12,807
4/14/2022,t12,888
4/14/2022,t12,935
4/14/2022,t12,1961
4/14/2022,t12,1972
4/14/2022,t12,1988
4/14/2022,t12,2025
4/14/2022,t12,2031
4/14/2022,t12,2976
4/14/2022,t12,3703
4/14/2022,t12,3721
4/14/2022,t12,4138
4/14/2022,t12,5590
4/14/2022,t12,5601
4/14/2022,t12,6150
4/14/2022,t12,6172
4/14/2022,t12,6208
4/14/2022,t12,6549
4/14/2022,t12,6574
4/14/2022,t12,6644
4/14/2022,t12,6905
4/14/2022,t12,6947
4/14/2022,t12,7624
4/14/2022,t12,7626
4/14/2022,t12,7639
4/14/2022,t12,7928
4/14/2022,t12,8046
4/14/2022,t12,8009
4/14/2022,t12,8046
4/14/2022,t12,9045
4/14/2022,t12,9111
4/14/2022,t12,9171
4/14/2022,t12,9180
4/14/2022,t12,9173
4/14/2022,t12,9506
4/14/2022,t12,9515
4/14/2022,t12,9561
4/14/2022,t12,9649
4/15/2022,t13,707
4/15/2022,t13,1126
4/15/2022,t13,1142
4/15/2022,t13,1347
4/15/2022,t13,1419
4/15/2022,t13,1814
4/15/2022,t13,2839
4/15/2022,t13,3151
4/15/2022,t13,3402
4/15/2022,t13,3415
4/15/2022,t13,3420
4/15/2022,t13,3441
4/15/2022,t13,3442
4/15/2022,t13,3554
4/15/2022,t13,4395
4/15/2022,t13,4494
4/15/2022,t13,4491
4/15/2022,t13,5359
4/15/2022,t13,5711
4/15/2022,t13,5714
4/15/2022,t13,6060
4/15/2022,t13,6119
4/15/2022,t13,6259
4/15/2022,t13,8079
4/15/2022,t13,7978
4/15/2022,t13,7975
4/15/2022,t13,8443
4/15/2022,t13,8455
4/15/2022,t13,8475
4/15/2022,t13,8670
4/15/2022,t13,8916
4/15/2022,t13,8922
4/15/2022,t13,9077
4/15/2022,t13,9084
4/15/2022,t13,9574
4/15/2022,t13,9757
4/15/2022,t13,9910
4/15/2022,t13,9936
4/15/2022,t13,9917
4/15/2022,t14,50
4/15/2022,t14,532
4/15/2022,t14,2949
4/15/2022,t14,3563
4/15/2022,t14,3666
4/15/2022,t14,4112
4/15/2022,t14,4183
4/15/2022,t14,4248
4/15/2022,t14,4602
4/15/2022,t14,4635
4/15/2022,t14,4657
4/15/2022,t14,4678
4/15/2022,t14,4683
4/15/2022,t14,4690
4/15/2022,t14,4717
4/15/2022,t14,4727
4/15/2022,t14,4760
4/15/2022,t14,4742
4/15/2022,t14,4776
4/15/2022,t14,4800
4/15/2022,t14,4897
4/15/2022,t14,4816
4/15/2022,t14,4935
4/15/2022,t14,5345
4/15/2022,t14,5388
4/15/2022,t14,5329
4/15/2022,t14,5414
4/15/2022,t14,7070
4/15/2022,t14,9942
4/18/2022,t15,949
4/18/2022,t15,2117
4/18/2022,t15,2702
4/18/2022,t15,2912
4/18/2022,t15,4056
4/18/2022,t15,9531
4/18/2022,t16,181
4/18/2022,t16,812
4/18/2022,t16,1045
4/18/2022,t16,1126
4/18/2022,t16,1168
4/18/2022,t16,1290
4/18/2022,t16,2568
4/18/2022,t16,2509
4/18/2022,t16,2564
4/18/2022,t16,2531
4/18/2022,t16,2628
4/18/2022,t16,3173
4/18/2022,t16,3284
4/18/2022,t16,3406
4/18/2022,t16,4022
4/18/2022,t16,4044
4/18/2022,t16,4105
4/18/2022,t16,4286
4/18/2022,t16,4472
4/18/2022,t16,4481
4/18/2022,t16,4550
4/18/2022,t16,5346
4/20/2022,t17,27
4/20/2022,t17,48
4/20/2022,t17,1801
4/20/2022,t17,1949
4/20/2022,t17,1951
4/20/2022,t17,1955
4/20/2022,t17,1962
4/20/2022,t17,1995
4/20/2022,t17,2666
4/20/2022,t17,3702
4/20/2022,t17,4474
4/20/2022,t17,4503
4/20/2022,t17,4574
4/20/2022,t17,4516
4/20/2022,t17,4685
4/20/2022,t17,5169
4/20/2022,t17,5747
4/20/2022,t17,5807
4/20/2022,t17,5825
4/20/2022,t17,6628
4/20/2022,t17,7547
4/20/2022,t17,7720
4/20/2022,t17,7677
4/20/2022,t17,7717
4/20/2022,t17,7793
4/20/2022,t17,8547
4/20/2022,t17,8545
4/20/2022,t17,8600
4/20/2022,t17,8639
4/20/2022,t17,8714
4/20/2022,t17,8720
4/20/2022,t17,9138
4/20/2022,t17,9214
4/20/2022,t17,9407
4/20/2022,t17,9413
4/20/2022,t17,9506
4/21/2022,t18,431
4/21/2022,t18,652
4/21/2022,t18,784
4/21/2022,t18,829
4/21/2022,t18,766
4/21/2022,t18,776
4/21/2022,t18,972
4/21/2022,t18,1176
4/21/2022,t18,1131
4/21/2022,t18,1395
4/21/2022,t18,1740
4/21/2022,t18,1905
4/21/2022,t18,1965
4/21/2022,t18,2441
4/21/2022,t18,3523
4/21/2022,t18,4866
4/21/2022,t18,5252
4/21/2022,t18,6290
4/21/2022,t18,6414
4/21/2022,t18,6421
4/21/2022,t18,6401
4/21/2022,t18,6353
4/21/2022,t18,6393
4/21/2022,t18,6460
4/21/2022,t18,6947
4/21/2022,t18,6972
4/21/2022,t18,7013
4/21/2022,t18,7027
4/21/2022,t18,7001
4/21/2022,t18,7237
4/21/2022,t18,7734
4/21/2022,t18,9069
4/21/2022,t18,8887
4/21/2022,t18,9354
4/21/2022,t19,1419
4/21/2022,t19,1436
4/21/2022,t19,1520
4/21/2022,t19,1638
4/21/2022,t19,1772
4/21/2022,t19,4509
4/21/2022,t19,4847
4/21/2022,t19,4847
4/21/2022,t19,4853
4/21/2022,t19,4862
4/21/2022,t19,5419
4/21/2022,t19,5557
4/21/2022,t19,6527
4/21/2022,t19,7977
4/21/2022,t19,8074
4/21/2022,t19,8099
4/22/2022,t20,382
4/22/2022,t20,386
4/22/2022,t20,400
4/22/2022,t20,1046
4/22/2022,t20,3501
4/22/2022,t20,3603
4/22/2022,t20,3613
4/22/2022,t20,3675
4/22/2022,t20,3676
4/22/2022,t20,9456
4/22/2022,t20,9480
4/22/2022,t20,9546
4/22/2022,t21,199
4/22/2022,t21,193
4/22/2022,t21,1247
4/22/2022,t21,1491
4/22/2022,t21,1593
4/22/2022,t21,1650
4/22/2022,t21,1822
4/22/2022,t21,1970
4/22/2022,t21,2086
4/22/2022,t21,2127
4/22/2022,t21,5403
4/22/2022,t21,7983
4/22/2022,t21,8348
4/22/2022,t21,9915
4/25/2022,t22,247
4/25/2022,t22,467
4/25/2022,t22,642
4/25/2022,t22,54
4/25/2022,t22,943
4/25/2022,t22,1540
4/25/2022,t22,1669
4/25/2022,t22,1701
4/25/2022,t22,1952
4/25/2022,t22,1755
4/25/2022,t22,1900
4/25/2022,t22,2413
4/25/2022,t22,2593
4/25/2022,t22,2626
4/25/2022,t22,2568
4/25/2022,t22,2594
4/25/2022,t22,2613
4/25/2022,t22,2663
4/25/2022,t22,2632
4/25/2022,t22,2687
4/25/2022,t22,2690
4/25/2022,t22,2689
4/25/2022,t22,2696
4/25/2022,t22,3124
4/25/2022,t22,4505
4/25/2022,t22,4667
4/25/2022,t22,5090
4/25/2022,t22,5096
4/25/2022,t22,5148
4/25/2022,t22,5182
4/25/2022,t22,5141
4/25/2022,t22,5180
4/25/2022,t22,5187
4/25/2022,t22,5275
4/25/2022,t22,6448
4/25/2022,t22,6503
4/25/2022,t22,6400
4/25/2022,t22,6599
4/25/2022,t22,6669
4/25/2022,t22,6693
4/25/2022,t22,6720
4/25/2022,t22,6840
4/25/2022,t22,6903
4/25/2022,t22,6877
4/25/2022,t22,6936
4/25/2022,t22,6951
4/25/2022,t22,7004
4/25/2022,t22,7093
4/25/2022,t22,8280
4/25/2022,t23,2826
4/25/2022,t23,2965
4/25/2022,t23,3076
4/25/2022,t23,3387
4/25/2022,t23,4000
4/25/2022,t23,4298
4/25/2022,t23,4342
4/25/2022,t23,5773
4/25/2022,t23,6642
4/25/2022,t23,6969
4/25/2022,t23,8630
4/26/2022,t24,213
4/26/2022,t24,344
4/26/2022,t24,334
4/26/2022,t24,546
4/26/2022,t24,908
4/26/2022,t24,1072
4/26/2022,t24,1084
4/26/2022,t24,1098
4/26/2022,t24,1134
4/26/2022,t24,1196
4/26/2022,t24,1203
4/26/2022,t24,1227
4/26/2022,t24,1276
4/26/2022,t24,1535
4/26/2022,t24,1674
4/26/2022,t24,1683
4/26/2022,t24,1728
4/26/2022,t24,1741
4/26/2022,t24,1725
4/26/2022,t24,2050
4/26/2022,t24,2002
4/26/2022,t24,2125
4/26/2022,t24,2477
4/26/2022,t24,3093
4/26/2022,t24,3451
4/26/2022,t24,3350
4/26/2022,t24,4095
4/26/2022,t24,4121
4/26/2022,t24,4294
4/26/2022,t24,4374
4/26/2022,t24,4596
4/26/2022,t24,4332
4/26/2022,t24,4446
4/26/2022,t24,4543
4/26/2022,t24,4843
4/26/2022,t24,4863
4/26/2022,t24,4797
4/26/2022,t24,4770
4/26/2022,t24,4329
4/26/2022,t24,5505
4/26/2022,t24,5687
4/26/2022,t24,5771
4/26/2022,t24,5788
4/26/2022,t24,7771
4/26/2022,t24,8113
4/26/2022,t24,8139
4/26/2022,t24,8476
4/26/2022,t24,8695
4/26/2022,t24,8807
4/26/2022,t24,8814
4/26/2022,t24,8823
4/27/2022,t25,1341
4/27/2022,t25,1251
4/27/2022,t25,1402
4/27/2022,t25,1689
4/27/2022,t25,1810
4/27/2022,t25,1904
4/27/2022,t25,2933
4/27/2022,t25,4189
4/27/2022,t25,4126
4/27/2022,t25,4386
4/27/2022,t25,4540
4/27/2022,t25,5241
4/27/2022,t25,5474
4/27/2022,t25,5457
4/27/2022,t25,5552
4/27/2022,t25,5581
4/27/2022,t25,5441
4/27/2022,t25,5777
4/27/2022,t25,5854
4/27/2022,t25,5833
4/27/2022,t25,6462
4/27/2022,t25,6565
4/27/2022,t25,6661
4/27/2022,t25,6715
4/27/2022,t25,6917
4/27/2022,t25,7005
4/27/2022,t25,7007
4/27/2022,t25,7072
4/27/2022,t25,7640
4/27/2022,t25,7704
4/27/2022,t25,7749
4/27/2022,t25,8372
4/27/2022,t25,8378
4/27/2022,t25,8383
4/27/2022,t25,8870
4/27/2022,t25,9751
4/27/2022,t25,9884
5/3/2022,t26,382
5/3/2022,t26,633
5/3/2022,t26,621
5/3/2022,t26,675
5/3/2022,t26,713
5/3/2022,t26,736
5/3/2022,t26,759
5/3/2022,t26,773
5/3/2022,t26,789
5/3/2022,t26,947
5/3/2022,t26,1018
5/3/2022,t26,1058
5/3/2022,t26,1113
5/3/2022,t26,1152
5/3/2022,t26,1229
5/3/2022,t26,1444
5/3/2022,t26,1641
5/3/2022,t26,2119
5/3/2022,t26,2237
5/3/2022,t26,2271
5/3/2022,t26,2330
5/3/2022,t26,3298
5/3/2022,t26,3953
5/3/2022,t26,4042
5/3/2022,t26,4015
5/3/2022,t26,4055
5/3/2022,t26,4125
5/3/2022,t26,4128
5/3/2022,t26,4155
5/3/2022,t26,4163
5/3/2022,t26,4174
5/3/2022,t26,4199
5/3/2022,t26,4208
5/3/2022,t26,5854
5/3/2022,t26,5880
5/3/2022,t26,7230
5/3/2022,t26,7268
5/3/2022,t26,7274
5/3/2022,t26,7516
5/3/2022,t26,7647
5/3/2022,t26,7888
5/3/2022,t27,604
5/3/2022,t27,1437
5/3/2022,t27,1454
5/3/2022,t27,1469
5/3/2022,t27,1762
5/3/2022,t27,1834
5/3/2022,t27,1996
5/3/2022,t27,1881
5/3/2022,t27,2033
5/3/2022,t27,2580
5/3/2022,t27,2655
5/3/2022,t27,2694
5/3/2022,t27,2745
5/3/2022,t27,3230
5/3/2022,t27,4909
5/3/2022,t27,6190
5/3/2022,t27,7050
5/3/2022,t27,7077
5/3/2022,t27,7437
5/3/2022,t27,7767
5/3/2022,t27,7812
5/3/2022,t27,7845
5/3/2022,t27,8770
5/3/2022,t27,8790
5/3/2022,t27,9493
5/3/2022,t27,9681
5/3/2022,t27,9724
5/3/2022,t27,9758
5/3/2022,t27,9789
5/4/2022,t28,1020
5/4/2022,t28,1030
5/4/2022,t28,1067
5/4/2022,t28,1163
5/4/2022,t28,1174
5/4/2022,t28,1214
5/4/2022,t28,1237
5/4/2022,t28,1252
5/4/2022,t28,1397
5/4/2022,t28,2299
5/4/2022,t28,2400
5/4/2022,t28,2458
5/4/2022,t28,2527
5/4/2022,t28,2674
5/4/2022,t28,2837
5/4/2022,t28,2849
5/4/2022,t28,2879
5/4/2022,t28,3028
5/4/2022,t28,3694
5/4/2022,t28,3740
5/4/2022,t28,3781
5/4/2022,t28,3987
5/4/2022,t28,4068
5/4/2022,t28,4109
5/4/2022,t28,4147
5/4/2022,t28,4135
5/4/2022,t28,4668
5/4/2022,t28,5386
5/4/2022,t28,5433
5/4/2022,t28,5506
5/4/2022,t28,5514
5/4/2022,t28,5525
5/4/2022,t28,5545
5/4/2022,t28,5560
5/4/2022,t28,5551
5/4/2022,t28,6727
5/4/2022,t28,6757
5/4/2022,t28,6766
5/4/2022,t28,6826
5/4/2022,t28,6942
5/4/2022,t28,7255
5/4/2022,t28,7259
5/4/2022,t28,7511
5/4/2022,t28,7685
5/4/2022,t28,7938
5/4/2022,t28,8389
5/4/2022,t28,8387
5/4/2022,t28,8527
5/4/2022,t28,8870
5/4/2022,t28,8902
5/4/2022,t28,8975
5/4/2022,t28,8992
5/4/2022,t28,8994
5/4/2022,t28,9014
5/4/2022,t28,9057
5/4/2022,t28,9067
5/4/2022,t28,9005
5/4/2022,t28,9242
5/4/2022,t28,9256
5/4/2022,t28,9297
5/4/2022,t28,9310
5/4/2022,t28,9303
5/4/2022,t28,9319
5/4/2022,t28,9361
5/4/2022,t28,9642
5/4/2022,t28,9646
5/4/2022,t28,9736
5/4/2022,t29,184
5/4/2022,t29,1197
5/4/2022,t29,1279
5/4/2022,t29,1343
5/4/2022,t29,1360
5/4/2022,t29,2693
5/4/2022,t29,2869
5/4/2022,t29,3330
5/4/2022,t29,3584
5/4/2022,t29,3763
5/4/2022,t29,3803
5/4/2022,t29,3799
5/4/2022,t29,3910
5/4/2022,t29,3961
5/4/2022,t29,5144
5/4/2022,t29,5359
5/4/2022,t29,5367
5/4/2022,t29,5657
5/4/2022,t29,5761
5/4/2022,t29,5807
5/4/2022,t29,5786
5/4/2022,t29,5841
5/4/2022,t29,5936
5/4/2022,t29,5920
5/4/2022,t29,5970
5/4/2022,t29,6010
5/4/2022,t29,5977
5/4/2022,t29,6224
5/4/2022,t29,6686
5/4/2022,t29,7249
5/4/2022,t29,7466
5/4/2022,t29,8381
5/4/2022,t29,8470
5/4/2022,t29,8537
5/4/2022,t29,9801
5/4/2022,t29,9805
5/4/2022,t29,9832
5/5/2022,t30,1672
5/5/2022,t30,1696
5/5/2022,t30,1713
5/5/2022,t30,3305
5/5/2022,t30,3441
5/5/2022,t30,4520
5/5/2022,t30,4527
5/5/2022,t30,4541
5/5/2022,t30,4558
5/5/2022,t30,4553
5/5/2022,t30,6052
5/5/2022,t30,6010
5/5/2022,t30,6029
5/5/2022,t30,6182
5/5/2022,t30,6168
5/5/2022,t30,6265
5/5/2022,t30,6650
5/5/2022,t30,6723
5/5/2022,t30,6992
5/5/2022,t30,7045
5/5/2022,t30,7250
5/5/2022,t30,7222
5/5/2022,t30,8291
5/5/2022,t30,8560
5/5/2022,t30,8555
5/5/2022,t30,8826
5/5/2022,t30,8923
5/5/2022,t30,9099
5/5/2022,t31,169
5/5/2022,t31,809
5/5/2022,t31,833
5/5/2022,t31,1042
5/5/2022,t31,1111
5/5/2022,t31,1115
5/5/2022,t31,1119
5/5/2022,t31,1162
5/5/2022,t31,1144
5/5/2022,t31,1509
5/5/2022,t31,1527
5/5/2022,t31,3266
5/5/2022,t31,3300
5/5/2022,t31,3322
5/5/2022,t31,3370
5/5/2022,t31,4104
5/5/2022,t31,4159
5/5/2022,t31,4202
5/5/2022,t31,4163
5/5/2022,t31,4217
5/5/2022,t31,4421
5/5/2022,t31,4683
5/5/2022,t31,4724
5/5/2022,t31,4740
5/5/2022,t31,4993
5/5/2022,t31,5175
5/5/2022,t31,5278
5/5/2022,t31,5419
5/5/2022,t31,6043
5/9/2022,t32,1236
5/9/2022,t32,3010
5/9/2022,t32,3026
5/9/2022,t32,3136
5/9/2022,t32,4844
5/9/2022,t32,4775
5/9/2022,t32,5268
5/9/2022,t32,6761
5/9/2022,t32,7225
5/9/2022,t32,7309
5/9/2022,t32,8186
5/9/2022,t32,8292
5/9/2022,t33,48
5/9/2022,t33,1508
5/9/2022,t33,2205
5/9/2022,t33,3708
5/9/2022,t33,3811
5/9/2022,t33,3925
5/9/2022,t33,5347
5/9/2022,t33,5353
5/9/2022,t33,5348
5/9/2022,t33,5386
5/9/2022,t33,5928
5/9/2022,t33,5997
5/9/2022,t33,5992
5/9/2022,t33,6000
5/9/2022,t33,6055
5/9/2022,t33,6286
5/9/2022,t33,6049
5/9/2022,t33,6171
5/9/2022,t33,6224
5/9/2022,t33,6317
5/9/2022,t33,6329
5/9/2022,t33,6330
5/9/2022,t33,6631
5/9/2022,t33,6789
5/9/2022,t33,6838
5/9/2022,t33,8510
5/9/2022,t33,8840
5/9/2022,t33,10000
5/10/2022,t34,1066
5/10/2022,t34,1749
5/10/2022,t34,2325
5/10/2022,t34,2369
5/10/2022,t34,2380
5/10/2022,t34,2844
5/10/2022,t34,2968
5/10/2022,t34,3071
5/10/2022,t34,3184
5/10/2022,t34,3459
5/10/2022,t34,3524
5/10/2022,t34,3562
5/10/2022,t34,3575
5/10/2022,t34,3670
5/10/2022,t34,3855
5/10/2022,t34,3931
5/10/2022,t34,4428
5/10/2022,t34,4359
5/10/2022,t34,4422
5/10/2022,t34,4441
5/10/2022,t34,4476
5/10/2022,t34,4509
5/10/2022,t34,4548
5/10/2022,t34,4553
5/10/2022,t34,4565
5/10/2022,t34,4958
5/10/2022,t34,7962
5/10/2022,t34,9722
5/10/2022,t34,9782
5/10/2022,t34,9791
5/10/2022,t34,9802
5/10/2022,t34,9806
5/10/2022,t34,9794
5/10/2022,t34,9851
5/10/2022,t34,9840
5/10/2022,t34,9879
5/10/2022,t34,9893
5/10/2022,t34,9917
5/10/2022,t35,410
5/10/2022,t35,438
5/10/2022,t35,447
5/10/2022,t35,870
5/10/2022,t35,1180
5/10/2022,t35,1185
5/10/2022,t35,1258
5/10/2022,t35,1882
5/10/2022,t35,2381
5/10/2022,t35,2455
5/10/2022,t35,2656
5/10/2022,t35,2772
5/10/2022,t35,2932
5/10/2022,t35,2930
5/10/2022,t35,2933
5/10/2022,t35,2940
5/10/2022,t35,2952
5/10/2022,t35,2993
5/10/2022,t35,3074
5/10/2022,t35,3122
5/10/2022,t35,3128
5/10/2022,t35,3138
5/10/2022,t35,3177
5/10/2022,t35,3110
5/10/2022,t35,3192
5/10/2022,t35,3304
5/10/2022,t35,4874
5/10/2022,t35,6519
5/10/2022,t35,6519
5/10/2022,t35,6568
5/10/2022,t35,6561
5/10/2022,t35,6633
5/10/2022,t35,6617
5/10/2022,t35,6686
5/10/2022,t35,6810
5/10/2022,t35,6935
5/10/2022,t35,6874
5/10/2022,t35,7107
5/10/2022,t35,7206
5/10/2022,t35,7266
5/10/2022,t35,7317
5/10/2022,t35,8472
5/10/2022,t35,8523
5/10/2022,t35,9994
5/11/2022,t36,458
5/11/2022,t36,505
5/11/2022,t36,503
5/11/2022,t36,1032
5/11/2022,t36,1156
5/11/2022,t36,1343
5/11/2022,t36,1474
5/11/2022,t36,1657
5/11/2022,t36,1698
5/11/2022,t36,1802
5/11/2022,t36,1802
5/11/2022,t36,1820
5/11/2022,t36,2362
5/11/2022,t36,2842
5/11/2022,t36,3870
5/11/2022,t36,4482
5/11/2022,t36,4568
5/11/2022,t36,4522
5/11/2022,t36,4664
5/11/2022,t36,4838
5/11/2022,t36,4909
5/11/2022,t36,4946
5/11/2022,t36,5731
5/11/2022,t36,6619
5/11/2022,t36,6673
5/11/2022,t36,6663
5/11/2022,t36,6715
5/11/2022,t36,8201
5/11/2022,t36,8673
5/11/2022,t36,8706
5/11/2022,t36,8753
5/11/2022,t37,70
5/11/2022,t37,444
5/11/2022,t37,496
5/11/2022,t37,489
5/11/2022,t37,615
5/11/2022,t37,706
5/11/2022,t37,978
5/11/2022,t37,1109
5/11/2022,t37,1132
5/11/2022,t37,1176
5/11/2022,t37,2376
5/11/2022,t37,2913
5/11/2022,t37,2977
5/11/2022,t37,3061
5/11/2022,t37,3084
5/11/2022,t37,2999
5/11/2022,t37,3072
5/11/2022,t37,3115
5/11/2022,t37,3135
5/11/2022,t37,3156
5/11/2022,t37,3159
5/11/2022,t37,3114
5/11/2022,t37,3191
5/11/2022,t37,3191
5/11/2022,t37,3173
5/11/2022,t37,3220
5/11/2022,t37,3442
5/11/2022,t37,3930
5/11/2022,t37,5534
5/11/2022,t37,5678
5/11/2022,t37,5726
5/11/2022,t37,5779
5/11/2022,t37,5804
5/11/2022,t37,6260
5/11/2022,t37,8249
5/11/2022,t37,8774
5/11/2022,t37,8983
5/11/2022,t37,9266
5/11/2022,t37,9327
5/11/2022,t37,9352
5/11/2022,t37,9558
5/11/2022,t37,7114
5/11/2022,t37,5985
5/11/2022,t37,5755
5/11/2022,t37,5700
5/11/2022,t37,5279
5/12/2022,t38,1779
5/12/2022,t38,1807
5/12/2022,t38,1878
5/12/2022,t38,1820
5/12/2022,t38,2094
5/12/2022,t38,3463
5/12/2022,t38,4069
5/12/2022,t38,4027
5/12/2022,t38,4292
5/12/2022,t38,4511
5/12/2022,t38,4580
5/12/2022,t38,5204
5/12/2022,t38,5244
5/12/2022,t38,5194
5/12/2022,t38,5293
5/12/2022,t38,5308
5/12/2022,t38,5348
5/12/2022,t38,5320
5/12/2022,t38,5417
5/12/2022,t38,5467
5/12/2022,t38,5468
5/12/2022,t38,5785
5/12/2022,t38,5766
5/12/2022,t38,5789
5/12/2022,t38,6215
5/12/2022,t38,6317
5/12/2022,t38,6373
5/12/2022,t38,6444
5/12/2022,t38,6636
5/12/2022,t38,6642
5/12/2022,t38,6693
5/12/2022,t38,6720
5/12/2022,t38,6734
5/12/2022,t38,6732
5/12/2022,t38,6729
5/12/2022,t38,6757
5/12/2022,t38,6750
5/12/2022,t38,6787
5/12/2022,t38,6816
5/12/2022,t38,6889
5/12/2022,t38,7024
5/12/2022,t38,7495
5/12/2022,t38,9081
5/12/2022,t38,9563
5/12/2022,t38,9754
5/12/2022,t39,20
5/12/2022,t39,390
5/12/2022,t39,483
5/12/2022,t39,486
5/12/2022,t39,1534
5/12/2022,t39,1593
5/12/2022,t39,1612
5/12/2022,t39,1706
5/12/2022,t39,1781
5/12/2022,t39,1796
5/12/2022,t39,1781
5/12/2022,t39,1796
5/12/2022,t39,2330
5/12/2022,t39,2453
5/12/2022,t39,2462
5/12/2022,t39,4626
5/12/2022,t39,4649
5/12/2022,t39,4674
5/12/2022,t39,4686
5/12/2022,t39,4735
5/12/2022,t39,4809
5/12/2022,t39,5494
5/12/2022,t39,5696
5/12/2022,t39,5706
5/12/2022,t39,5893
5/12/2022,t39,6034
5/12/2022,t39,6054
5/12/2022,t39,6281
5/12/2022,t39,6287
5/12/2022,t39,6294
5/12/2022,t39,6380
5/12/2022,t39,6411
5/12/2022,t39,6556
5/12/2022,t39,8046
5/12/2022,t39,8083
5/12/2022,t39,8135
5/12/2022,t39,8174
5/12/2022,t39,9551
5/12/2022,t39,9677
5/12/2022,t39,9864
5/12/2022,t39,9867
5/12/2022,t39,9923
5/12/2022,t39,9907
5/12/2022,t40,179
5/12/2022,t40,179
5/12/2022,t40,203
5/12/2022,t40,248
5/12/2022,t40,298
5/12/2022,t40,3710
5/12/2022,t40,3773
5/12/2022,t40,3795
5/12/2022,t40,3800
5/12/2022,t40,3794
5/12/2022,t40,3822
5/12/2022,t40,3824
5/12/2022,t40,3803
5/12/2022,t40,3826
5/12/2022,t40,3850
5/12/2022,t40,3905
5/12/2022,t40,3920
5/12/2022,t40,3938
5/12/2022,t40,3948
5/12/2022,t40,3930
5/12/2022,t40,3942
5/12/2022,t40,3970
5/12/2022,t40,4002
5/12/2022,t40,4017
5/12/2022,t40,4112
5/12/2022,t40,4526
5/12/2022,t40,5069
5/12/2022,t40,5291
5/12/2022,t40,6382
5/12/2022,t40,6879
5/12/2022,t40,6929
5/12/2022,t40,7921
5/12/2022,t40,8010
5/12/2022,t40,8367
5/12/2022,t40,8454
5/12/2022,t40,8705
5/12/2022,t40,8802
5/12/2022,t40,9201
5/12/2022,t40,9270
5/12/2022,t40,9340
5/12/2022,t40,9353
5/12/2022,t40,9384
5/12/2022,t40,9519
5/12/2022,t40,9684
5/12/2022,t40,9776
5/12/2022,t40,9816
5/13/2022,t41,466
5/13/2022,t41,568
5/13/2022,t41,614
5/13/2022,t41,615
5/13/2022,t41,1806
5/13/2022,t41,2381
5/13/2022,t41,2677
5/13/2022,t41,2838
5/13/2022,t41,2937
5/13/2022,t41,2916
5/13/2022,t41,2930
5/13/2022,t41,2995
5/13/2022,t41,3397
5/13/2022,t41,3440
5/13/2022,t41,3543
5/13/2022,t41,4077
5/13/2022,t41,4926
5/13/2022,t41,4977
5/13/2022,t41,5692
5/13/2022,t41,5832
5/13/2022,t41,5835
5/13/2022,t41,6809
5/13/2022,t41,8907
5/13/2022,t41,9377
5/13/2022,t41,9382
5/13/2022,t41,9582
5/16/2022,t42,11
5/16/2022,t42,1016
5/16/2022,t42,1087
5/16/2022,t42,1159
5/16/2022,t42,1221
5/16/2022,t42,1217
5/16/2022,t42,1262
5/16/2022,t42,1283
5/16/2022,t42,1312
5/16/2022,t42,1294
5/16/2022,t42,1742
5/16/2022,t42,1830
5/16/2022,t42,2045
5/16/2022,t42,2114
5/16/2022,t42,2131
5/16/2022,t42,5100
5/16/2022,t42,5142
5/16/2022,t42,5221
5/16/2022,t42,5239
5/16/2022,t42,5259
5/16/2022,t42,5283
5/16/2022,t42,5384
5/16/2022,t42,5328
5/16/2022,t42,5548
5/16/2022,t42,5707
5/16/2022,t42,5741
5/16/2022,t42,6248
5/16/2022,t42,6322
5/16/2022,t42,6555
5/16/2022,t42,6555
5/16/2022,t42,8968
5/16/2022,t42,9037
5/16/2022,t42,9115
5/16/2022,t42,9130
5/16/2022,t42,9136
5/16/2022,t42,9288
5/16/2022,t42,9330
5/16/2022,t42,9347
5/16/2022,t42,9402
5/16/2022,t42,9482
5/16/2022,t42,9493
5/16/2022,t42,9965
5/16/2022,t43,82
5/16/2022,t43,204
5/16/2022,t43,252
5/16/2022,t43,317
5/16/2022,t43,318
5/16/2022,t43,366
5/16/2022,t43,548
5/16/2022,t43,1021
5/16/2022,t43,1054
5/16/2022,t43,1061
5/16/2022,t43,1065
5/16/2022,t43,1105
5/16/2022,t43,1142
5/16/2022,t43,1166
5/16/2022,t43,1238
5/16/2022,t43,1332
5/16/2022,t43,1609
5/16/2022,t43,1974
5/16/2022,t43,1978
5/16/2022,t43,2001
5/16/2022,t43,2023
5/16/2022,t43,2082
5/16/2022,t43,2060
5/16/2022,t43,2122
5/16/2022,t43,2090
5/16/2022,t43,2166
5/16/2022,t43,2200
5/16/2022,t43,2300
5/16/2022,t43,2986
5/16/2022,t43,3016
5/16/2022,t43,3026
5/16/2022,t43,3138
5/16/2022,t43,3459
5/16/2022,t43,3463
5/16/2022,t43,3501
5/16/2022,t43,3534
5/16/2022,t43,3577
5/16/2022,t43,3590
5/16/2022,t43,3992
5/16/2022,t43,3986
5/16/2022,t43,4493
5/16/2022,t43,4622
5/16/2022,t43,4620
5/16/2022,t43,5517
5/16/2022,t43,5514
5/16/2022,t43,5573
5/16/2022,t43,6237
5/16/2022,t43,6695
5/16/2022,t43,7027
5/16/2022,t43,7294
5/16/2022,t43,7250
5/16/2022,t43,9260
5/16/2022,t43,9297
5/16/2022,t43,9377
5/16/2022,t43,9465
5/16/2022,t43,9761
5/16/2022,t44,695
5/16/2022,t44,782
5/16/2022,t44,821
5/16/2022,t44,1150
5/16/2022,t44,1180
5/16/2022,t44,1198
5/16/2022,t44,1197
5/16/2022,t44,1252
5/16/2022,t44,2207
5/16/2022,t44,2172
5/16/2022,t44,2265
5/16/2022,t44,2352
5/16/2022,t44,2419
5/16/2022,t44,4118
5/16/2022,t44,4187
5/16/2022,t44,4373
5/16/2022,t44,4559
5/16/2022,t44,4631
5/16/2022,t44,4626
5/16/2022,t44,5998
5/16/2022,t44,6327
5/16/2022,t44,6310
5/16/2022,t44,7332
5/16/2022,t44,7358
5/16/2022,t44,7641
5/16/2022,t44,7768
5/16/2022,t44,7697
5/17/2022,t45,867
5/17/2022,t45,1044
5/17/2022,t45,1232
5/17/2022,t45,1641
5/17/2022,t45,1902
5/17/2022,t45,2059
5/17/2022,t45,2086
5/17/2022,t45,2313
5/17/2022,t45,2385
5/17/2022,t45,2509
5/17/2022,t45,3782
5/17/2022,t45,3944
5/17/2022,t45,3977
5/17/2022,t45,4370
5/17/2022,t45,5540
5/17/2022,t45,5593
5/17/2022,t45,5796
5/17/2022,t45,5931
5/17/2022,t45,6015
5/17/2022,t45,6511
5/17/2022,t45,6819
5/17/2022,t45,7343
5/17/2022,t45,7394
5/17/2022,t45,7402
5/17/2022,t45,7434
5/17/2022,t45,7433
5/17/2022,t45,7623
5/17/2022,t45,8509
5/17/2022,t45,8550
5/17/2022,t46,551
5/17/2022,t46,764
5/17/2022,t46,1023
5/17/2022,t46,1189
5/17/2022,t46,1395
5/17/2022,t46,1664
5/17/2022,t46,1708
5/17/2022,t46,1629
5/17/2022,t46,1704
5/17/2022,t46,2112
5/17/2022,t46,2203
5/17/2022,t46,2400
5/17/2022,t46,2501
5/17/2022,t46,2543
5/17/2022,t46,2555
5/17/2022,t46,2593
5/17/2022,t46,2608
5/17/2022,t46,2908
5/17/2022,t46,4215
5/17/2022,t46,4305
5/17/2022,t46,4332
5/17/2022,t46,4347
5/17/2022,t46,4310
5/17/2022,t46,4327
5/17/2022,t46,4378
5/17/2022,t46,4413
5/17/2022,t46,5516
5/17/2022,t46,5426
5/17/2022,t46,5596
5/17/2022,t46,6423
5/17/2022,t46,6440
5/17/2022,t46,6448
5/17/2022,t46,6445
5/17/2022,t46,6483
5/17/2022,t46,6475
5/17/2022,t46,6489
5/17/2022,t46,6499
5/17/2022,t46,6541
5/17/2022,t46,6602
5/17/2022,t46,6608
5/17/2022,t46,6636
5/17/2022,t46,7443
5/17/2022,t46,8177
5/17/2022,t46,8482
5/17/2022,t46,8545
5/17/2022,t46,8562
5/17/2022,t46,9071
5/17/2022,t46,9209
5/17/2022,t46,9307
5/17/2022,t46,9330
5/17/2022,t47,659
5/17/2022,t47,699
5/17/2022,t47,769
5/17/2022,t47,7415
5/17/2022,t47,7444
5/17/2022,t47,7419
5/17/2022,t47,7449
5/17/2022,t47,7450
5/17/2022,t47,7474
5/17/2022,t47,7475
5/17/2022,t47,8670
5/17/2022,t47,8783
5/17/2022,t47,8783
5/17/2022,t47,8927
5/17/2022,t47,9495
5/17/2022,t47,4710
5/17/2022,t47,2060
5/17/2022,t47,2029
5/17/2022,t47,2005
5/17/2022,t47,1971
5/17/2022,t47,1959
5/17/2022,t47,1135
5/17/2022,t47,911
5/17/2022,t47,824
5/17/2022,t47,820
5/17/2022,t47,800
5/17/2022,t47,2035
5/18/2022,t48,334
5/18/2022,t48,331
5/18/2022,t48,795
5/18/2022,t48,838
5/18/2022,t48,940
5/18/2022,t48,823
5/18/2022,t48,834
5/18/2022,t48,805
5/18/2022,t48,837
5/18/2022,t48,848
5/18/2022,t48,851
5/18/2022,t48,857
5/18/2022,t48,868
5/18/2022,t48,885
5/18/2022,t48,1055
5/18/2022,t48,1162
5/18/2022,t48,1415
5/18/2022,t48,1476
5/18/2022,t48,1737
5/18/2022,t48,2440
5/18/2022,t48,2384
5/18/2022,t48,2467
5/18/2022,t48,2600
5/18/2022,t48,2683
5/18/2022,t48,2791
5/18/2022,t48,2809
5/18/2022,t48,2810
5/18/2022,t48,2823
5/18/2022,t48,3580
5/18/2022,t48,3607
5/18/2022,t48,4828
5/18/2022,t48,7108
5/18/2022,t48,7167
5/18/2022,t48,7143
5/18/2022,t48,7188
5/18/2022,t48,7192
5/18/2022,t48,7570
5/18/2022,t48,7772
5/18/2022,t48,7785
5/18/2022,t48,7853
5/18/2022,t48,8803
5/18/2022,t48,8868
5/18/2022,t48,8951
5/18/2022,t48,9733
5/18/2022,t48,9734
5/18/2022,t48,9839
5/18/2022,t48,9869
5/18/2022,t48,9916
5/18/2022,t49,54
5/18/2022,t49,100
5/18/2022,t49,289
5/18/2022,t49,291
5/18/2022,t49,334
5/18/2022,t49,339
5/18/2022,t49,349
5/18/2022,t49,468
5/18/2022,t49,552
5/18/2022,t49,594
5/18/2022,t49,703
5/18/2022,t49,737
5/18/2022,t49,1671
5/18/2022,t49,1751
5/18/2022,t49,1850
5/18/2022,t49,2596
5/18/2022,t49,5577
5/18/2022,t49,5905
5/18/2022,t49,6242
5/18/2022,t49,6655
5/18/2022,t49,6675
5/18/2022,t49,7125
5/18/2022,t49,7164
5/18/2022,t49,7286
5/18/2022,t49,8109
5/18/2022,t49,9524
5/18/2022,t49,9996
5/18/2022,t49,9989
5/18/2022,t49,9993
5/18/2022,t50,72
5/18/2022,t50,170
5/18/2022,t50,291
5/18/2022,t50,294
5/18/2022,t50,405
5/18/2022,t50,539
5/18/2022,t50,3654
5/18/2022,t50,3683
5/18/2022,t50,4188
5/18/2022,t50,4490
5/18/2022,t50,4464
5/18/2022,t50,4716
5/18/2022,t50,4728
5/18/2022,t50,4837
5/18/2022,t50,4895
5/18/2022,t50,5134
5/18/2022,t50,5484
5/18/2022,t50,6118
5/18/2022,t50,7349
5/18/2022,t50,7364
5/18/2022,t50,7417
5/18/2022,t50,7433
5/18/2022,t50,7440
5/18/2022,t50,7970
5/18/2022,t50,8285
5/18/2022,t50,8325
5/18/2022,t50,8490
5/18/2022,t50,8664
5/19/2022,t51,79
5/19/2022,t51,308
5/19/2022,t51,504
5/19/2022,t51,557
5/19/2022,t51,660
5/19/2022,t51,718
5/19/2022,t51,784
5/19/2022,t51,1662
5/19/2022,t51,1752
5/19/2022,t51,1793
5/19/2022,t51,1856
5/19/2022,t51,1894
5/19/2022,t51,1914
5/19/2022,t51,1928
5/19/2022,t51,1952
5/19/2022,t51,2152
5/19/2022,t51,3919
5/19/2022,t51,5093
5/19/2022,t51,5100
5/19/2022,t51,5139
5/19/2022,t51,5145
5/19/2022,t51,5172
5/19/2022,t51,5179
5/19/2022,t51,5192
5/19/2022,t51,5258
5/19/2022,t51,5299
5/19/2022,t51,5324
5/19/2022,t51,5318
5/19/2022,t51,5297
5/19/2022,t51,5302
5/19/2022,t51,5310
5/19/2022,t51,5350
5/19/2022,t51,5353
5/19/2022,t51,5375
5/19/2022,t51,5357
5/19/2022,t51,5393
5/19/2022,t51,5428
5/19/2022,t51,5453
5/19/2022,t51,5803
5/19/2022,t51,5822
5/19/2022,t51,5820
5/19/2022,t51,6226
5/19/2022,t51,6353
5/19/2022,t51,6360
5/19/2022,t51,6420
5/19/2022,t51,7804
5/19/2022,t51,8042
5/19/2022,t51,8080
5/19/2022,t51,8205
5/19/2022,t51,8258
5/19/2022,t51,8570
5/19/2022,t51,8579
5/19/2022,t51,9121
5/19/2022,t51,9182
5/19/2022,t51,9263
5/19/2022,t51,9282
5/19/2022,t51,9350
5/19/2022,t52,2107
5/19/2022,t52,2168
5/19/2022,t52,2243
5/19/2022,t52,2296
5/19/2022,t52,2302
5/19/2022,t52,2343
5/19/2022,t52,2354
5/19/2022,t52,2328
5/19/2022,t52,2371
5/19/2022,t52,6002
5/19/2022,t52,6161
5/19/2022,t52,6149
5/19/2022,t52,6152
5/19/2022,t52,6178
5/19/2022,t52,6621
5/19/2022,t52,6798
5/19/2022,t52,6818
5/19/2022,t52,6832
5/19/2022,t52,6875
5/19/2022,t52,6775
5/19/2022,t52,6883
5/19/2022,t52,6909
5/19/2022,t52,6982
5/19/2022,t52,6991
5/19/2022,t52,7423
5/19/2022,t52,7464
5/19/2022,t52,7937
5/19/2022,t52,7977
5/19/2022,t52,8006
5/19/2022,t52,8021
5/19/2022,t52,8026
5/19/2022,t52,8047
5/19/2022,t52,8050
5/19/2022,t52,8093
5/19/2022,t52,8124
5/19/2022,t52,8134
5/19/2022,t52,8160
5/19/2022,t52,8163
5/19/2022,t52,8146
5/19/2022,t52,8159
5/19/2022,t52,8224
5/24/2022,t53,486
5/24/2022,t53,490
5/24/2022,t53,510
5/24/2022,t53,522
5/24/2022,t53,525
5/24/2022,t53,3613
5/24/2022,t53,3754
5/24/2022,t53,8001
5/24/2022,t53,8028
5/24/2022,t53,8052
5/24/2022,t53,8130
5/24/2022,t53,8195
5/24/2022,t53,8787
5/24/2022,t53,8898
5/24/2022,t53,9841
5/24/2022,t53,9791
5/24/2022,t53,9788
5/24/2022,t53,9777
5/24/2022,t53,9763
5/24/2022,t53,9750
5/24/2022,t53,9721
5/24/2022,t53,9706
5/24/2022,t53,8817
5/24/2022,t53,8810
5/24/2022,t53,8449
5/24/2022,t53,7659
5/24/2022,t53,7437
5/24/2022,t53,7411
5/24/2022,t53,7194
5/24/2022,t53,7067
5/24/2022,t53,4320
5/24/2022,t53,4291
5/24/2022,t53,3982
5/24/2022,t53,3960
5/24/2022,t53,3340
5/24/2022,t53,2981
5/24/2022,t53,2964
5/24/2022,t53,1072
5/24/2022,t54,736
5/24/2022,t54,1062
5/24/2022,t54,1109
5/24/2022,t54,1225
5/24/2022,t54,1263
5/24/2022,t54,1252
5/24/2022,t54,1276
5/24/2022,t54,1572
5/24/2022,t54,1638
5/24/2022,t54,1740
5/24/2022,t54,1745
5/24/2022,t54,1909
5/24/2022,t54,2370
5/24/2022,t54,2953
5/24/2022,t54,3056
5/24/2022,t54,3097
5/24/2022,t54,3876
5/24/2022,t54,3928
5/24/2022,t54,4132
5/24/2022,t54,4792
5/24/2022,t54,4802
5/24/2022,t54,4859
5/24/2022,t54,4907
5/24/2022,t54,4867
5/24/2022,t54,4911
5/24/2022,t54,4982
5/24/2022,t54,5540
5/24/2022,t54,5565
5/24/2022,t54,5604
5/24/2022,t54,5622
5/24/2022,t54,5655
5/24/2022,t54,5675
5/24/2022,t54,5672
5/24/2022,t54,5662
5/24/2022,t54,5681
5/24/2022,t54,5685
5/24/2022,t54,5708
5/24/2022,t54,5722
5/24/2022,t54,5735
5/24/2022,t54,5990
5/24/2022,t54,6015
5/24/2022,t54,6058
5/24/2022,t54,6395
5/24/2022,t54,6448
5/24/2022,t54,6509
5/24/2022,t54,6786
5/24/2022,t54,6839
5/24/2022,t54,6874
5/24/2022,t54,6881
5/24/2022,t54,6871
5/24/2022,t54,6911
5/24/2022,t54,8261
5/24/2022,t54,8727
5/24/2022,t54,8893
5/25/2022,t55,387
5/25/2022,t55,1006
5/25/2022,t55,1686
5/25/2022,t55,2166
5/25/2022,t55,2505
5/25/2022,t55,2610
5/25/2022,t55,2612
5/25/2022,t55,3211
5/25/2022,t55,3253
5/25/2022,t55,3257
5/25/2022,t55,3261
5/25/2022,t55,3278
5/25/2022,t55,3199
5/25/2022,t55,3364
5/25/2022,t55,3367
5/25/2022,t55,3345
5/25/2022,t55,3770
5/25/2022,t55,4056
5/25/2022,t55,4061
5/25/2022,t55,3998
5/25/2022,t55,4095
5/25/2022,t55,4104
5/25/2022,t55,5627
5/25/2022,t55,5667
5/25/2022,t55,5729
5/25/2022,t55,6015
5/25/2022,t55,6005
5/25/2022,t55,6051
5/25/2022,t55,6283
5/25/2022,t55,6493
5/25/2022,t55,7016
5/25/2022,t55,7090
5/25/2022,t56,200
5/25/2022,t56,322
5/25/2022,t56,485
5/25/2022,t56,567
5/25/2022,t56,659
5/25/2022,t56,702
5/25/2022,t56,729
5/25/2022,t56,742
5/25/2022,t56,769
5/25/2022,t56,805
5/25/2022,t56,1250
5/25/2022,t56,1350
5/25/2022,t56,1486
5/25/2022,t56,1486
5/25/2022,t56,2354
5/25/2022,t56,2552
5/25/2022,t56,2652
5/25/2022,t56,2663
5/25/2022,t56,2684
5/25/2022,t56,2871
5/25/2022,t56,2945
5/25/2022,t56,3001
5/25/2022,t56,3229
5/25/2022,t56,3652
5/25/2022,t56,4363
5/25/2022,t56,4393
5/25/2022,t56,4310
5/25/2022,t56,4423
5/25/2022,t56,4405
5/25/2022,t56,4426
5/25/2022,t56,4432
5/25/2022,t56,4434
5/25/2022,t56,4544
5/25/2022,t56,4549
5/25/2022,t56,5632
5/25/2022,t56,5778
5/25/2022,t56,5713
5/25/2022,t56,5781
5/25/2022,t56,5736
5/25/2022,t56,5904
5/25/2022,t56,5755
5/25/2022,t56,5838
5/25/2022,t56,5850
5/25/2022,t56,6126
5/25/2022,t56,6404
5/25/2022,t56,8223
5/25/2022,t56,8380
5/25/2022,t56,8476
5/25/2022,t56,8583
5/25/2022,t56,8939
5/25/2022,t56,9292
5/25/2022,t56,9295
5/25/2022,t56,9308
5/25/2022,t56,9341
5/25/2022,t56,9360
5/25/2022,t56,9363
5/25/2022,t56,9446
5/25/2022,t56,9500
5/25/2022,t56,9608
5/25/2022,t56,9686
5/25/2022,t56,9703
5/25/2022,t56,9786
5/25/2022,t57,281
5/25/2022,t57,422
5/25/2022,t57,1033
5/25/2022,t57,1033
5/25/2022,t57,1034
5/25/2022,t57,1118
5/25/2022,t57,1150
5/25/2022,t57,1189
5/25/2022,t57,1208
5/25/2022,t57,1220
5/25/2022,t57,1239
5/25/2022,t57,1250
5/25/2022,t57,1270
5/25/2022,t57,1287
5/25/2022,t57,4458
5/25/2022,t57,4485
5/25/2022,t57,4499
5/25/2022,t57,4719
5/25/2022,t57,5126
5/25/2022,t57,5180
5/25/2022,t57,6960
5/25/2022,t57,7980
5/25/2022,t57,7368
5/25/2022,t57,7486
5/25/2022,t57,7610
5/30/2022,t58,1233
5/30/2022,t58,1357
5/30/2022,t58,1442
5/30/2022,t58,1448
5/30/2022,t58,1625
5/30/2022,t58,2025
5/30/2022,t58,3037
5/30/2022,t58,3776
5/30/2022,t58,4315
5/30/2022,t58,4304
5/30/2022,t58,4732
5/30/2022,t58,4761
5/30/2022,t58,7424
5/30/2022,t58,7551
5/30/2022,t58,7581
5/30/2022,t58,7679
5/30/2022,t58,7682
5/30/2022,t58,8976
5/30/2022,t58,8977
5/30/2022,t58,9018
5/30/2022,t58,9032
5/30/2022,t58,9053
5/30/2022,t58,9131
5/30/2022,t58,9973
5/30/2022,t59,33
5/30/2022,t59,39
5/30/2022,t59,50
5/30/2022,t59,108
5/30/2022,t59,660
5/30/2022,t59,679
5/30/2022,t59,711
5/30/2022,t59,1585
5/30/2022,t59,1588
5/30/2022,t59,1714
5/30/2022,t59,1716
5/30/2022,t59,1723
5/30/2022,t59,1721
5/30/2022,t59,1753
5/30/2022,t59,1818
5/30/2022,t59,1823
5/30/2022,t59,1832
5/30/2022,t59,1835
5/30/2022,t59,1834
5/30/2022,t59,1853
5/30/2022,t59,2447
5/30/2022,t59,3010
5/30/2022,t59,3077
5/30/2022,t59,3670
5/30/2022,t59,6131
5/30/2022,t59,7024
5/30/2022,t59,6999
5/30/2022,t59,7093
5/30/2022,t59,7560
5/30/2022,t59,7659
5/30/2022,t59,8773
5/30/2022,t59,8905
5/30/2022,t59,9062
5/30/2022,t59,9165
5/30/2022,t59,9327
5/30/2022,t59,9393
5/30/2022,t59,9409
5/30/2022,t60,284
5/30/2022,t60,343
5/30/2022,t60,434
5/30/2022,t60,442
5/30/2022,t60,565
5/30/2022,t60,461
5/30/2022,t60,562
5/30/2022,t60,584
5/30/2022,t60,577
5/30/2022,t60,632
5/30/2022,t60,690
5/30/2022,t60,702
5/30/2022,t60,1006
5/30/2022,t60,1041
5/30/2022,t60,1190
5/30/2022,t60,1257
5/30/2022,t60,1370
5/30/2022,t60,1922
5/30/2022,t60,1931
5/30/2022,t60,2003
5/30/2022,t60,2181
5/30/2022,t60,2196
5/30/2022,t60,2260
5/30/2022,t60,2276
5/30/2022,t60,2339
5/30/2022,t60,2359
5/30/2022,t60,2413
5/30/2022,t60,2444
5/30/2022,t60,2450
5/30/2022,t60,2470
5/30/2022,t60,2491
5/30/2022,t60,2656
5/30/2022,t60,2684
5/30/2022,t60,2805
5/30/2022,t60,2810
5/30/2022,t60,2848
5/30/2022,t60,2855
5/30/2022,t60,2867
5/30/2022,t60,2871
5/30/2022,t60,2832
5/30/2022,t60,2923
5/30/2022,t60,2922
5/30/2022,t60,2989
5/30/2022,t60,2989
5/30/2022,t60,3031
5/30/2022,t60,3227
5/30/2022,t60,3798
5/30/2022,t60,3843
5/30/2022,t60,3891
5/30/2022,t60,3866
5/30/2022,t60,4161
5/30/2022,t60,4821
5/30/2022,t60,4792
5/30/2022,t60,5320
5/30/2022,t60,5483
5/30/2022,t60,5483
5/30/2022,t60,5526
5/30/2022,t60,5512
5/30/2022,t60,7708
5/30/2022,t60,7716
5/30/2022,t60,7726
5/30/2022,t60,7765
5/30/2022,t60,7810
5/30/2022,t60,7869
5/30/2022,t60,9186
5/30/2022,t60,9191
5/30/2022,t60,9277
5/30/2022,t60,9261
5/30/2022,t60,9294
5/30/2022,t60,9345
5/30/2022,t60,9306
5/30/2022,t60,9374
5/30/2022,t60,9496
5/30/2022,t60,9540
5/30/2022,t60,9988
5/31/2022,t61,516
5/31/2022,t61,504
5/31/2022,t61,590
5/31/2022,t61,605
5/31/2022,t61,635
5/31/2022,t61,665
5/31/2022,t61,675
5/31/2022,t61,739
5/31/2022,t61,843
5/31/2022,t61,876
5/31/2022,t61,1270
5/31/2022,t61,1163
5/31/2022,t61,1518
5/31/2022,t61,1524
5/31/2022,t61,1604
5/31/2022,t61,1705
5/31/2022,t61,1782
5/31/2022,t61,1779
5/31/2022,t61,1818
5/31/2022,t61,2107
5/31/2022,t61,2546
5/31/2022,t61,2685
5/31/2022,t61,2944
5/31/2022,t61,2970
5/31/2022,t61,3003
5/31/2022,t61,3150
5/31/2022,t61,3215
5/31/2022,t61,3274
5/31/2022,t61,3379
5/31/2022,t61,3467
5/31/2022,t61,7229
5/31/2022,t61,7236
5/31/2022,t61,7252
5/31/2022,t61,7234
5/31/2022,t61,7248
5/31/2022,t61,7807
5/31/2022,t61,7882
5/31/2022,t61,8009
5/31/2022,t61,8032
5/31/2022,t61,8253
5/31/2022,t61,8201
5/31/2022,t61,8625
5/31/2022,t61,8992
5/31/2022,t61,9030
5/31/2022,t61,9804
5/31/2022,t61,9751
5/31/2022,t61,9765
5/31/2022,t62,29
5/31/2022,t62,399
5/31/2022,t62,356
5/31/2022,t62,832
5/31/2022,t62,945
5/31/2022,t62,1112
5/31/2022,t62,1975
5/31/2022,t62,2025
5/31/2022,t62,2012
5/31/2022,t62,2395
5/31/2022,t62,2422
5/31/2022,t62,2663
5/31/2022,t62,2775
5/31/2022,t62,2677
5/31/2022,t62,2661
5/31/2022,t62,2669
5/31/2022,t62,3170
5/31/2022,t62,5461
5/31/2022,t62,5648
5/31/2022,t62,6042
5/31/2022,t62,6141
5/31/2022,t62,6557
5/31/2022,t62,6545
5/31/2022,t62,6583
5/31/2022,t62,6691
5/31/2022,t62,8378
5/31/2022,t62,9793
5/31/2022,t62,9810
6/1/2022,t63,167
6/1/2022,t63,198
6/1/2022,t63,2353
6/1/2022,t63,2548
6/1/2022,t63,3032
6/1/2022,t63,3092
6/1/2022,t63,3203
6/1/2022,t63,3922
6/1/2022,t63,4564
6/1/2022,t63,4576
6/1/2022,t63,4651
6/1/2022,t63,4663
6/1/2022,t63,4714
6/1/2022,t63,4953
6/1/2022,t63,5018
6/1/2022,t63,5365
6/1/2022,t63,6565
6/1/2022,t63,6571
6/1/2022,t63,6606
6/1/2022,t63,6618
6/1/2022,t63,6624
6/1/2022,t63,6652
6/1/2022,t63,6685
6/1/2022,t63,6700
6/1/2022,t63,6738
6/1/2022,t63,6758
6/1/2022,t63,6766
6/1/2022,t63,6787
6/1/2022,t63,9182
6/1/2022,t63,9226
6/1/2022,t64,251
6/1/2022,t64,289
6/1/2022,t64,333
6/1/2022,t64,398
6/1/2022,t64,694
6/1/2022,t64,817
6/1/2022,t64,854
6/1/2022,t64,880
6/1/2022,t64,971
6/1/2022,t64,1053
6/1/2022,t64,1541
6/1/2022,t64,1610
6/1/2022,t64,2558
6/1/2022,t64,2537
6/1/2022,t64,3445
6/1/2022,t64,3498
6/1/2022,t64,3591
6/1/2022,t64,5222
6/1/2022,t64,5220
6/1/2022,t64,5265
6/1/2022,t64,5387
6/1/2022,t64,5424
6/1/2022,t64,6020
6/1/2022,t64,6756
6/1/2022,t64,6992
6/1/2022,t64,7100
6/1/2022,t64,7096
6/1/2022,t64,7106
6/1/2022,t64,7157
6/1/2022,t64,7186
6/1/2022,t64,7188
6/1/2022,t64,7216
6/1/2022,t64,7222
6/1/2022,t64,7448
6/1/2022,t64,7452
6/1/2022,t64,7542
6/1/2022,t64,8751
6/1/2022,t64,8997
6/1/2022,t64,9017
6/1/2022,t64,9040
6/1/2022,t64,9058
6/1/2022,t64,9065
6/1/2022,t64,9084
6/1/2022,t64,9093
6/1/2022,t64,9151
6/1/2022,t64,9166
6/1/2022,t64,9220
6/1/2022,t64,9225
6/1/2022,t64,9195
6/1/2022,t64,9215
6/1/2022,t64,9289
6/1/2022,t64,9867
6/1/2022,t64,9909
6/2/2022,t65,692
6/2/2022,t65,709
6/2/2022,t65,1087
6/2/2022,t65,1295
6/2/2022,t65,1619
6/2/2022,t65,3054
6/2/2022,t65,3117
6/2/2022,t65,3152
6/2/2022,t65,3159
6/2/2022,t65,3610
6/2/2022,t65,3543
6/2/2022,t65,3877
6/2/2022,t65,4138
6/2/2022,t65,4158
6/2/2022,t65,4167
6/2/2022,t65,4268
6/2/2022,t65,4280
6/2/2022,t65,5094
6/2/2022,t65,5702
6/2/2022,t65,6973
6/2/2022,t65,7574
6/2/2022,t65,7582
6/2/2022,t65,7577
6/2/2022,t65,7646
6/2/2022,t65,7653
6/2/2022,t65,7711
6/2/2022,t65,8031
6/2/2022,t65,8997
6/2/2022,t65,9087
6/2/2022,t65,9079
6/2/2022,t65,9097
6/2/2022,t65,9060
6/2/2022,t65,9095
6/2/2022,t65,9176
6/2/2022,t65,9139
6/2/2022,t65,9168
6/2/2022,t65,9444
6/2/2022,t65,9448
6/2/2022,t65,9451
6/2/2022,t65,9499
6/2/2022,t66,151
6/2/2022,t66,485
6/2/2022,t66,678
6/2/2022,t66,768
6/2/2022,t66,872
6/2/2022,t66,1663
6/2/2022,t66,1654
6/2/2022,t66,1675
6/2/2022,t66,1788
6/2/2022,t66,1788
6/2/2022,t66,1954
6/2/2022,t66,1993
6/2/2022,t66,2520
6/2/2022,t66,2779
6/2/2022,t66,2818
6/2/2022,t66,2813
6/2/2022,t66,3179
6/2/2022,t66,3453
6/2/2022,t66,3711
6/2/2022,t66,3990
6/2/2022,t66,3997
6/2/2022,t66,4065
6/2/2022,t66,4635
6/2/2022,t66,4652
6/2/2022,t66,4665
6/2/2022,t66,5497
6/2/2022,t66,5528
6/2/2022,t66,5580
6/2/2022,t66,5582
6/2/2022,t66,5686
6/2/2022,t66,5743
6/2/2022,t66,5779
6/2/2022,t66,5867
6/2/2022,t66,6134
6/2/2022,t66,6147
6/2/2022,t66,6198
6/2/2022,t66,6231
6/2/2022,t66,6588
6/2/2022,t66,7473
6/2/2022,t66,7514
6/2/2022,t66,7714
6/2/2022,t66,8004
6/2/2022,t66,8064
6/2/2022,t66,8350
6/2/2022,t66,8716
6/2/2022,t66,8837
6/2/2022,t66,8848
6/2/2022,t66,9004
6/2/2022,t66,9594
6/2/2022,t66,9694
6/2/2022,t66,9908
6/2/2022,t66,9873
6/2/2022,t66,9880
6/2/2022,t66,9922
6/6/2022,t67,36
6/6/2022,t67,160
6/6/2022,t67,183
6/6/2022,t67,182
6/6/2022,t67,190
6/6/2022,t67,180
6/6/2022,t67,739
6/6/2022,t67,781
6/6/2022,t67,809
6/6/2022,t67,1259
6/6/2022,t67,1326
6/6/2022,t67,1348
6/6/2022,t67,1371
6/6/2022,t67,2742
6/6/2022,t67,2753
6/6/2022,t67,2763
6/6/2022,t67,2760
6/6/2022,t67,2825
6/6/2022,t67,4163
6/6/2022,t67,4187
6/6/2022,t67,4305
6/6/2022,t67,4303
6/6/2022,t67,4312
6/6/2022,t67,4337
6/6/2022,t67,5747
6/6/2022,t67,5920
6/6/2022,t67,5826
6/6/2022,t67,5894
6/6/2022,t67,5921
6/6/2022,t67,5946
6/6/2022,t67,5980
6/6/2022,t67,6010
6/6/2022,t67,6014
6/6/2022,t67,6022
6/6/2022,t67,6074
6/6/2022,t67,6205
6/6/2022,t67,7045
6/6/2022,t67,7124
6/6/2022,t67,7126
6/6/2022,t67,8459
6/6/2022,t67,8579
6/6/2022,t67,8597
6/6/2022,t67,8826
6/6/2022,t67,9978
6/6/2022,t68,840
6/6/2022,t68,876
6/6/2022,t68,899
6/6/2022,t68,870
6/6/2022,t68,880
6/6/2022,t68,900
6/6/2022,t68,934
6/6/2022,t68,2313
6/6/2022,t68,2304
6/6/2022,t68,2720
6/6/2022,t68,2753
6/6/2022,t68,3688
6/6/2022,t68,4406
6/6/2022,t68,4429
6/6/2022,t68,4460
6/6/2022,t68,4423
6/6/2022,t68,4469
6/6/2022,t68,4698
6/6/2022,t68,4722
6/6/2022,t68,4748
6/6/2022,t68,7047
6/6/2022,t68,7010
6/6/2022,t68,8147
6/6/2022,t68,8213
6/6/2022,t69,5369
6/6/2022,t69,5418
6/6/2022,t69,5425
6/6/2022,t69,5535
6/6/2022,t69,5547
6/6/2022,t69,5549
6/6/2022,t69,5563
6/6/2022,t69,5571
6/6/2022,t69,5579
6/6/2022,t69,5622
6/6/2022,t69,5623
6/6/2022,t69,5613
6/6/2022,t69,5623
6/6/2022,t69,5625
6/6/2022,t69,5646
6/6/2022,t69,5643
6/6/2022,t69,5655
6/6/2022,t69,5680
6/6/2022,t69,5692
6/6/2022,t69,5772
6/6/2022,t69,5993
6/6/2022,t69,6296
6/6/2022,t69,6568
6/6/2022,t69,6602
6/6/2022,t69,6641
6/6/2022,t69,6667
6/6/2022,t69,6755
6/6/2022,t69,6958
6/6/2022,t69,7011
6/6/2022,t69,7050
6/6/2022,t69,7006
6/6/2022,t69,7074
6/6/2022,t69,7113
6/6/2022,t69,7128
6/6/2022,t69,7197
6/6/2022,t69,7234
6/6/2022,t69,7450
6/6/2022,t69,7436
6/6/2022,t69,7755
6/6/2022,t69,7885
6/6/2022,t69,8243
6/6/2022,t69,8294
6/6/2022,t69,8486
6/6/2022,t69,8553
6/7/2022,t70,968
6/7/2022,t70,1015
6/7/2022,t70,1049
6/7/2022,t70,982
6/7/2022,t70,1026
6/7/2022,t70,1039
6/7/2022,t70,1076
6/7/2022,t70,1161
6/7/2022,t70,1111
6/7/2022,t70,1346
6/7/2022,t70,1330
6/7/2022,t70,1370
6/7/2022,t70,2576
6/7/2022,t70,7303
6/7/2022,t70,7294
6/7/2022,t70,7334
6/7/2022,t70,9937
6/7/2022,t71,46
6/7/2022,t71,2974
6/7/2022,t71,3035
6/7/2022,t71,3020
6/7/2022,t71,3837
6/7/2022,t71,3964
6/7/2022,t71,4045
6/7/2022,t71,4089
6/7/2022,t71,4238
6/7/2022,t71,4619
6/7/2022,t71,4781
6/7/2022,t71,4792
6/7/2022,t71,4747
6/7/2022,t71,5510
7/25/2022,t72,1067
7/25/2022,t72,3994
7/25/2022,t72,7314
7/25/2022,t72,7365
7/25/2022,t72,6232
7/25/2022,t72,6097
7/25/2022,t72,5635
7/25/2022,t72,5627
7/25/2022,t72,5600
7/25/2022,t72,1081
4/5/2023,t28,1031
4/5/2023,t28,1022
4/5/2023,t28,1020
4/5/2023,t28,1031
4/5/2023,t28,1090
4/5/2023,t28,2235
4/5/2023,t28,2529
4/5/2023,t28,2840
4/5/2023,t28,3790
4/5/2023,t28,4070
4/5/2023,t28,3695
4/5/2023,t28,4114
4/5/2023,t28,3751
4/5/2023,t28,4602
4/5/2023,t28,4682
4/5/2023,t28,4512
4/5/2023,t28,5531
4/5/2023,t28,5643
4/5/2023,t28,6744
4/5/2023,t28,6762
4/5/2023,t28,7201
4/5/2023,t28,6846
4/5/2023,t28,8914
4/5/2023,t28,8913
4/5/2023,t28,8975
4/5/2023,t28,9258
4/5/2023,t28,9071
4/5/2023,t28,9330
4/5/2023,t28,9676
4/5/2023,t28,9332
4/5/2023,t28,9373
4/5/2023,t66,561
4/5/2023,t66,671
4/5/2023,t66,765
4/5/2023,t66,1664
4/5/2023,t66,1741
4/5/2023,t66,1930
4/5/2023,t66,1782
4/5/2023,t66,2472
4/5/2023,t66,2802
4/5/2023,t66,3471
4/5/2023,t66,3428
4/5/2023,t66,4044
4/5/2023,t66,3487
4/5/2023,t66,4694
4/5/2023,t66,4696
4/5/2023,t66,5740
4/5/2023,t66,5780
4/5/2023,t66,5881
4/5/2023,t66,6728
4/5/2023,t66,7730
4/5/2023,t66,8770
4/5/2023,t66,6135
4/5/2023,t66,6205
4/5/2023,t66,9712
4/5/2023,t66,9715
4/5/2023,t66,8707
4/5/2023,t66,8733
4/5/2023,t66,8859
4/5/2023,t66,8802
4/5/2023,t66,9020
4/5/2023,t66,9730
4/5/2023,t26,611
4/5/2023,t26,653
4/5/2023,t26,701
4/5/2023,t26,890
4/5/2023,t26,751
4/5/2023,t26,752
4/5/2023,t26,1041
4/5/2023,t26,2100
4/5/2023,t26,2513
4/5/2023,t26,2223
4/5/2023,t26,4121
4/5/2023,t26,4073
4/5/2023,t26,3988
4/5/2023,t26,4084
4/5/2023,t26,4193
4/5/2023,t26,7496
4/5/2023,t26,7632
4/5/2023,t26,7409
4/5/2023,t26,7423
4/5/2023,t26,9901
4/5/2023,t26,8206
4/5/2023,t26,8200
4/6/2023,t27,603
4/6/2023,t27,1412
4/6/2023,t27,1404
4/6/2023,t27,1432
4/6/2023,t27,1405
4/6/2023,t27,1457
4/6/2023,t27,1767
4/6/2023,t27,1766
4/6/2023,t27,2051
4/6/2023,t27,1953
4/6/2023,t27,2130
4/6/2023,t27,2573
4/6/2023,t27,2574
4/6/2023,t27,4922
4/6/2023,t27,7220
4/6/2023,t27,6921
4/6/2023,t27,7457
4/6/2023,t27,7062
4/6/2023,t27,7069
4/6/2023,t27,7110
4/6/2023,t27,7391
4/6/2023,t27,9473
4/6/2023,t27,7761
4/6/2023,t27,7780
4/6/2023,t27,7805
4/6/2023,t27,7851
4/6/2023,t27,7908
4/6/2023,t27,9702
4/6/2023,t27,9749
4/6/2023,t27,9764
4/6/2023,t65,1080
4/6/2023,t65,3153
4/6/2023,t65,3144
4/6/2023,t65,3180
4/6/2023,t65,3187
4/6/2023,t65,4080
4/6/2023,t65,4190
4/6/2023,t65,4165
4/6/2023,t65,5120
4/6/2023,t65,5731
4/6/2023,t65,5800
4/6/2023,t65,6871
4/6/2023,t65,6888
4/6/2023,t65,7000
4/6/2023,t65,7601
4/6/2023,t65,7580
4/6/2023,t65,7702
4/6/2023,t65,7690
4/6/2023,t65,8051
4/6/2023,t65,9151
4/6/2023,t65,9141
4/6/2023,t65,9033
4/6/2023,t65,9073
4/6/2023,t65,9099
4/6/2023,t65,9192
4/6/2023,t65,9352
4/6/2023,t65,9128
4/6/2023,t65,9123
4/6/2023,t65,9141
4/6/2023,t65,9204
4/6/2023,t25,693
4/6/2023,t25,750
4/6/2023,t25,920
4/6/2023,t25,1350
4/6/2023,t25,1320
4/6/2023,t25,1680
4/6/2023,t25,1684
4/6/2023,t25,1360
4/6/2023,t25,1723
4/6/2023,t25,1781
4/6/2023,t25,1732
4/6/2023,t25,1430
4/6/2023,t25,1820
4/6/2023,t25,1834
4/6/2023,t25,2950
4/6/2023,t25,3665
4/6/2023,t25,4620
4/6/2023,t25,4807
4/6/2023,t25,5390
4/6/2023,t25,5370
4/6/2023,t25,5469
4/6/2023,t25,5566
4/6/2023,t25,7011
4/6/2023,t25,7031
4/6/2023,t25,7100
4/6/2023,t25,7719
4/6/2023,t25,7880
4/6/2023,t25,8388
4/6/2023,t25,8870
4/6/2023,t25,9900
4/6/2023,t7,162
4/6/2023,t7,290
4/6/2023,t7,310
4/6/2023,t7,305
4/6/2023,t7,350
4/6/2023,t7,377
4/6/2023,t7,2391
4/6/2023,t7,2520
4/6/2023,t7,3100
4/6/2023,t7,3200
4/6/2023,t7,4320
4/6/2023,t7,3685
4/6/2023,t7,3672
4/6/2023,t7,3715
4/6/2023,t7,3670
4/6/2023,t7,5220
4/6/2023,t7,3672
4/6/2023,t7,6360
4/6/2023,t7,3901
4/6/2023,t7,6530
4/6/2023,t7,6552
4/6/2023,t7,6661
4/6/2023,t7,4346
4/6/2023,t7,6735
4/6/2023,t7,4850
4/6/2023,t7,5630
4/6/2023,t7,6480
4/6/2023,t7,6483
4/6/2023,t7,6460
4/6/2023,t7,6560
4/6/2023,t7,6545
4/6/2023,t7,6590
4/6/2023,t7,6645
4/6/2023,t7,6637
4/6/2023,t7,6649
4/6/2023,t6,168
4/6/2023,t6,411
4/6/2023,t6,502
4/6/2023,t6,729
4/6/2023,t6,1950
4/6/2023,t6,2030
4/6/2023,t6,2150
4/6/2023,t6,3100
4/6/2023,t6,3341
4/6/2023,t6,3125
4/6/2023,t6,3180
4/6/2023,t6,3892
4/6/2023,t6,3255
4/6/2023,t6,3254
4/6/2023,t6,4222
4/6/2023,t6,3320
4/6/2023,t6,3335
4/6/2023,t6,4145
4/6/2023,t6,4215
4/6/2023,t6,6790
4/6/2023,t6,8905
4/6/2023,t6,9014
4/6/2023,t6,8690
4/6/2023,t6,8940
4/6/2023,t6,9397
4/6/2023,t6,9398
4/6/2023,t6,9421
4/6/2023,t6,9509
4/6/2023,t6,9388
4/6/2023,t6,9680
4/10/2023,t5,250
4/10/2023,t5,1301
4/10/2023,t5,1313
4/10/2023,t5,2060
4/10/2023,t5,2127
4/10/2023,t5,2870
4/10/2023,t5,2910
4/10/2023,t5,3472
4/10/2023,t5,3418
4/10/2023,t5,4020
4/10/2023,t5,4019
4/10/2023,t5,4031
4/10/2023,t5,4590
4/10/2023,t5,4082
4/10/2023,t5,4190
4/10/2023,t5,4589
4/10/2023,t5,4706
4/10/2023,t5,4701
4/10/2023,t5,5090
4/10/2023,t5,5585
4/10/2023,t5,6060
4/10/2023,t5,6057
4/10/2023,t5,6193
4/10/2023,t5,6167
4/10/2023,t5,6907
4/10/2023,t5,8960
4/10/2023,t5,8993
4/10/2023,t24,220
4/10/2023,t24,260
4/10/2023,t24,352
4/10/2023,t24,340
4/10/2023,t24,550
4/10/2023,t24,545
4/10/2023,t24,1135
4/10/2023,t24,1205
4/10/2023,t24,1204
4/10/2023,t24,1520
4/10/2023,t24,1790
4/10/2023,t24,1626
4/10/2023,t24,1983
4/10/2023,t24,2240
4/10/2023,t24,2497
4/10/2023,t24,2648
4/10/2023,t24,2780
4/10/2023,t24,2917
4/10/2023,t24,3077
4/10/2023,t24,3302
4/10/2023,t24,3599
4/10/2023,t24,3750
4/10/2023,t24,3783
4/10/2023,t24,3802
4/10/2023,t24,3860
4/10/2023,t24,3870
4/10/2023,t24,4298
4/10/2023,t24,4461
4/10/2023,t24,4160
4/10/2023,t24,4510
4/10/2023,t24,4450
4/10/2023,t24,4721
4/10/2023,t24,4812
4/10/2023,t24,4840
4/10/2023,t24,5302
4/10/2023,t24,5422
4/10/2023,t24,5498
4/10/2023,t24,5419
4/10/2023,t24,5476
4/10/2023,t24,5841
4/10/2023,t24,5564
4/10/2023,t24,5578
4/10/2023,t24,5632
4/10/2023,t24,5646
4/10/2023,t24,5736
4/10/2023,t24,5850
4/10/2023,t24,8095
4/10/2023,t24,8172
4/10/2023,t24,8213
4/10/2023,t24,7848
4/10/2023,t24,8549
4/10/2023,t24,7833
4/10/2023,t24,8783
4/20/2023,t11,210
4/20/2023,t11,145
4/20/2023,t11,396
4/20/2023,t11,1339
4/20/2023,t11,1056
4/20/2023,t11,1393
4/20/2023,t11,1430
4/20/2023,t11,1480
4/20/2023,t11,2412
4/20/2023,t11,2430
4/20/2023,t11,2521
4/20/2023,t11,2598
4/20/2023,t11,6470
4/20/2023,t11,7403
4/20/2023,t11,7450
4/20/2023,t11,9409
4/20/2023,t11,8793
4/20/2023,t11,8915
4/20/2023,t11,8916
4/20/2023,t11,9186
6/6/2023,t93,3489
6/6/2023,t93,3540
6/6/2023,t93,8468
6/6/2023,t93,9061
6/6/2023,t93,9317
6/6/2023,t93,9979
6/6/2023,t93,9974
6/6/2023,t93,7913
6/7/2023,t94,4850
6/8/2023,t97,1955
6/8/2023,t97,2061
6/8/2023,t97,4888
6/8/2023,t97,5537
6/13/2023,t95,7730
6/13/2023,t95,9667
6/13/2023,t95,8875
6/13/2023,t95,7207
6/13/2023,t95,7184
6/13/2023,t95,7007
6/14/2023,t96,
6/15/2023,t98,76
6/15/2023,t98,4560
6/15/2023,t98,8788
6/15/2023,t98,8855
6/20/2023,t99,4762
6/20/2023,t99,4778
6/20/2023,t99,6449
6/20/2023,t99,9037
6/20/2023,t99,7443
6/20/2023,t99,7208
6/20/2023,t99,7180
6/20/2023,t99,7172
6/20/2023,t99,7168
6/20/2023,t99,7120
6/20/2023,t99,385
4/11/2023,t73,
4/11/2023,t74,
4/11/2023,t72,
4/11/2023,t75,
4/11/2023,t76,
4/12/2023,t77,
4/12/2023,t78,
4/12/2023,t79,
4/12/2023,t16,
4/12/2023,t80,
4/13/2023,t15,
4/13/2023,t81,4450
4/13/2023,t81,4580
4/13/2023,t81,4596
4/13/2023,t81,4624
4/13/2023,t82,
4/13/2023,t83,
4/13/2023,t84,
4/20/2023,t29,1301
4/20/2023,t29,2735
4/20/2023,t29,3208
4/20/2023,t29,3570
4/20/2023,t29,3334
4/20/2023,t29,5361
4/20/2023,t29,5665
4/20/2023,t29,5771
4/20/2023,t29,5930
4/20/2023,t29,5862
4/20/2023,t29,5986
4/20/2023,t29,6070
4/20/2023,t29,6292
4/20/2023,t29,6801
4/20/2023,t29,7245
4/20/2023,t29,7432
4/20/2023,t29,8101
4/20/2023,t29,8306
4/20/2023,t29,8674
4/20/2023,t29,8470
4/20/2023,t29,9812
4/20/2023,t29,9880
4/20/2023,t12,321
4/20/2023,t12,322
4/20/2023,t12,270
4/20/2023,t12,394
4/20/2023,t12,352
4/20/2023,t12,557
4/20/2023,t12,652
4/20/2023,t12,692
4/20/2023,t12,693
4/20/2023,t12,642
4/20/2023,t12,780
4/20/2023,t12,894
4/20/2023,t12,1982
4/20/2023,t12,1981
4/20/2023,t12,2916
4/20/2023,t12,2994
4/20/2023,t12,6231
4/20/2023,t12,6583
4/20/2023,t12,6531
4/20/2023,t12,6557
4/20/2023,t12,6563
4/20/2023,t12,6914
4/20/2023,t12,6902
4/20/2023,t12,6918
4/20/2023,t12,6951
4/20/2023,t12,8051
4/20/2023,t12,9121
4/20/2023,t12,9191
4/20/2023,t12,9512
4/20/2023,t12,9682
4/20/2023,t30,1704
4/20/2023,t30,1761
4/20/2023,t30,1799
4/20/2023,t30,4558
4/20/2023,t30,4559
4/20/2023,t30,6480
4/20/2023,t30,6730
4/20/2023,t30,6280
4/20/2023,t30,7046
4/20/2023,t30,7202
4/20/2023,t30,8751
4/20/2023,t30,8752
4/20/2023,t30,9092
4/20/2023,t30,8889
4/21/2023,t31,193
4/21/2023,t31,782
4/21/2023,t31,824
4/21/2023,t31,1170
4/21/2023,t31,1327
4/21/2023,t31,1127
4/21/2023,t31,1111
4/21/2023,t31,1493
4/21/2023,t31,1510
4/21/2023,t31,1504
4/21/2023,t31,1546
4/21/2023,t31,1850
4/21/2023,t31,3352
4/21/2023,t31,3330
4/21/2023,t31,4117
4/21/2023,t31,4160
4/21/2023,t31,4207
4/21/2023,t31,4218
4/21/2023,t31,4222
4/21/2023,t31,4282
4/21/2023,t31,4732
4/21/2023,t31,9704
4/21/2023,t31,5279
4/21/2023,t31,6035
4/21/2023,t31,6000
4/21/2023,t85,5942
4/21/2023,t85,6110
4/21/2023,t85,6107
4/21/2023,t85,6055
4/21/2023,t85,7968
4/21/2023,t85,9099
4/21/2022,t86,1711
4/21/2023,t87,260
4/21/2023,t87,270
4/21/2023,t87,1443
4/21/2023,t87,2650
4/21/2023,t87,2804
4/21/2023,t87,9412
4/21/2023,t88,2928
4/21/2023,t88,4770
4/21/2023,t88,4792
4/21/2023,t88,6473
4/21/2023,t88,9423
4/21/2023,t88,9428
4/22/2023,t89,159
4/22/2023,t89,3402
4/22/2023,t89,5180
4/22/2023,t89,5758
4/22/2023,t90,1685
4/22/2023,t90,1770
4/22/2023,t90,1785
4/22/2023,t90,1793
4/22/2023,t90,2447
4/22/2023,t90,2462
4/22/2023,t90,2485
4/22/2023,t90,1820
4/22/2023,t90,2486
4/22/2023,t90,6823
4/22/2023,t90,6839
4/22/2023,t90,6838
4/22/2023,t91,1910
4/22/2023,t91,2110
4/22/2023,t91,2112
4/22/2023,t91,2118
4/22/2023,t91,4664
4/22/2023,t91,7735
4/22/2023,t91,8341
4/22/2023,t91,8350
4/22/2023,t91,8392
4/22/2023,t91,8401
4/22/2023,t91,8409
4/22/2023,t91,8421
4/22/2023,t91,8440
4/22/2023,t91,8439
4/22/2023,t92,451
4/22/2023,t92,565
4/22/2023,t92,566
4/22/2023,t92,611
4/22/2023,t92,1721
4/22/2023,t92,2723
4/22/2023,t92,2810
4/22/2023,t92,2870
4/22/2023,t92,3382
4/22/2023,t92,7658
4/22/2023,t92,7672
4/22/2023,t92,9261
4/22/2023,t92,9239
