date,transect,spp,start_canopy_cm,stop_canopy_cm
3/31/2022,t1,LATR2,31,139
3/31/2022,t1,AMDU2,179,196
3/31/2022,t1,EPNE,337,341
3/31/2022,t1,AMDU2,621,654
3/31/2022,t1,AMDU2,825,844
3/31/2022,t1,AMDU2,1114,1120
3/31/2022,t1,AMDU2,1166,1184
3/31/2022,t1,AMDU2,1319,1323
3/31/2022,t1,KRER,1373,1377
3/31/2022,t1,LATR2,1590,1649
3/31/2022,t1,LATR2,2567,2625
3/31/2022,t1,LYAN,2591,2648
3/31/2022,t1,AMDU2,2675,2689
3/31/2022,t1,LYAN,3106,3161
3/31/2022,t1,LATR2,3418,3444
3/31/2022,t1,AMDU2,3431,3446
3/31/2022,t1,LYAN,3910,3960
3/31/2022,t1,LATR2,4421,4454
3/31/2022,t1,LATR2,4559,4586
3/31/2022,t1,AMDU2,4769,4819
3/31/2022,t1,LYAN,5470,5515
3/31/2022,t1,AMDU2,5911,5929
3/31/2022,t1,LATR2,5956,6010
3/31/2022,t1,LATR2,6033,6070
3/31/2022,t1,AMDU2,6189,6234
3/31/2022,t1,LATR2,6321,6365
4/4/2022,t2,AMDU2,40,46
4/4/2022,t2,AMDU2,379,382
4/4/2022,t2,AMDU2,520,523
4/4/2022,t2,YUSC2,541,574
4/4/2022,t2,YUSC2,584,602
4/4/2022,t2,ACSH,594,601
4/4/2022,t2,AMDU2,632,639
4/4/2022,t2,EPNE,1568,1604
4/4/2022,t2,EPNE,1659,1663
4/4/2022,t2,AMDU2,1699,1706
4/4/2022,t2,LATR2,1787,1794
4/4/2022,t2,LATR2,1802,1821
4/4/2022,t2,KRER,1944,1990
4/4/2022,t2,LATR2,2367,2466
4/4/2022,t2,AMDU2,3275,3280
4/4/2022,t2,LATR2,3282,3294
4/4/2022,t2,AMDU2,4833,4837
4/4/2022,t2,AMDU2,4856,4860
4/4/2022,t2,AMDU2,5333,5349
4/4/2022,t2,KRER,5350,5395
4/4/2022,t2,LATR2,5970,5976
4/4/2022,t2,LATR2,5997,6001
4/4/2022,t2,LATR2,7749,7777
4/4/2022,t2,AMDU2,8547,8571
4/4/2022,t2,AMDU2,8613,8635
4/4/2022,t2,LATR2,8764,8860
4/4/2022,t2,LATR2,9090,9110
4/5/2022,t3,AMDU2,51,61
4/5/2022,t3,AMDU2,67,77
4/5/2022,t3,LATR2,342,346
4/5/2022,t3,AMDU2,621,641
4/5/2022,t3,AMDU2,1122,1126
4/5/2022,t3,LATR2,3470,3479
4/5/2022,t3,LATR2,3496,3499
4/5/2022,t3,LATR2,3526,3586
4/5/2022,t3,LATR2,3609,3612
4/5/2022,t3,LATR2,3625,3643
4/5/2022,t3,EPNE,4168,4175
4/5/2022,t3,LATR2,4190,4196
4/5/2022,t3,LATR2,4201,4311
4/5/2022,t3,AMDU2,4464,4472
4/5/2022,t3,AMDU2,4481,4491
4/5/2022,t3,AMDU2,5410,5421
4/5/2022,t3,LATR2,5523,5656
4/5/2022,t3,LATR2,5661,5672
4/5/2022,t3,EPNE,6028,6041
4/5/2022,t3,ACSH,6600,6641
4/5/2022,t3,AMDU2,7895,7921
4/5/2022,t3,EPNE,8875,8905
4/5/2022,t3,EPNE,8939,8952
4/5/2022,t3,LATR2,9741,9745
4/5/2022,t3,LATR2,9765,9799
4/5/2022,t3,LYAN,9795,9865
4/5/2022,t4,LATR2,369,398
4/5/2022,t4,ACSH,903,911
4/5/2022,t4,LATR2,3471,3474
4/5/2022,t4,LATR2,3501,3514
4/5/2022,t4,KRER,4184,4195
4/5/2022,t4,KRER,4210,4219
4/5/2022,t4,AMDU2,4218,4223
4/5/2022,t4,LATR2,4238,4297
4/5/2022,t4,AMDU2,4383,4407
4/5/2022,t4,AMDU2,4426,4430
4/5/2022,t4,KRER,4696,4706
4/5/2022,t4,ACSH,5779,5796
4/5/2022,t4,AMDU2,6230,6248
4/5/2022,t4,ACSH,6422,6431
4/5/2022,t4,ACSH,6623,6643
4/5/2022,t4,ACSH,6646,6654
4/5/2022,t4,LATR2,7261,7264
4/5/2022,t4,AMDU2,7390,7398
4/5/2022,t4,ACSH,7806,7825
4/5/2022,t4,LATR2,8190,8201
4/5/2022,t4,LATR2,8229,8305
4/5/2022,t4,LATR2,8795,8819
4/5/2022,t4,AMDU2,9803,9809
4/5/2022,t4,KRER,9839,9855
4/5/2022,t4,KRER,9958,9977
4/6/2022,t6,EPNE,394,399
4/6/2022,t6,LATR2,406,411
4/6/2022,t6,LATR2,1213,1240
4/6/2022,t6,ACSH,1821,1829
4/6/2022,t6,YUSC2,2089,2205
4/6/2022,t6,LATR2,3161,3189
4/6/2022,t6,LATR2,3205,3230
4/6/2022,t6,LATR2,3255,3264
4/6/2022,t6,AMDU2,3705,3721
4/6/2022,t6,AMDU2,3978,3991
4/6/2022,t6,EPNE,4129,4166
4/6/2022,t6,LATR2,4163,4269
4/6/2022,t6,LATR2,4274,4282
4/6/2022,t6,KRER,6875,6900
4/6/2022,t6,AMDU2,7700,7706
4/6/2022,t6,LYAN,7861,7899
4/6/2022,t6,LATR2,8790,8799
4/6/2022,t6,LATR2,9328,9334
4/6/2022,t6,LATR2,9365,9376
4/6/2022,t6,LATR2,9416,9421
4/7/2022,t7,LATR2,279,282
4/7/2022,t7,LATR2,288,299
4/7/2022,t7,LATR2,349,362
4/7/2022,t7,LATR2,387,419
4/7/2022,t7,EPNE,396,412
4/7/2022,t7,EPNE,435,530
4/7/2022,t7,LATR2,2919,3132
4/7/2022,t7,LATR2,3808,3821
4/7/2022,t7,KRER,3890,3955
4/7/2022,t7,KRER,4347,4354
4/7/2022,t7,CYEC3,4693,4701
4/7/2022,t7,LATR2,5948,5972
4/7/2022,t7,LATR2,6566,6572
4/7/2022,t7,KRER,6830,6890
4/7/2022,t7,AMDU2,7083,7136
4/7/2022,t7,KRER,7934,7952
4/7/2022,t7,AMDU2,7966,8042
4/11/2022,t8,LYAN,4220,4227
4/11/2022,t8,AMDU2,4555,4580
4/11/2022,t8,AMDU2,4808,4840
4/11/2022,t8,EPNE,4857,4884
4/11/2022,t8,LATR2,5396,5402
4/11/2022,t8,LATR2,5407,5414
4/11/2022,t8,XYTO2,5710,5718
4/11/2022,t8,AMDU2,5917,5920
4/11/2022,t8,KRER,5938,5959
4/11/2022,t8,EPNE,6006,6009
4/11/2022,t8,LATR2,6076,6089
4/11/2022,t8,LATR2,6138,6146
4/11/2022,t8,AMDU2,6832,6891
4/11/2022,t9,AMDU2,82,120
4/11/2022,t9,KRER,200,220
4/11/2022,t9,AMDU2,618,628
4/11/2022,t9,AMDU2,769,810
4/11/2022,t9,AMDU2,984,1042
4/11/2022,t9,LATR2,3921,3932
4/11/2022,t9,LATR2,3949,3955
4/11/2022,t9,LYAN,8404,8451
4/11/2022,t9,LATR2,9384,9398
4/11/2022,t9,AMDU2,9579,9600
4/12/2022,t10,KRER,1192,1212
4/12/2022,t10,AMDU2,4569,4577
4/12/2022,t10,YUSC2,6063,6157
4/12/2022,t10,LYAN,7352,7460
4/12/2022,t10,AMDU2,7889,7902
4/12/2022,t10,KRER,8075,8086
4/12/2022,t10,LYAN,8700,8708
4/12/2022,t10,AMDU2,8752,8770
4/12/2022,t10,LATR2,9847,9854
4/12/2022,t10,LATR2,9860,9864
4/13/2022,t11,AMDU2,1202,1215
4/13/2022,t11,LATR2,1576,1582
4/13/2022,t11,LATR2,1833,1839
4/13/2022,t11,LATR2,1857,1865
4/13/2022,t11,LATR2,1944,1959
4/13/2022,t11,LATR2,1973,1980
4/13/2022,t11,LATR2,2502,2511
4/13/2022,t11,LATR2,2519,2550
4/13/2022,t11,AMDU2,2894,2929
4/13/2022,t11,AMDU2,3142,3149
4/13/2022,t11,AMDU2,3328,3335
4/13/2022,t11,LATR2,3339,3359
4/13/2022,t11,AMDU2,3467,3491
4/13/2022,t11,AMDU2,3621,3632
4/13/2022,t11,AMDU2,3699,3719
4/13/2022,t11,KRER,3752,3756
4/13/2022,t11,AMDU2,3892,3905
4/13/2022,t11,AMDU2,3908,3912
4/13/2022,t11,GRSP,4639,4682
4/13/2022,t11,AMDU2,4820,4850
4/13/2022,t11,GRSP,5242,5245
4/13/2022,t11,AMDU2,5408,5413
4/13/2022,t11,AMDU2,5910,5928
4/13/2022,t11,AMDU2,6053,6069
4/13/2022,t11,LATR2,6109,6129
4/13/2022,t11,LATR2,6136,6154
4/13/2022,t11,LATR2,6165,6181
4/13/2022,t11,LATR2,6385,6444
4/13/2022,t11,KRER,7329,7334
4/13/2022,t11,KRER,7337,7371
4/13/2022,t11,EPNE,7439,7459
4/13/2022,t11,AMDU2,7474,7477
4/13/2022,t11,YUBR,8225,8238
4/13/2022,t11,YUBR,8317,8358
4/13/2022,t11,YUBR,8386,8400
4/13/2022,t11,AMDU2,8646,8655
4/13/2022,t11,AMDU2,9339,9342
4/13/2022,t11,LATR2,9646,9659
4/14/2022,t12,AMDU2,25,31
4/14/2022,t12,AMDU2,273,296
4/14/2022,t12,LATR2,345,356
4/14/2022,t12,AMDU2,354,373
4/14/2022,t12,LATR2,379,399
4/14/2022,t12,LATR2,1109,1139
4/14/2022,t12,LATR2,2054,2110
4/14/2022,t12,ACSH,2220,2258
4/14/2022,t12,EPNE,3174,3199
4/14/2022,t12,AMDU2,3526,3534
4/14/2022,t12,AMDU2,3559,3572
4/14/2022,t12,EPNE,3985,3995
4/14/2022,t12,AMDU2,4514,4539
4/14/2022,t12,AMDU2,4810,4830
4/14/2022,t12,MESP,4890,4926
4/14/2022,t12,EPNE,4977,4986
4/14/2022,t12,AMDU2,5089,5100
4/14/2022,t12,KRER,5479,5490
4/14/2022,t12,KRER,5492,5510
4/14/2022,t12,AMDU2,5870,5884
4/14/2022,t12,LATR2,6222,6255
4/14/2022,t12,AMDU2,6337,6344
4/14/2022,t12,LATR2,6511,6513
4/14/2022,t12,ACSH,6534,6540
4/14/2022,t12,ACSH,6544,6550
4/14/2022,t12,AMDU2,6930,6975
4/14/2022,t12,AMDU2,7566,7620
4/14/2022,t12,KRER,7755,7760
4/14/2022,t12,LATR2,7765,7771
4/14/2022,t12,AMDU2,8079,8110
4/14/2022,t12,AMDU2,8195,8210
4/14/2022,t12,AMDU2,8226,8300
4/14/2022,t12,AMDU2,8279,8290
4/14/2022,t12,AMDU2,8303,8306
4/14/2022,t12,AMDU2,8313,8321
4/14/2022,t12,KRER,8392,8404
4/14/2022,t12,LATR2,8406,8437
4/14/2022,t12,AMDU2,8642,8655
4/14/2022,t12,LATR2,8679,8682
4/14/2022,t12,KRER,9363,9393
4/14/2022,t12,LATR2,9537,9540
4/14/2022,t12,LATR2,9560,9565
4/14/2022,t12,LATR2,9575,9583
4/14/2022,t12,LATR2,9590,9600
4/14/2022,t12,KRER,9844,9850
4/15/2022,t13,LATR2,1364,1369
4/15/2022,t13,LATR2,1399,1414
4/15/2022,t13,YUSC2,1829,1858
4/15/2022,t13,EPNE,1885,1889
4/15/2022,t13,EPNE,2004,2011
4/15/2022,t13,LATR2,2594,2649
4/15/2022,t13,LATR2,3128,3151
4/15/2022,t13,YUSC2,4119,4194
4/15/2022,t13,AMDU2,4490,4508
4/15/2022,t13,AMDU2,4585,4599
4/15/2022,t13,EPNE,5721,5726
4/15/2022,t13,ACSH,6061,6068
4/15/2022,t13,KRER,6099,6109
4/15/2022,t13,ACSH,6413,6426
4/15/2022,t13,ACSH,6518,6538
4/15/2022,t13,LATR2,7912,8025
4/15/2022,t13,LATR2,8073,8080
4/15/2022,t13,LATR2,9050,9061
4/15/2022,t13,LATR2,9090,9171
4/15/2022,t14,AMDU2,2376,2384
4/15/2022,t14,AMDU2,2684,2703
4/15/2022,t14,LATR2,3591,3600
4/15/2022,t14,LATR2,3688,3706
4/15/2022,t14,LATR2,4121,4123
4/15/2022,t14,AMDU2,5413,5437
4/15/2022,t14,AMDU2,6544,6561
4/15/2022,t14,AMDU2,6844,6856
4/15/2022,t14,AMDU2,9058,9065
4/15/2022,t14,AMDU2,9381,9386
4/18/2022,t15,LATR2,374,377
4/18/2022,t15,AMDU2,1759,1768
4/18/2022,t15,SAME,2083,2135
4/18/2022,t15,PSCO2,2676,2682
4/18/2022,t15,PSCO2,2692,2705
4/18/2022,t15,AMDU2,3031,3059
4/18/2022,t15,OPBA2,3061,3064
4/18/2022,t15,SAME,4396,4402
4/18/2022,t15,PSCO2,5230,5236
4/18/2022,t15,AMDU2,5409,5419
4/18/2022,t16,LATR2,841,843
4/18/2022,t16,LATR2,860,864
4/18/2022,t16,LATR2,873,878
4/18/2022,t16,GUSA2,1659,1689
4/18/2022,t16,EPNE,2519,2521
4/18/2022,t16,SAME,2584,2587
4/18/2022,t16,EPNE,2763,2765
4/18/2022,t16,SAME,3656,3662
4/18/2022,t16,SAME,4042,4057
4/18/2022,t16,KRER,4815,4831
4/18/2022,t16,LATR2,5416,5421
4/20/2022,t17,LATR2,445,451
4/20/2022,t17,AMDU2,719,721
4/20/2022,t17,AMDU2,2175,2179
4/20/2022,t17,LYAN,2619,2665
4/20/2022,t17,LATR2,3258,3269
4/20/2022,t17,AMDU2,4095,4102
4/20/2022,t17,AMDU2,4471,4491
4/20/2022,t17,AMDU2,5833,5853
4/20/2022,t17,AMDU2,6852,6875
4/20/2022,t17,AMDU2,7293,7297
4/20/2022,t17,AMDU2,7437,7459
4/20/2022,t17,AMDU2,8021,8041
4/20/2022,t17,AMDU2,8827,8835
4/20/2022,t17,AMDU2,8875,8900
4/20/2022,t17,LATR2,9186,9194
4/20/2022,t17,LATR2,9200,9229
4/20/2022,t17,LATR2,9233,9235
4/20/2022,t17,LATR2,9240,9245
4/20/2022,t17,LATR2,9270,9280
4/20/2022,t17,AMDU2,9506,9514
4/20/2022,t17,AMDU2,9875,9893
4/21/2022,t18,LATR2,127,154
4/21/2022,t18,LATR2,617,622
4/21/2022,t18,LATR2,637,642
4/21/2022,t18,LATR2,672,678
4/21/2022,t18,LATR2,1324,1327
4/21/2022,t18,LATR2,1340,1398
4/21/2022,t18,AMDU2,1664,1670
4/21/2022,t18,LATR2,2276,2287
4/21/2022,t18,EPNE,2374,2389
4/21/2022,t18,EPNE,2483,2489
4/21/2022,t18,LATR2,3746,3768
4/21/2022,t18,KRER,4210,4223
4/21/2022,t18,AMDU2,4369,4381
4/21/2022,t18,KRER,4559,4585
4/21/2022,t18,LYAN,5090,5126
4/21/2022,t18,KRER,5335,5371
4/21/2022,t18,LATR2,5571,5576
4/21/2022,t18,LATR2,5578,5590
4/21/2022,t18,LYAN,6180,6193
4/21/2022,t18,LATR2,6304,6325
4/21/2022,t18,LATR2,6329,6331
4/21/2022,t18,LATR2,6340,6345
4/21/2022,t18,LYAN,7479,7505
4/21/2022,t18,AMDU2,7508,7542
4/21/2022,t18,EPNE,7757,7774
4/21/2022,t18,AMDU2,8026,8032
4/21/2022,t18,KRER,8121,8128
4/21/2022,t18,KRER,8139,8148
4/21/2022,t18,EPNE,8266,8274
4/21/2022,t18,EPNE,8281,8289
4/21/2022,t18,LATR2,8791,8796
4/21/2022,t18,LATR2,8822,8825
4/21/2022,t18,LATR2,8829,8835
4/21/2022,t18,AMDU2,8941,8976
4/21/2022,t18,EPNE,9022,9027
4/21/2022,t19,LATR2,1702,1705
4/21/2022,t19,LATR2,2029,2042
4/21/2022,t19,AMDU2,4767,4771
4/21/2022,t19,AMDU2,7872,7900
4/21/2022,t19,AMDU2,9791,9802
4/21/2022,t19,LATR2,9912,9920
4/22/2022,t20,LYAN,194,233
4/22/2022,t20,AMDU2,281,286
4/22/2022,t20,PSCO2,580,609
4/22/2022,t20,SAME,706,714
4/22/2022,t20,YUSC2,729,779
4/22/2022,t20,YUSC2,842,1005
4/22/2022,t20,YUSC2,2995,3089
4/22/2022,t20,YUSC2,3118,3139
4/22/2022,t20,AMDU2,3799,3809
4/22/2022,t20,LATR2,4545,4549
4/22/2022,t20,LATR2,4569,4591
4/22/2022,t20,LATR2,4619,4625
4/22/2022,t20,LYAN,4720,4774
4/22/2022,t20,KRER,5308,5316
4/22/2022,t20,LATR2,7063,7076
4/22/2022,t20,LATR2,7080,7090
4/22/2022,t20,LATR2,7092,7100
4/22/2022,t20,LATR2,7135,7139
4/22/2022,t20,LATR2,9462,9469
4/22/2022,t20,KRER,9480,9500
4/22/2022,t20,AMDU2,9644,9670
4/22/2022,t20,LATR2,9779,9792
4/22/2022,t20,LATR2,9795,9812
4/22/2022,t20,LATR2,9815,9830
4/22/2022,t21,KRER,207,211
4/22/2022,t21,KRER,733,738
4/22/2022,t21,KRER,759,764
4/22/2022,t21,MESP,1292,1329
4/22/2022,t21,VIPA14,1464,1471
4/22/2022,t21,LATR2,1848,1854
4/22/2022,t21,KRER,2034,2041
4/22/2022,t21,KRER,2051,2089
4/22/2022,t21,KRER,2094,2106
4/22/2022,t21,XYTO2,2309,2345
4/22/2022,t21,GRSP,2353,2370
4/22/2022,t21,LYAN,2414,2424
4/22/2022,t21,GRSP,2429,2492
4/22/2022,t21,LATR2,2592,2595
4/22/2022,t21,AMDU2,3992,3995
4/22/2022,t21,AMDU2,4001,4019
4/22/2022,t21,AMDU2,4039,4059
4/22/2022,t21,AMDU2,4064,4074
4/22/2022,t21,AMDU2,4079,4104
4/22/2022,t21,EPNE,5115,5140
4/22/2022,t21,LYAN,5151,5159
4/22/2022,t21,LYAN,5167,5172
4/22/2022,t21,KRER,5266,5276
4/22/2022,t21,KRER,5279,5283
4/22/2022,t21,LATR2,9888,9891
4/25/2022,t22,AMDU2,241,253
4/25/2022,t22,AMDU2,259,272
4/25/2022,t22,AMDU2,276,287
4/25/2022,t22,LATR2,518,520
4/25/2022,t22,LATR2,531,536
4/25/2022,t22,AMDU2,1416,1434
4/25/2022,t22,AMDU2,1866,1887
4/25/2022,t22,AMDU2,1942,1957
4/25/2022,t22,AMDU2,1969,1972
4/25/2022,t22,AMDU2,1980,1992
4/25/2022,t22,LATR2,2009,2059
4/25/2022,t22,LATR2,2580,2596
4/25/2022,t22,LATR2,2599,2601
4/25/2022,t22,LYAN,2613,2620
4/25/2022,t22,KRER,2789,2791
4/25/2022,t22,LYAN,4027,4049
4/25/2022,t22,KRER,4060,4077
4/25/2022,t22,KRER,4084,4102
4/25/2022,t22,LYAN,4212,4220
4/25/2022,t22,LYAN,4229,4240
4/25/2022,t22,LYAN,4444,4539
4/25/2022,t22,KRER,5449,5458
4/25/2022,t22,LATR2,6410,6415
4/25/2022,t22,LATR2,7700,7705
4/25/2022,t22,LATR2,7710,7724
4/25/2022,t22,LATR2,7727,7733
4/25/2022,t22,LATR2,7735,7767
4/25/2022,t22,YUSC2,9390,9400
4/25/2022,t22,YUSC2,9414,9421
4/25/2022,t22,YUSC2,9456,9461
4/25/2022,t22,YUSC2,9473,9476
4/25/2022,t22,YUSC2,9486,9488
4/25/2022,t23,VIPA14,727,780
4/25/2022,t23,VIPA14,988,1019
4/25/2022,t23,AMDU2,2324,2327
4/25/2022,t23,AMDU2,2412,2421
4/25/2022,t23,AMDU2,2432,2441
4/25/2022,t23,AMDU2,2759,2809
4/25/2022,t23,AMDU2,3157,3184
4/25/2022,t23,LYAN,3562,3600
4/25/2022,t23,AMDU2,3962,4015
4/25/2022,t23,AMDU2,4775,4805
4/25/2022,t23,KRER,4918,4921
4/25/2022,t23,LATR2,6800,6805
4/25/2022,t23,LATR2,6810,6824
4/25/2022,t23,LATR2,6829,6839
4/25/2022,t23,LATR2,6845,6851
4/25/2022,t23,AMDU2,7132,7181
4/25/2022,t23,AMDU2,7349,7362
4/25/2022,t23,AMDU2,7371,7392
4/25/2022,t23,KRER,7898,7909
4/25/2022,t23,LYAN,7952,7973
4/25/2022,t23,LYAN,7980,7991
4/25/2022,t23,LATR2,8588,8595
4/25/2022,t23,LATR2,8600,8620
4/25/2022,t23,LATR2,8628,8645
4/25/2022,t23,LATR2,8649,8670
4/25/2022,t23,AMDU2,9752,9758
4/26/2022,t24,EPNE,196,204
4/26/2022,t24,EPNE,206,213
4/26/2022,t24,AMDU2,223,245
4/26/2022,t24,LATR2,370,373
4/26/2022,t24,LATR2,396,400
4/26/2022,t24,LATR2,406,414
4/26/2022,t24,LATR2,416,430
4/26/2022,t24,KRER,934,940
4/26/2022,t24,KRER,954,963
4/26/2022,t24,KRER,974,979
4/26/2022,t24,KRER,983,985
4/26/2022,t24,EPNE,1015,1022
4/26/2022,t24,LYAN,1030,1075
4/26/2022,t24,EPNE,1050,1060
4/26/2022,t24,EPNE,1190,1205
4/26/2022,t24,EPNE,1210,1215
4/26/2022,t24,EPNE,1222,1260
4/26/2022,t24,EPNE,1275,1314
4/26/2022,t24,EPNE,1323,1379
4/26/2022,t24,LATR2,2034,2041
4/26/2022,t24,LATR2,2049,2061
4/26/2022,t24,LATR2,2067,2095
4/26/2022,t24,LATR2,2109,2112
4/26/2022,t24,YUSC2,2199,2304
4/26/2022,t24,LATR2,2240,2245
4/26/2022,t24,LATR2,2263,2270
4/26/2022,t24,SAME,2273,2286
4/26/2022,t24,YUSC2,2315,2320
4/26/2022,t24,EPNE,2370,2381
4/26/2022,t24,EPNE,2422,2448
4/26/2022,t24,AMDU2,2549,2604
4/26/2022,t24,VIPA14,2635,2730
4/26/2022,t24,AMDU2,2896,2918
4/26/2022,t24,KRER,2938,2947
4/26/2022,t24,EPNE,3085,3124
4/26/2022,t24,AMDU2,3190,3194
4/26/2022,t24,LATR2,3261,3263
4/26/2022,t24,LATR2,3280,3298
4/26/2022,t24,LATR2,3302,3336
4/26/2022,t24,LATR2,3342,3365
4/26/2022,t24,LATR2,3402,3404
4/26/2022,t24,LATR2,3410,3414
4/26/2022,t24,LATR2,3418,3429
4/26/2022,t24,LATR2,3434,3441
4/26/2022,t24,LATR2,3447,3450
4/26/2022,t24,LATR2,3468,3483
4/26/2022,t24,LATR2,3489,3494
4/26/2022,t24,LATR2,3515,3532
4/26/2022,t24,AMDU2,3769,3793
4/26/2022,t24,AMDU2,3795,3820
4/26/2022,t24,LATR2,4204,4222
4/26/2022,t24,LATR2,4276,4291
4/26/2022,t24,LATR2,4360,4385
4/26/2022,t24,LATR2,4398,4470
4/26/2022,t24,KRER,4963,4976
4/26/2022,t24,AMDU2,5403,5406
4/26/2022,t24,AMDU2,5512,5516
4/26/2022,t24,AMDU2,5543,5553
4/26/2022,t24,AMDU2,5750,5754
4/26/2022,t24,AMDU2,5756,5764
4/26/2022,t24,LATR2,5983,6023
4/26/2022,t24,AMDU2,8085,8104
4/26/2022,t24,LYAN,8371,8376
4/26/2022,t24,YUSC2,8493,8540
4/26/2022,t24,EPNE,9224,9248
4/26/2022,t24,LATR2,9303,9314
4/26/2022,t24,LATR2,9322,9332
4/26/2022,t24,LATR2,9351,9357
4/27/2022,t25,LATR2,601,623
4/27/2022,t25,LATR2,633,663
4/27/2022,t25,LATR2,667,671
4/27/2022,t25,LATR2,676,683
4/27/2022,t25,LATR2,692,699
4/27/2022,t25,LATR2,703,710
4/27/2022,t25,LATR2,713,722
4/27/2022,t25,LATR2,793,802
4/27/2022,t25,YUSC2,924,958
4/27/2022,t25,YUSC2,970,974
4/27/2022,t25,KRER,973,978
4/27/2022,t25,KRER,981,985
4/27/2022,t25,YUSC2,994,1000
4/27/2022,t25,KRER,1001,1020
4/27/2022,t25,KRER,3716,3727
4/27/2022,t25,KRER,3730,3740
4/27/2022,t25,AMDU2,3784,3790
4/27/2022,t25,KRER,3797,3809
4/27/2022,t25,KRER,4835,4837
4/27/2022,t25,KRER,4863,4869
4/27/2022,t25,LATR2,5399,5402
4/27/2022,t25,LATR2,5615,5618
4/27/2022,t25,LATR2,5620,5622
4/27/2022,t25,LATR2,5641,5643
4/27/2022,t25,EPNE,5775,5778
4/27/2022,t25,EPNE,5794,5811
4/27/2022,t25,AMDU2,5999,6011
4/27/2022,t25,AMDU2,6118,6140
4/27/2022,t25,SAME,6432,6438
4/27/2022,t25,LATR2,6783,6796
4/27/2022,t25,KRER,7103,7115
4/27/2022,t25,AMDU2,7132,7147
4/27/2022,t25,LATR2,7669,7679
4/27/2022,t25,LATR2,7684,7696
4/27/2022,t25,LATR2,7700,7726
4/27/2022,t25,AMDU2,7751,7755
4/27/2022,t25,KRER,8333,8355
4/27/2022,t25,LYAN,9085,9088
4/27/2022,t25,LYAN,9108,9215
4/27/2022,t25,AMDU2,9223,9265
5/3/2022,t26,LATR2,940,949
5/3/2022,t26,LATR2,956,958
5/3/2022,t26,LATR2,968,974
5/3/2022,t26,LATR2,1086,1093
5/3/2022,t26,LATR2,1097,1099
5/3/2022,t26,LATR2,1108,1112
5/3/2022,t26,LATR2,1158,1182
5/3/2022,t26,LYAN,1749,1786
5/3/2022,t26,LATR2,3102,3142
5/3/2022,t26,LATR2,4145,4152
5/3/2022,t26,KRER,4169,4186
5/3/2022,t26,LATR2,4185,4225
5/3/2022,t26,AMDU2,6322,6345
5/3/2022,t26,AMDU2,6352,6360
5/3/2022,t26,AMDU2,7010,7025
5/3/2022,t26,AMDU2,7031,7036
5/3/2022,t26,LATR2,7295,7348
5/3/2022,t26,LATR2,8541,8583
5/3/2022,t26,LATR2,8588,8593
5/3/2022,t26,LATR2,8598,8630
5/3/2022,t26,LATR2,8928,8935
5/3/2022,t27,LATR2,634,636
5/3/2022,t27,LATR2,662,668
5/3/2022,t27,LATR2,683,686
5/3/2022,t27,LATR2,1370,1488
5/3/2022,t27,AMDU2,1745,1759
5/3/2022,t27,AMDU2,2173,2180
5/3/2022,t27,AMDU2,5083,5090
5/3/2022,t27,AMDU2,5097,5101
5/3/2022,t27,LATR2,5409,5413
5/3/2022,t27,LYAN,5760,5772
5/3/2022,t27,LATR2,6006,6013
5/3/2022,t27,AMDU2,7749,7751
5/3/2022,t27,AMDU2,7755,7760
5/3/2022,t27,AMDU2,8225,8232
5/3/2022,t27,AMDU2,8240,8244
5/3/2022,t27,AMDU2,8632,8636
5/3/2022,t27,AMDU2,8656,8660
5/3/2022,t27,AMDU2,8659,8661
5/3/2022,t27,AMDU2,8669,8685
5/3/2022,t27,AMDU2,9344,9364
5/3/2022,t27,AMDU2,9518,9531
5/3/2022,t27,AMDU2,9682,9686
5/4/2022,t28,LATR2,1038,1045
5/4/2022,t28,LATR2,1084,1087
5/4/2022,t28,LATR2,1099,1121
5/4/2022,t28,EPNE,2969,2990
5/4/2022,t28,VIPA14,4429,4446
5/4/2022,t28,LATR2,4897,4900
5/4/2022,t28,LATR2,4915,4931
5/4/2022,t28,LATR2,5160,5165
5/4/2022,t28,LATR2,5170,5184
5/4/2022,t28,AMDU2,5386,5480
5/4/2022,t28,LYAN,5525,5540
5/4/2022,t28,LYAN,5548,5556
5/4/2022,t28,LYAN,5748,5778
5/4/2022,t28,LYAN,5781,5787
5/4/2022,t28,LATR2,5794,5804
5/4/2022,t28,LYAN,5814,5819
5/4/2022,t28,VIPA14,6107,6143
5/4/2022,t28,VIPA14,6145,6153
5/4/2022,t28,VIPA14,6188,6191
5/4/2022,t28,VIPA14,6194,6196
5/4/2022,t28,LATR2,6645,6651
5/4/2022,t28,LATR2,6668,6680
5/4/2022,t28,LATR2,6720,6750
5/4/2022,t28,LATR2,6761,6764
5/4/2022,t28,AMDU2,6986,7018
5/4/2022,t28,LATR2,7133,7137
5/4/2022,t28,LATR2,7145,7156
5/4/2022,t28,AMDU2,7373,7391
5/4/2022,t28,EPNE,7516,7531
5/4/2022,t28,EPNE,7543,7545
5/4/2022,t28,EPNE,7554,7556
5/4/2022,t28,EPNE,7567,7571
5/4/2022,t28,AMDU2,7779,7800
5/4/2022,t28,AMDU2,8521,8523
5/4/2022,t28,LATR2,8984,8987
5/4/2022,t29,LATR2,224,241
5/4/2022,t29,YUBR,1144,1146
5/4/2022,t29,YUBR,1190,1218
5/4/2022,t29,LYAN,1227,1230
5/4/2022,t29,YUBR,1233,1248
5/4/2022,t29,LYAN,1262,1279
5/4/2022,t29,AMDU2,2455,2479
5/4/2022,t29,AMDU2,2920,2922
5/4/2022,t29,AMDU2,2935,2940
5/4/2022,t29,LATR2,3224,3226
5/4/2022,t29,LATR2,3268,3278
5/4/2022,t29,LATR2,3285,3287
5/4/2022,t29,LATR2,3296,3310
5/4/2022,t29,LATR2,3469,3471
5/4/2022,t29,AMDU2,3953,3961
5/4/2022,t29,LATR2,6525,6543
5/4/2022,t29,LATR2,6553,6559
5/4/2022,t29,AMDU2,7664,7670
5/4/2022,t29,AMDU2,7673,7685
5/4/2022,t29,EPNE,8510,8512
5/4/2022,t29,KRER,9049,9065
5/4/2022,t29,EPNE,9253,9258
5/4/2022,t29,KRER,9269,9271
5/4/2022,t29,LATR2,9791,9795
5/4/2022,t29,LATR2,9797,9818
5/4/2022,t29,LATR2,9823,9847
5/4/2022,t29,LATR2,9885,9890
5/5/2022,t30,EPNE,325,340
5/5/2022,t30,EPNE,346,349
5/5/2022,t30,EPNE,357,364
5/5/2022,t30,LATR2,453,455
5/5/2022,t30,AMDU2,507,514
5/5/2022,t30,AMDU2,519,521
5/5/2022,t30,KRER,2589,2603
5/5/2022,t30,AMDU2,2836,2880
5/5/2022,t30,AMDU2,3349,3374
5/5/2022,t30,KRER,3578,3587
5/5/2022,t30,LATR2,3837,3911
5/5/2022,t30,AMDU2,5273,5277
5/5/2022,t30,AMDU2,5279,5290
5/5/2022,t30,AMDU2,6705,6710
5/5/2022,t30,AMDU2,6724,6731
5/5/2022,t30,AMDU2,7010,7026
5/5/2022,t30,AMDU2,8252,8263
5/5/2022,t30,AMDU2,8275,8291
5/5/2022,t30,AMDU2,8425,8430
5/5/2022,t30,AMDU2,8865,8876
5/5/2022,t30,AMDU2,8883,8890
5/5/2022,t30,AMDU2,9785,9812
5/5/2022,t30,AMDU2,9913,9916
5/5/2022,t31,AMDU2,653,658
5/5/2022,t31,AMDU2,813,826
5/5/2022,t31,AMDU2,835,847
5/5/2022,t31,AMDU2,1417,1457
5/5/2022,t31,LATR2,3278,3280
5/5/2022,t31,LATR2,3283,3291
5/5/2022,t31,LATR2,3307,3310
5/5/2022,t31,AMDU2,5415,5418
5/5/2022,t31,AMDU2,5492,5531
5/5/2022,t31,LATR2,5975,5980
5/5/2022,t31,AMDU2,6232,6235
5/5/2022,t31,AMDU2,6517,6530
5/5/2022,t31,LATR2,6650,6670
5/5/2022,t31,AMDU2,6840,6848
5/5/2022,t31,KRER,7873,7890
5/5/2022,t31,AMDU2,7904,7907
5/5/2022,t31,AMDU2,7943,7950
5/5/2022,t31,LATR2,8169,8184
5/5/2022,t31,LATR2,8190,8197
5/5/2022,t31,LATR2,8200,8207
5/5/2022,t31,KRER,8447,8452
5/5/2022,t31,KRER,8460,8470
5/5/2022,t31,LATR2,8487,8491
5/5/2022,t31,LATR2,8495,8520
5/5/2022,t31,LATR2,8525,8537
5/5/2022,t31,LATR2,8558,8567
5/5/2022,t31,SAME,8873,8876
5/5/2022,t31,SAME,9044,9050
5/5/2022,t31,AMDU2,9129,9132
5/5/2022,t31,SAME,9652,9657
5/5/2022,t31,SAME,9720,9725
5/5/2022,t31,VIPA14,9739,9791
5/5/2022,t31,AMDU2,9929,9935
5/9/2022,t32,ACSH,822,837
5/9/2022,t32,KRER,1325,1337
5/9/2022,t32,KRER,1341,1344
5/9/2022,t32,AMDU2,1520,1530
5/9/2022,t32,AMDU2,2993,2999
5/9/2022,t32,AMDU2,3006,3011
5/9/2022,t32,AMDU2,3301,3315
5/9/2022,t32,AMDU2,4000,4017
5/9/2022,t32,ACSH,4048,4068
5/9/2022,t32,AMDU2,4231,4274
5/9/2022,t32,YUSC2,4443,4445
5/9/2022,t32,YUSC2,4455,4482
5/9/2022,t32,YUSC2,4504,4506
5/9/2022,t32,YUSC2,4557,4570
5/9/2022,t32,ACSH,5612,5645
5/9/2022,t32,KRER,5745,5752
5/9/2022,t32,KRER,5757,5773
5/9/2022,t32,KRER,5780,5782
5/9/2022,t32,AMDU2,6319,6326
5/9/2022,t32,AMDU2,6331,6348
5/9/2022,t32,AMDU2,6353,6364
5/9/2022,t32,AMDU2,6481,6493
5/9/2022,t32,AMDU2,6496,6510
5/9/2022,t32,LATR2,7249,7254
5/9/2022,t32,LATR2,7262,7264
5/9/2022,t32,LATR2,7272,7275
5/9/2022,t32,LATR2,7288,7291
5/9/2022,t32,LATR2,7925,7930
5/9/2022,t32,LATR2,7935,7942
5/9/2022,t32,LATR2,7945,7960
5/9/2022,t32,LATR2,7964,7967
5/9/2022,t32,AMDU2,7980,8023
5/9/2022,t32,AMDU2,8030,8035
5/9/2022,t32,LATR2,8170,8180
5/9/2022,t32,LATR2,8187,8193
5/9/2022,t32,LATR2,8196,8220
5/9/2022,t32,LATR2,8243,8246
5/9/2022,t32,YUSC2,8441,8455
5/9/2022,t32,YUSC2,8457,8491
5/9/2022,t32,YUSC2,8496,8499
5/9/2022,t32,YUSC2,8589,8617
5/9/2022,t32,ACSH,8717,8725
5/9/2022,t32,ACSH,8730,8756
5/9/2022,t32,ACSH,8868,8907
5/9/2022,t32,ACSH,8960,8970
5/9/2022,t32,KRER,9300,9374
5/9/2022,t32,AMDU2,9471,9475
5/9/2022,t32,AMDU2,9481,9491
5/9/2022,t32,LATR2,9989,9991
5/9/2022,t32,LATR2,9997,10000
5/10/2022,t33,AMDU2,35,65
5/10/2022,t33,AMDU2,794,806
5/10/2022,t33,AMDU2,810,835
5/10/2022,t33,AMDU2,885,932
5/10/2022,t33,KRER,1376,1380
5/10/2022,t33,KRER,1384,1388
5/10/2022,t33,AMDU2,1584,1601
5/10/2022,t33,LATR2,1729,1732
5/10/2022,t33,LATR2,1736,1745
5/10/2022,t33,LATR2,1750,1753
5/10/2022,t33,LATR2,1761,1766
5/10/2022,t33,LATR2,1771,1776
5/10/2022,t33,AMDU2,1808,1811
5/10/2022,t33,AMDU2,1814,1818
5/10/2022,t33,ACSH,2129,2149
5/10/2022,t33,LATR2,2145,2150
5/10/2022,t33,LATR2,2156,2170
5/10/2022,t33,LATR2,2184,2201
5/10/2022,t33,AMDU2,2369,2373
5/10/2022,t33,AMDU2,2380,2410
5/10/2022,t33,AMDU2,2470,2500
5/10/2022,t33,EPNE,2940,2946
5/10/2022,t33,AMDU2,3555,3569
5/10/2022,t33,LATR2,4670,4684
5/10/2022,t33,LATR2,5262,5267
5/10/2022,t33,LATR2,5278,5281
5/10/2022,t33,LATR2,5284,5286
5/10/2022,t33,LATR2,5289,5298
5/10/2022,t33,LATR2,5304,5309
5/10/2022,t33,LATR2,5314,5316
5/10/2022,t33,LATR2,5319,5337
5/10/2022,t33,LATR2,5344,5361
5/10/2022,t33,LATR2,5378,5383
5/10/2022,t33,LATR2,5389,5393
5/10/2022,t33,GUSA2,5582,5590
5/10/2022,t33,LATR2,6067,6078
5/10/2022,t33,LATR2,6270,6273
5/10/2022,t33,LATR2,6276,6281
5/10/2022,t33,LATR2,6283,6290
5/10/2022,t33,AMDU2,6389,6393
5/10/2022,t33,EPNE,6421,6435
5/10/2022,t33,AMDU2,6765,6772
5/10/2022,t33,AMDU2,6776,6785
5/10/2022,t33,LATR2,6791,6805
5/10/2022,t33,LATR2,6803,6908
5/10/2022,t33,LATR2,6806,6810
5/10/2022,t33,LATR2,6824,6836
5/10/2022,t33,AMDU2,9472,9522
5/10/2022,t34,AMDU2,1408,1421
5/10/2022,t34,AMDU2,1430,1432
5/10/2022,t34,LYAN,1766,1794
5/10/2022,t34,KRER,2352,2358
5/10/2022,t34,KRER,2362,2364
5/10/2022,t34,AMDU2,2369,2371
5/10/2022,t34,AMDU2,2383,2399
5/10/2022,t34,AMDU2,2456,2515
5/10/2022,t34,KRER,2675,2729
5/10/2022,t34,KRER,2733,2738
5/10/2022,t34,KRER,2742,2745
5/10/2022,t34,SAME,3041,3157
5/10/2022,t34,SAME,3382,3395
5/10/2022,t34,SAME,3539,3660
5/10/2022,t34,LATR2,3569,3599
5/10/2022,t34,SAME,3619,3680
5/10/2022,t34,AMDU2,3970,3978
5/10/2022,t34,AMDU2,4007,4034
5/10/2022,t34,LATR2,4540,4560
5/10/2022,t34,LATR2,4570,4580
5/10/2022,t34,LATR2,4614,4627
5/10/2022,t34,LATR2,9851,9853
5/10/2022,t34,LATR2,9882,9895
5/10/2022,t34,LATR2,9888,9890
5/10/2022,t34,LATR2,9892,9896
5/10/2022,t34,LATR2,9959,9962
5/10/2022,t34,LATR2,9966,9978
5/10/2022,t34,LATR2,9981,10000
5/10/2022,t35,AMDU2,73,85
5/10/2022,t35,YUSC2,99,101
5/10/2022,t35,YUSC2,115,117
5/10/2022,t35,YUSC2,123,130
5/10/2022,t35,AMDU2,623,627
5/10/2022,t35,AMDU2,872,894
5/10/2022,t35,AMDU2,1603,1619
5/10/2022,t35,AMDU2,1786,1789
5/10/2022,t35,AMDU2,2053,2079
5/10/2022,t35,LATR2,2889,2906
5/10/2022,t35,LATR2,2915,2970
5/10/2022,t35,LATR2,2980,2990
5/10/2022,t35,KRER,2987,3211
5/10/2022,t35,AMDU2,4375,4391
5/10/2022,t35,AMDU2,4409,4419
5/10/2022,t35,AMDU2,4532,4537
5/10/2022,t35,AMDU2,4542,4565
5/10/2022,t35,AMDU2,5318,5361
5/10/2022,t35,AMDU2,5370,5373
5/10/2022,t35,ACSH,5846,5855
5/10/2022,t35,ACSH,5859,5867
5/10/2022,t35,LATR2,5909,5920
5/10/2022,t35,LATR2,5923,5928
5/10/2022,t35,LATR2,5930,5938
5/10/2022,t35,LATR2,5940,5943
5/10/2022,t35,LATR2,5950,5960
5/10/2022,t35,LATR2,5969,5973
5/10/2022,t35,AMDU2,6447,6452
5/10/2022,t35,AMDU2,6454,6459
5/10/2022,t35,AMDU2,6464,6468
5/10/2022,t35,AMDU2,6470,6491
5/10/2022,t35,LATR2,6481,6488
5/10/2022,t35,AMDU2,6979,7005
5/10/2022,t35,AMDU2,7428,7436
5/10/2022,t35,AMDU2,7445,7450
5/10/2022,t35,AMDU2,7452,7457
5/10/2022,t35,ACSH,7512,7535
5/10/2022,t35,EPNE,7744,7747
5/10/2022,t35,EPNE,7749,7759
5/10/2022,t35,EPNE,7765,7772
5/10/2022,t35,AMDU2,8952,8997
5/10/2022,t35,AMDU2,9211,9217
5/10/2022,t35,AMDU2,9291,9306
5/10/2022,t35,AMDU2,9308,9316
5/10/2022,t35,AMDU2,9667,9673
5/10/2022,t35,AMDU2,9707,9712
5/10/2022,t35,AMDU2,9739,9742
5/10/2022,t35,LATR2,9950,9954
5/10/2022,t35,LATR2,9963,9965
5/10/2022,t35,LATR2,9975,9980
5/11/2022,t36,LATR2,458,471
5/11/2022,t36,AMDU2,506,520
5/11/2022,t36,KRER,658,691
5/11/2022,t36,KRER,695,731
5/11/2022,t36,LATR2,955,980
5/11/2022,t36,LYAN,990,1013
5/11/2022,t36,VIPA14,1485,1502
5/11/2022,t36,AMDU2,1994,2028
5/11/2022,t36,AMDU2,2190,2195
5/11/2022,t36,AMDU2,2336,2355
5/11/2022,t36,AMDU2,2461,2471
5/11/2022,t36,AMDU2,2476,2488
5/11/2022,t36,AMDU2,2699,2724
5/11/2022,t36,AMDU2,2732,2743
5/11/2022,t36,AMDU2,2794,2807
5/11/2022,t36,AMDU2,4522,4527
5/11/2022,t36,AMDU2,4578,4702
5/11/2022,t36,AMDU2,6183,6211
5/11/2022,t36,EPNE,6399,6411
5/11/2022,t36,EPNE,6415,6426
5/11/2022,t36,EPNE,6451,6460
5/11/2022,t36,EPNE,6512,6515
5/11/2022,t36,LATR2,6518,6531
5/11/2022,t36,EPNE,6532,6543
5/11/2022,t36,LATR2,6560,6567
5/11/2022,t36,LATR2,6665,6678
5/11/2022,t36,LATR2,6683,6710
5/11/2022,t36,AMDU2,6918,6979
5/11/2022,t36,AMDU2,7696,7706
5/11/2022,t36,AMDU2,8499,8524
5/11/2022,t36,YUSC2,9501,9511
5/11/2022,t36,YUSC2,9513,9527
5/11/2022,t36,AMDU2,9798,9823
5/11/2022,t36,AMDU2,9964,9971
5/11/2022,t36,AMDU2,9974,10000
5/11/2022,t37,LATR2,738,763
5/11/2022,t37,AMDU2,779,781
5/11/2022,t37,AMDU2,1398,1408
5/11/2022,t37,AMDU2,1492,1508
5/11/2022,t37,AMDU2,1614,1623
5/11/2022,t37,LATR2,1702,1754
5/11/2022,t37,LATR2,1990,2009
5/11/2022,t37,AMDU2,2068,2105
5/11/2022,t37,AMDU2,2209,2234
5/11/2022,t37,EPNE,2584,2598
5/11/2022,t37,AMDU2,2665,2690
5/11/2022,t37,AMDU2,4360,4367
5/11/2022,t37,ACSH,4368,4380
5/11/2022,t37,AMDU2,4375,4482
5/11/2022,t37,LATR2,5385,5387
5/11/2022,t37,LATR2,5389,5402
5/11/2022,t37,LATR2,5410,5412
5/11/2022,t37,LATR2,5428,5432
5/11/2022,t37,LATR2,5438,5446
5/11/2022,t37,LATR2,5448,5460
5/11/2022,t37,LATR2,5702,5707
5/11/2022,t37,LATR2,5715,5730
5/11/2022,t37,LATR2,5733,5741
5/11/2022,t37,LATR2,5751,5754
5/11/2022,t37,AMDU2,5970,5978
5/11/2022,t37,LATR2,6308,6350
5/11/2022,t37,LATR2,6324,6335
5/11/2022,t37,LATR2,6340,6345
5/11/2022,t37,LATR2,6360,6365
5/11/2022,t37,LATR2,6379,6395
5/11/2022,t37,LATR2,7064,7067
5/11/2022,t37,LATR2,7133,7140
5/11/2022,t37,LATR2,7150,7155
5/11/2022,t37,LATR2,7162,7165
5/11/2022,t37,LATR2,7172,7177
5/11/2022,t37,LATR2,7179,7182
5/11/2022,t37,AMDU2,8145,8151
5/11/2022,t37,AMDU2,8153,8159
5/11/2022,t37,AMDU2,8162,8186
5/11/2022,t37,LATR2,8309,8313
5/11/2022,t37,LATR2,8317,8339
5/11/2022,t37,LATR2,8341,8344
5/11/2022,t37,LATR2,8349,8355
5/11/2022,t37,LATR2,8365,8375
5/11/2022,t37,AMDU2,9400,9403
5/11/2022,t37,LATR2,9699,9716
5/11/2022,t37,LATR2,9720,9722
5/11/2022,t37,LATR2,9725,9729
5/11/2022,t37,LATR2,9735,9747
5/12/2022,t38,KRER,1215,1219
5/12/2022,t38,LATR2,1725,1729
5/12/2022,t38,LATR2,1770,1794
5/12/2022,t38,LATR2,1801,1806
5/12/2022,t38,AMDU2,4281,4323
5/12/2022,t38,KRER,5153,5157
5/12/2022,t38,KRER,5159,5166
5/12/2022,t38,AMDU2,5193,5199
5/12/2022,t38,AMDU2,5208,5215
5/12/2022,t38,LYAN,5263,5267
5/12/2022,t38,LYAN,5314,5321
5/12/2022,t38,KRER,5414,5419
5/12/2022,t38,KRER,5425,5443
5/12/2022,t38,AMDU2,5480,5487
5/12/2022,t38,AMDU2,5493,5495
5/12/2022,t38,LATR2,5760,5765
5/12/2022,t38,LATR2,5771,5777
5/12/2022,t38,AMDU2,5778,5781
5/12/2022,t38,LATR2,5781,5783
5/12/2022,t38,AMDU2,5785,5798
5/12/2022,t38,AMDU2,5802,5815
5/12/2022,t38,ACSH,6030,6058
5/12/2022,t38,EPNE,6172,6191
5/12/2022,t38,EPNE,6214,6220
5/12/2022,t38,EPNE,6229,6240
5/12/2022,t38,LATR2,6660,6665
5/12/2022,t38,LATR2,6691,6699
5/12/2022,t38,LATR2,6705,6728
5/12/2022,t38,LATR2,6758,6764
5/12/2022,t38,AMDU2,7009,7049
5/12/2022,t38,KRER,7315,7317
5/12/2022,t38,AMDU2,7629,7631
5/12/2022,t38,AMDU2,7642,7656
5/12/2022,t38,AMDU2,7660,7670
5/12/2022,t38,AMDU2,7850,7858
5/12/2022,t38,AMDU2,7919,7941
5/12/2022,t38,AMDU2,8560,8571
5/12/2022,t38,AMDU2,8574,8580
5/12/2022,t38,EPNE,8581,8595
5/12/2022,t38,EPNE,8600,8615
5/12/2022,t38,AMDU2,8616,8634
5/12/2022,t38,AMDU2,8642,8663
5/12/2022,t38,AMDU2,9027,9044
5/12/2022,t38,AMDU2,9047,9053
5/12/2022,t38,AMDU2,9646,9659
5/12/2022,t38,AMDU2,9662,9673
5/12/2022,t39,LATR2,1733,1742
5/12/2022,t39,LATR2,1745,1762
5/12/2022,t39,LATR2,1768,1776
5/12/2022,t39,LATR2,1784,1793
5/12/2022,t39,LATR2,2311,2314
5/12/2022,t39,LATR2,2332,2371
5/12/2022,t39,LATR2,2374,2382
5/12/2022,t39,LATR2,2388,2392
5/12/2022,t39,LATR2,2435,2455
5/12/2022,t39,LATR2,2461,2481
5/12/2022,t39,AMDU2,2559,2562
5/12/2022,t39,AMDU2,2569,2574
5/12/2022,t39,AMDU2,2576,2590
5/12/2022,t39,AMDU2,3100,3106
5/12/2022,t39,AMDU2,3115,3151
5/12/2022,t39,LATR2,3366,3372
5/12/2022,t39,LATR2,3389,3410
5/12/2022,t39,AMDU2,3392,3406
5/12/2022,t39,AMDU2,3490,3550
5/12/2022,t39,KRER,3719,3749
5/12/2022,t39,LATR2,4200,4202
5/12/2022,t39,LATR2,5620,5623
5/12/2022,t39,LATR2,5680,5682
5/12/2022,t39,LATR2,5705,5709
5/12/2022,t39,LATR2,6445,6449
5/12/2022,t39,LATR2,6475,6482
5/12/2022,t39,LATR2,6496,6500
5/12/2022,t39,LATR2,6505,6510
5/12/2022,t39,LATR2,6529,6545
5/12/2022,t39,KRER,6662,6683
5/12/2022,t39,LATR2,6778,6795
5/12/2022,t39,LATR2,6800,6815
5/12/2022,t39,LATR2,6819,6823
5/12/2022,t39,LATR2,6829,6834
5/12/2022,t39,LATR2,6837,6845
5/12/2022,t39,LATR2,8012,8032
5/12/2022,t39,KRER,8126,8139
5/12/2022,t39,LATR2,9196,9202
5/12/2022,t39,LATR2,9219,9237
5/12/2022,t39,AMDU2,9383,9385
5/12/2022,t39,AMDU2,9523,9562
5/12/2022,t39,AMDU2,9786,9793
5/12/2022,t39,KRER,9926,9941
5/12/2022,t39,LATR2,9947,9952
5/12/2022,t40,LYAN,150,215
5/12/2022,t40,KRER,3093,3105
5/12/2022,t40,STPA4,5440,5460
5/12/2022,t40,EPNE,5610,5615
5/12/2022,t40,EPNE,5623,5625
5/12/2022,t40,EPNE,5629,5640
5/12/2022,t40,EPNE,5643,5650
5/12/2022,t40,EPNE,5663,5675
5/12/2022,t40,EPNE,5695,5702
5/12/2022,t40,EPNE,5712,5731
5/12/2022,t40,AMDU2,6803,6816
5/12/2022,t40,EPNE,6833,6843
5/12/2022,t40,EPNE,6881,6884
5/12/2022,t40,EPNE,6927,6933
5/12/2022,t40,EPNE,6937,6947
5/12/2022,t40,AMDU2,7206,7235
5/12/2022,t40,LATR2,8357,8362
5/12/2022,t40,LATR2,8379,8384
5/12/2022,t40,LATR2,8387,8405
5/12/2022,t40,LATR2,8408,8412
5/12/2022,t40,LATR2,8417,8427
5/12/2022,t40,LATR2,8465,8470
5/12/2022,t40,LATR2,9476,9480
5/12/2022,t40,LATR2,9495,9498
5/16/2022,t42,LATR2,1234,1237
5/16/2022,t42,LATR2,1246,1256
5/16/2022,t42,LATR2,2044,2049
5/16/2022,t42,LATR2,2065,2085
5/16/2022,t42,LATR2,2090,2124
5/16/2022,t42,LATR2,2134,2146
5/16/2022,t42,LATR2,2153,2172
5/16/2022,t42,AMDU2,2173,2176
5/16/2022,t42,AMDU2,2585,2589
5/16/2022,t42,AMDU2,2594,2602
5/16/2022,t42,LYAN,3141,3235
5/16/2022,t42,AMDU2,6087,6110
5/16/2022,t42,AMDU2,8356,8410
5/16/2022,t43,KRER,203,218
5/16/2022,t43,KRER,224,241
5/16/2022,t43,LATR2,1140,1151
5/16/2022,t43,LATR2,1169,1174
5/16/2022,t43,LATR2,1481,1485
5/16/2022,t43,LATR2,1509,1526
5/16/2022,t43,LATR2,1548,1573
5/16/2022,t43,LATR2,1578,1588
5/16/2022,t43,AMDU2,1881,1923
5/16/2022,t43,AMDU2,2979,2996
5/16/2022,t43,LYAN,3418,3515
5/16/2022,t43,AMDU2,4031,4059
5/16/2022,t43,AMDU2,4417,4420
5/16/2022,t43,AMDU2,4428,4441
5/16/2022,t43,AMDU2,4550,4556
5/16/2022,t43,AMDU2,4619,4638
5/16/2022,t43,AMDU2,4641,4645
5/16/2022,t43,LYAN,5412,5428
5/16/2022,t43,AMDU2,5434,5439
5/16/2022,t43,EPNE,5486,5492
5/16/2022,t43,LATR2,5512,5516
5/16/2022,t43,LATR2,5520,5522
5/16/2022,t43,LATR2,5524,5535
5/16/2022,t43,KRER,5631,5636
5/16/2022,t43,LATR2,5719,5721
5/16/2022,t43,LATR2,5727,5741
5/16/2022,t43,LATR2,5745,5748
5/16/2022,t43,LATR2,5752,5756
5/16/2022,t43,LATR2,5769,5776
5/16/2022,t43,LATR2,5779,5789
5/16/2022,t43,AMDU2,6025,6035
5/16/2022,t43,AMDU2,6050,6055
5/16/2022,t43,AMDU2,6186,6232
5/16/2022,t43,AMDU2,6265,6276
5/16/2022,t43,AMDU2,6279,6314
5/16/2022,t43,AMDU2,6687,6702
5/16/2022,t43,AMDU2,6705,6748
5/16/2022,t43,LATR2,6953,6955
5/16/2022,t43,LATR2,6959,6962
5/16/2022,t43,LATR2,6972,6980
5/16/2022,t43,LATR2,6999,7008
5/16/2022,t43,LATR2,7899,7921
5/16/2022,t43,AMDU2,8095,8101
5/16/2022,t43,AMDU2,8107,8117
5/16/2022,t43,AMDU2,8126,8135
5/16/2022,t43,VIPA14,8461,8481
5/16/2022,t43,AMDU2,8848,8854
5/16/2022,t43,EPNE,9015,9038
5/16/2022,t43,AMDU2,9121,9127
5/16/2022,t43,AMDU2,9130,9133
5/16/2022,t43,KRER,9290,9295
5/16/2022,t43,LYAN,9979,9988
5/16/2022,t44,LATR2,117,121
5/16/2022,t44,LATR2,141,160
5/16/2022,t44,LATR2,168,174
5/16/2022,t44,LATR2,409,452
5/16/2022,t44,LATR2,458,465
5/16/2022,t44,KRER,992,1002
5/16/2022,t44,KRER,1007,1010
5/16/2022,t44,LYAN,1163,1167
5/16/2022,t44,LATR2,1209,1213
5/16/2022,t44,LATR2,2223,2230
5/16/2022,t44,LATR2,2243,2261
5/16/2022,t44,AMDU2,2876,2906
5/16/2022,t44,LATR2,3421,3430
5/16/2022,t44,LYAN,3456,3464
5/16/2022,t44,EPNE,5909,5931
5/16/2022,t44,EPNE,5937,5940
5/16/2022,t44,EPNE,5946,5951
5/16/2022,t44,EPNE,5953,5957
5/16/2022,t44,EPNE,5962,5971
5/16/2022,t44,EPNE,5979,5990
5/16/2022,t44,KRER,6465,6470
5/16/2022,t44,AMDU2,6771,6774
5/16/2022,t44,KRER,6926,6937
5/16/2022,t44,KRER,6948,6957
5/16/2022,t44,LYAN,7276,7316
5/16/2022,t44,LYAN,7331,7341
5/16/2022,t44,LYAN,7344,7350
5/16/2022,t44,LYAN,7355,7365
5/16/2022,t44,LYAN,7368,7376
5/16/2022,t44,LYAN,7384,7390
5/16/2022,t44,AMDU2,7900,7905
5/16/2022,t44,AMDU2,7914,7920
5/16/2022,t44,AMDU2,7923,7951
5/16/2022,t44,AMDU2,7972,7983
5/16/2022,t44,AMDU2,7985,8008
5/16/2022,t44,AMDU2,8160,8189
5/16/2022,t44,AMDU2,9050,9072
5/16/2022,t44,KRER,9923,9933
5/16/2022,t44,KRER,9936,9957
5/17/2022,t45,VIPA14,160,200
5/17/2022,t45,VIPA14,383,402
5/17/2022,t45,KRER,760,769
5/17/2022,t45,KRER,779,788
5/17/2022,t45,KRER,960,963
5/17/2022,t45,LATR2,1164,1166
5/17/2022,t45,EPNE,1165,1176
5/17/2022,t45,LATR2,1200,1210
5/17/2022,t45,EPNE,1706,1735
5/17/2022,t45,KRER,1754,1758
5/17/2022,t45,KRER,2160,2168
5/17/2022,t45,KRER,3006,3031
5/17/2022,t45,LYAN,3912,3944
5/17/2022,t45,LYAN,3949,3951
5/17/2022,t45,LYAN,3956,3968
5/17/2022,t45,LATR2,3982,3985
5/17/2022,t45,LATR2,3999,4005
5/17/2022,t45,LYAN,4356,4368
5/17/2022,t45,LYAN,4370,4379
5/17/2022,t45,LYAN,5902,5906
5/17/2022,t45,LYAN,5909,5919
5/17/2022,t45,AMDU2,6017,6020
5/17/2022,t45,AMDU2,6050,6060
5/17/2022,t45,AMDU2,6154,6167
5/17/2022,t45,EPNE,6194,6199
5/17/2022,t45,AMDU2,6938,6942
5/17/2022,t45,AMDU2,6945,6972
5/17/2022,t45,AMDU2,7951,7971
5/17/2022,t45,AMDU2,7984,7998
5/17/2022,t45,AMDU2,8088,8091
5/17/2022,t45,SAME,8324,8327
5/17/2022,t45,AMDU2,8350,8352
5/17/2022,t45,LATR2,8414,8421
5/17/2022,t45,LATR2,8424,8428
5/17/2022,t45,LATR2,8507,8514
5/17/2022,t45,LATR2,8521,8525
5/17/2022,t45,LATR2,8537,8541
5/17/2022,t45,LATR2,8546,8560
5/17/2022,t45,LATR2,8598,8601
5/17/2022,t45,KRER,8871,8893
5/17/2022,t45,KRER,8895,8904
5/17/2022,t45,AMDU2,9690,9698
5/17/2022,t46,LATR2,2526,2530
5/17/2022,t46,LATR2,2536,2539
5/17/2022,t46,LATR2,2550,2556
5/17/2022,t46,LATR2,2585,2593
5/17/2022,t46,LATR2,2605,2611
5/17/2022,t46,LYAN,4468,4474
5/17/2022,t46,LYAN,4481,4505
5/17/2022,t46,LATR2,5507,5510
5/17/2022,t46,AMDU2,5540,5544
5/17/2022,t46,GRSP,5545,5607
5/17/2022,t46,KRER,5883,5887
5/17/2022,t46,KRER,5893,5903
5/17/2022,t46,KRER,5908,5928
5/17/2022,t46,KRER,6224,6229
5/17/2022,t46,KRER,6243,6271
5/17/2022,t46,LATR2,6408,6416
5/17/2022,t46,LATR2,6421,6426
5/17/2022,t46,LATR2,6430,6435
5/17/2022,t46,LATR2,6437,6441
5/17/2022,t46,LATR2,6445,6447
5/17/2022,t46,LYAN,6454,6463
5/17/2022,t46,LATR2,6465,6467
5/17/2022,t46,LYAN,6467,6475
5/17/2022,t46,LYAN,6494,6499
5/17/2022,t46,AMDU2,7355,7368
5/17/2022,t46,EPNE,8251,8265
5/17/2022,t46,EPNE,8272,8277
5/17/2022,t46,AMDU2,8589,8592
5/17/2022,t46,KRER,9009,9011
5/17/2022,t46,KRER,9015,9021
5/17/2022,t46,YUSC2,9127,9150
5/17/2022,t46,LYAN,9218,9267
5/17/2022,t46,LYAN,9270,9295
5/17/2022,t46,LYAN,9302,9330
5/17/2022,t47,LYAN,768,772
5/17/2022,t47,LYAN,777,802
5/17/2022,t47,EPNE,1132,1140
5/17/2022,t47,LYAN,1224,1325
5/17/2022,t47,AMDU2,1975,2044
5/17/2022,t47,KRER,2047,2061
5/17/2022,t47,LYAN,2795,2855
5/17/2022,t47,AMDU2,4574,4595
5/17/2022,t47,LATR2,5465,5571
5/17/2022,t47,KRER,6715,6729
5/17/2022,t47,VIPA14,7348,7374
5/17/2022,t47,LATR2,7570,7577
5/17/2022,t47,AMDU2,8785,8819
5/17/2022,t47,AMDU2,9146,9198
5/17/2022,t47,LYAN,9496,9504
5/17/2022,t47,YUSC2,9560,9630
5/18/2022,t48,AMDU2,1061,1079
5/18/2022,t48,KRER,1120,1129
5/18/2022,t48,LATR2,1378,1380
5/18/2022,t48,LATR2,1398,1401
5/18/2022,t48,VIPA14,1911,1920
5/18/2022,t48,VIPA14,2152,2181
5/18/2022,t48,LATR2,3035,3063
5/18/2022,t48,LATR2,3069,3076
5/18/2022,t48,KRER,3405,3437
5/18/2022,t48,LATR2,3442,3451
5/18/2022,t48,LATR2,3471,3473
5/18/2022,t48,KRER,3495,3510
5/18/2022,t48,YUSC2,3516,3518
5/18/2022,t48,YUSC2,3543,3548
5/18/2022,t48,YUSC2,3551,3553
5/18/2022,t48,SAME,3634,3670
5/18/2022,t48,EPNE,4875,4882
5/18/2022,t48,EPNE,4885,4892
5/18/2022,t48,KRER,5222,5226
5/18/2022,t48,KRER,5228,5235
5/18/2022,t48,KRER,5238,5248
5/18/2022,t48,AMDU2,5364,5375
5/18/2022,t48,AMDU2,5377,5380
5/18/2022,t48,AMDU2,5383,5393
5/18/2022,t48,EPNE,5503,5507
5/18/2022,t48,EPNE,5510,5513
5/18/2022,t48,EPNE,5518,5521
5/18/2022,t48,STPA4,5541,5573
5/18/2022,t48,EPNE,5546,5548
5/18/2022,t48,EPNE,5568,5597
5/18/2022,t48,LYAN,7068,7070
5/18/2022,t48,KRER,7070,7080
5/18/2022,t48,KRER,7088,7092
5/18/2022,t48,KRER,7735,7755
5/18/2022,t48,KRER,7758,7765
5/18/2022,t48,AMDU2,7776,7788
5/18/2022,t48,LYAN,7794,7798
5/18/2022,t48,AMDU2,7802,7823
5/18/2022,t48,KRER,7826,7831
5/18/2022,t48,KRER,7904,7913
5/18/2022,t48,AMDU2,7904,7910
5/18/2022,t48,AMDU2,7920,7950
5/18/2022,t48,KRER,7920,7924
5/18/2022,t48,PSCO2,7940,7975
5/18/2022,t48,XYTO2,8015,8018
5/18/2022,t48,AMDU2,8025,8055
5/18/2022,t48,GRSP,8068,8114
5/18/2022,t48,LYAN,8110,8170
5/18/2022,t48,GRSP,8647,8668
5/18/2022,t48,LATR2,9230,9233
5/18/2022,t48,LATR2,9256,9265
5/18/2022,t48,LATR2,9297,9299
5/18/2022,t48,LATR2,9303,9313
5/18/2022,t48,LATR2,9319,9323
5/18/2022,t48,LATR2,9327,9333
5/18/2022,t48,LATR2,9337,9345
5/18/2022,t49,AMDU2,30,65
5/18/2022,t49,GRSP,72,80
5/18/2022,t49,AMDU2,89,124
5/18/2022,t49,AMDU2,260,276
5/18/2022,t49,AMDU2,279,336
5/18/2022,t49,EPNE,422,519
5/18/2022,t49,SAME,608,639
5/18/2022,t49,KRER,1654,1680
5/18/2022,t49,EPNE,1759,1817
5/18/2022,t49,LATR2,1948,1950
5/18/2022,t49,AMDU2,1955,1994
5/18/2022,t49,LATR2,4403,4478
5/18/2022,t49,EPNE,5335,5403
5/18/2022,t49,KRER,5532,5537
5/18/2022,t49,KRER,5548,5551
5/18/2022,t49,KRER,5553,5556
5/18/2022,t49,KRER,5559,5571
5/18/2022,t49,AMDU2,5570,5575
5/18/2022,t49,KRER,5576,5580
5/18/2022,t49,AMDU2,5588,5593
5/18/2022,t49,KRER,5828,5835
5/18/2022,t49,KRER,5838,5856
5/18/2022,t49,AMDU2,5859,5869
5/18/2022,t49,KRER,5871,5891
5/18/2022,t49,LATR2,6201,6204
5/18/2022,t49,LATR2,6258,6263
5/18/2022,t49,LATR2,6266,6273
5/18/2022,t49,LATR2,6277,6286
5/18/2022,t49,LATR2,6298,6304
5/18/2022,t49,AMDU2,7302,7325
5/18/2022,t49,AMDU2,7335,7345
5/18/2022,t49,EPNE,7408,7455
5/18/2022,t49,EPNE,7467,7473
5/18/2022,t49,EPNE,7482,7486
5/18/2022,t49,KRER,7846,7857
5/18/2022,t49,GRSP,7858,7863
5/18/2022,t49,KRER,7872,7880
5/18/2022,t49,GRSP,7873,7876
5/18/2022,t49,GRSP,7878,7882
5/18/2022,t49,GRSP,7884,7910
5/18/2022,t49,KRER,7885,7907
5/18/2022,t49,KRER,7912,7914
5/18/2022,t49,LATR2,8209,8212
5/18/2022,t49,LATR2,8219,8223
5/18/2022,t49,LATR2,8762,8767
5/18/2022,t49,LATR2,8771,8787
5/18/2022,t49,LATR2,8792,8835
5/18/2022,t49,AMDU2,9287,9313
5/18/2022,t49,LATR2,9489,9493
5/18/2022,t49,KRER,9982,10000
5/18/2022,t50,EPNE,69,103
5/18/2022,t50,EPNE,118,175
5/18/2022,t50,LYAN,192,235
5/18/2022,t50,LATR2,505,649
5/18/2022,t50,EPNE,745,805
5/18/2022,t50,LYAN,1072,1145
5/18/2022,t50,AMDU2,3740,3749
5/18/2022,t50,AMDU2,3751,3757
5/18/2022,t50,KRER,3773,3786
5/18/2022,t50,KRER,3798,3800
5/18/2022,t50,LATR2,4382,4410
5/18/2022,t50,KRER,5058,5066
5/18/2022,t50,KRER,5068,5073
5/18/2022,t50,YUSC2,6131,6137
5/18/2022,t50,YUSC2,6141,6150
5/18/2022,t50,YUSC2,6153,6171
5/18/2022,t50,YUSC2,6187,6208
5/18/2022,t50,AMDU2,6307,6312
5/18/2022,t50,AMDU2,6328,6331
5/18/2022,t50,AMDU2,6607,6636
5/18/2022,t50,AMDU2,6772,6776
5/18/2022,t50,SAME,7277,7287
5/18/2022,t50,EPNE,7300,7377
5/18/2022,t50,SAME,7306,7321
5/18/2022,t50,SAME,7364,7374
5/18/2022,t50,SAME,7378,7382
5/18/2022,t50,EPNE,7397,7428
5/18/2022,t50,SAME,7421,7429
5/18/2022,t50,EPNE,7999,8005
5/18/2022,t50,LATR2,8436,8440
5/18/2022,t50,LATR2,8447,8458
5/18/2022,t50,LATR2,8483,8487
5/18/2022,t50,LATR2,8493,8496
5/18/2022,t50,EPNE,8627,8630
5/18/2022,t50,AMDU2,8635,8637
5/18/2022,t50,AMDU2,8645,8650
5/18/2022,t50,EPNE,8679,8682
5/18/2022,t50,LATR2,8684,8693
5/18/2022,t50,LATR2,8723,8739
5/18/2022,t50,LATR2,8743,8748
5/18/2022,t50,LATR2,8752,8760
5/18/2022,t50,LATR2,8766,8773
5/18/2022,t50,LATR2,8838,8862
5/18/2022,t50,LATR2,8865,8869
5/18/2022,t50,LATR2,8878,8881
5/18/2022,t50,KRER,8924,8937
5/18/2022,t50,EPNE,8999,9012
5/18/2022,t50,EPNE,9028,9036
5/18/2022,t50,EPNE,9053,9057
5/18/2022,t50,EPNE,9066,9071
5/18/2022,t50,EPNE,9089,9117
5/18/2022,t50,EPNE,9460,9468
5/18/2022,t50,EPNE,9471,9489
5/18/2022,t50,EPNE,9494,9519
5/18/2022,t50,EPNE,9563,9567
5/18/2022,t50,AMDU2,9784,9788
5/18/2022,t50,AMDU2,9798,9814
5/19/2022,t51,KRER,425,450
5/19/2022,t51,AMDU2,642,673
5/19/2022,t51,AMDU2,676,685
5/19/2022,t51,LATR2,1085,1091
5/19/2022,t51,LATR2,1102,1155
5/19/2022,t51,LATR2,1197,1292
5/19/2022,t51,AMDU2,3474,3486
5/19/2022,t51,LYAN,3500,3542
5/19/2022,t51,LYAN,3570,3656
5/19/2022,t51,AMDU2,3660,3716
5/19/2022,t51,AMDU2,3734,3753
5/19/2022,t51,XYTO2,3756,3766
5/19/2022,t51,XYTO2,3773,3776
5/19/2022,t51,AMDU2,4714,4720
5/19/2022,t51,EPNE,5820,5823
5/19/2022,t51,EPNE,5833,5836
5/19/2022,t51,EPNE,5839,5846
5/19/2022,t51,EPNE,5979,5982
5/19/2022,t51,EPNE,5986,5990
5/19/2022,t51,EPNE,5993,6000
5/19/2022,t51,EPNE,6136,6201
5/19/2022,t51,AMDU2,6913,6920
5/19/2022,t51,AMDU2,8961,8970
5/19/2022,t51,EPNE,9436,9440
5/19/2022,t51,EPNE,9442,9445
5/19/2022,t51,EPNE,9830,9837
5/19/2022,t51,EPNE,9902,9906
5/19/2022,t52,LATR2,601,621
5/19/2022,t52,KRER,1997,2017
5/19/2022,t52,LATR2,2354,2390
5/19/2022,t52,LATR2,2399,2405
5/19/2022,t52,LATR2,2409,2412
5/19/2022,t52,AMDU2,3245,3255
5/19/2022,t52,AMDU2,5905,5909
5/19/2022,t52,AMDU2,5917,5937
5/19/2022,t52,LYAN,6107,6119
5/19/2022,t52,ACSH,6132,6147
5/19/2022,t52,LYAN,6171,6182
5/19/2022,t52,LATR2,6875,6877
5/19/2022,t52,LATR2,6898,6901
5/19/2022,t52,LATR2,6922,6925
5/19/2022,t52,LATR2,6930,6934
5/19/2022,t52,LATR2,7340,7342
5/19/2022,t52,LATR2,7355,7370
5/19/2022,t52,KRER,9602,9606
5/19/2022,t52,YUSC2,9845,9865
5/19/2022,t52,YUSC2,9868,9871
5/19/2022,t52,YUSC2,9879,9895
5/19/2022,t52,YUSC2,9905,9909
5/19/2022,t52,YUSC2,9915,9917
5/24/2022,t53,EPNE,85,162
5/24/2022,t53,LATR2,1119,1143
5/24/2022,t53,LYAN,2926,2983
5/24/2022,t53,LATR2,2944,2950
5/24/2022,t53,YUSC2,3302,3436
5/24/2022,t53,YUSC2,3449,3457
5/24/2022,t53,SAME,3630,3661
5/24/2022,t53,EPNE,4007,4037
5/24/2022,t53,EPNE,4044,4071
5/24/2022,t53,LYAN,4066,4093
5/24/2022,t53,LATR2,4111,4129
5/24/2022,t53,LATR2,4132,4152
5/24/2022,t53,AMDU2,4534,4571
5/24/2022,t53,AMDU2,4841,4862
5/24/2022,t53,AMDU2,4870,4893
5/24/2022,t53,AMDU2,5717,5725
5/24/2022,t53,AMDU2,5887,5910
5/24/2022,t53,AMDU2,5914,5930
5/24/2022,t53,LATR2,6084,6097
5/24/2022,t53,LATR2,6100,6102
5/24/2022,t53,LATR2,6107,6117
5/24/2022,t53,AMDU2,6135,6153
5/24/2022,t53,KRER,6742,6761
5/24/2022,t53,AMDU2,6796,6818
5/24/2022,t53,AMDU2,7226,7230
5/24/2022,t53,KRER,7249,7284
5/24/2022,t53,LATR2,8493,8496
5/24/2022,t53,ACSH,9143,9151
5/24/2022,t53,ACSH,9155,9177
5/24/2022,t53,LATR2,9275,9281
5/24/2022,t53,LATR2,9287,9293
5/24/2022,t53,LATR2,9296,9342
5/24/2022,t53,LATR2,9346,9352
5/24/2022,t53,LATR2,9355,9363
5/24/2022,t53,LATR2,9699,9707
5/24/2022,t53,LATR2,9716,9735
5/24/2022,t53,LATR2,9742,9765
5/24/2022,t53,LATR2,9776,9803
5/24/2022,t53,EPNE,9872,9883
5/24/2022,t53,EPNE,9889,9916
5/24/2022,t53,KRER,9911,9916
5/24/2022,t53,KRER,9940,9950
5/24/2022,t54,ACSH,494,543
5/24/2022,t54,LATR2,667,870
5/24/2022,t54,AMDU2,927,942
5/24/2022,t54,KRER,1723,1780
5/24/2022,t54,AMDU2,2775,2797
5/24/2022,t54,AMDU2,4160,4193
5/24/2022,t54,AMDU2,4210,4227
5/24/2022,t54,EPNE,4450,4496
5/24/2022,t54,LATR2,4491,4520
5/24/2022,t54,LATR2,4881,4921
5/24/2022,t54,AMDU2,5428,5484
5/24/2022,t54,AMDU2,6525,6533
5/24/2022,t54,KRER,7429,7440
5/24/2022,t54,AMDU2,9130,9142
5/24/2022,t54,LATR2,9582,9596
5/24/2022,t54,LATR2,9611,9628
5/24/2022,t54,LATR2,9665,9680
5/24/2022,t54,AMDU2,9778,9804
5/24/2022,t54,AMDU2,9942,9973
5/25/2022,t55,LATR2,1050,1101
5/25/2022,t55,AMDU2,1476,1480
5/25/2022,t55,AMDU2,1656,1699
5/25/2022,t55,KRER,1707,1741
5/25/2022,t55,KRER,1746,1751
5/25/2022,t55,AMDU2,3593,3618
5/25/2022,t55,AMDU2,3675,3683
5/25/2022,t55,AMDU2,3691,3698
5/25/2022,t55,AMDU2,3704,3707
5/25/2022,t55,LATR2,4020,4025
5/25/2022,t55,LATR2,4033,4051
5/25/2022,t55,LATR2,4067,4083
5/25/2022,t55,LATR2,4091,4098
5/25/2022,t55,LATR2,4137,4147
5/25/2022,t55,AMDU2,5126,5136
5/25/2022,t55,AMDU2,5138,5152
5/25/2022,t55,LATR2,5560,5563
5/25/2022,t55,LATR2,5566,5569
5/25/2022,t55,LATR2,5586,5593
5/25/2022,t55,LATR2,5604,5607
5/25/2022,t55,LATR2,5612,5622
5/25/2022,t55,LATR2,5625,5628
5/25/2022,t55,LATR2,5640,5649
5/25/2022,t55,KRER,7349,7365
5/25/2022,t55,KRER,7369,7376
5/25/2022,t55,KRER,7380,7406
5/25/2022,t55,LATR2,8688,8692
5/25/2022,t55,LATR2,8695,8699
5/25/2022,t55,LATR2,8703,8713
5/25/2022,t55,LATR2,8732,8762
5/25/2022,t55,LATR2,8767,8776
5/25/2022,t55,LATR2,8778,8787
5/25/2022,t55,LATR2,9234,9246
5/25/2022,t55,LATR2,9262,9269
5/25/2022,t55,LATR2,9282,9285
5/25/2022,t56,AMDU2,31,40
5/25/2022,t56,LATR2,639,651
5/25/2022,t56,LATR2,659,672
5/25/2022,t56,LYAN,694,719
5/25/2022,t56,LYAN,722,731
5/25/2022,t56,LYAN,757,760
5/25/2022,t56,LATR2,793,829
5/25/2022,t56,LATR2,837,843
5/25/2022,t56,LATR2,849,863
5/25/2022,t56,AMDU2,2329,2351
5/25/2022,t56,AMDU2,2506,2520
5/25/2022,t56,AMDU2,2524,2536
5/25/2022,t56,AMDU2,3202,3205
5/25/2022,t56,LATR2,4063,4069
5/25/2022,t56,EPNE,4084,4090
5/25/2022,t56,KRER,4349,4363
5/25/2022,t56,KRER,4367,4409
5/25/2022,t56,LATR2,4511,4517
5/25/2022,t56,LATR2,4545,4586
5/25/2022,t56,LATR2,5604,5638
5/25/2022,t56,LATR2,5677,5682
5/25/2022,t56,LATR2,5686,5688
5/25/2022,t56,LATR2,5695,5697
5/25/2022,t56,LATR2,5703,5713
5/25/2022,t56,LATR2,5724,5730
5/25/2022,t56,AMDU2,6592,6606
5/25/2022,t56,LATR2,6626,6634
5/25/2022,t56,LATR2,6637,6652
5/25/2022,t56,LATR2,7597,7609
5/25/2022,t56,LATR2,7613,7623
5/25/2022,t56,LATR2,7628,7639
5/25/2022,t56,LATR2,7643,7650
5/25/2022,t56,AMDU2,8376,8388
5/25/2022,t56,GRSP,8394,8412
5/25/2022,t56,LATR2,8763,8767
5/25/2022,t56,LATR2,8770,8779
5/25/2022,t56,KRER,9115,9142
5/25/2022,t56,LATR2,9140,9144
5/25/2022,t56,AMDU2,9199,9204
5/25/2022,t56,EPNE,9608,9651
5/25/2022,t56,AMDU2,9732,9757
5/25/2022,t57,AMDU2,180,214
5/25/2022,t57,AMDU2,369,393
5/25/2022,t57,LATR2,770,777
5/25/2022,t57,LATR2,791,797
5/25/2022,t57,LATR2,805,807
5/25/2022,t57,LATR2,1190,1192
5/25/2022,t57,LATR2,1212,1241
5/25/2022,t57,LATR2,4105,4144
5/25/2022,t57,LATR2,4158,4160
5/25/2022,t57,LATR2,4440,4442
5/25/2022,t57,LATR2,4451,4463
5/25/2022,t57,LATR2,4466,4549
5/25/2022,t57,LATR2,5201,5205
5/25/2022,t57,LATR2,5213,5216
5/25/2022,t57,LATR2,5218,5224
5/25/2022,t57,LATR2,5237,5242
5/25/2022,t57,AMDU2,5646,5672
5/25/2022,t57,AMDU2,5675,5678
5/25/2022,t57,AMDU2,5682,5699
5/25/2022,t57,LATR2,7292,7314
5/25/2022,t57,LATR2,7317,7334
5/25/2022,t57,LATR2,7337,7346
5/25/2022,t57,LATR2,7354,7365
5/25/2022,t57,LATR2,7570,7574
5/25/2022,t57,LATR2,7584,7586
5/25/2022,t57,LATR2,9784,9792
5/25/2022,t57,LATR2,9800,9804
5/25/2022,t57,LATR2,9829,9832
5/30/2022,t58,AMDU2,1207,1254
5/30/2022,t58,AMDU2,1446,1477
5/30/2022,t58,LATR2,1476,1516
5/30/2022,t58,AMDU2,1485,1503
5/30/2022,t58,AMDU2,1515,1531
5/30/2022,t58,AMDU2,2055,2059
5/30/2022,t58,AMDU2,2093,2098
5/30/2022,t58,AMDU2,2105,2111
5/30/2022,t58,AMDU2,2167,2192
5/30/2022,t58,EPNE,3110,3114
5/30/2022,t58,AMDU2,3484,3488
5/30/2022,t58,AMDU2,3498,3537
5/30/2022,t58,AMDU2,3813,3849
5/30/2022,t58,AMDU2,4064,4080
5/30/2022,t58,AMDU2,4088,4107
5/30/2022,t58,AMDU2,4114,4119
5/30/2022,t58,LATR2,4667,4744
5/30/2022,t58,LATR2,4758,4760
5/30/2022,t58,LATR2,4782,4788
5/30/2022,t58,LATR2,4802,4823
5/30/2022,t58,LATR2,7676,7680
5/30/2022,t58,LATR2,7683,7696
5/30/2022,t58,LATR2,7700,7706
5/30/2022,t58,LATR2,7711,7723
5/30/2022,t58,LATR2,7741,7748
5/30/2022,t58,LATR2,7754,7770
5/30/2022,t58,LATR2,7791,7793
5/30/2022,t58,AMDU2,8605,8610
5/30/2022,t58,LATR2,8631,8634
5/30/2022,t58,AMDU2,9945,9961
5/30/2022,t59,LATR2,6,84
5/30/2022,t59,LATR2,91,99
5/30/2022,t59,LATR2,107,110
5/30/2022,t59,LATR2,763,773
5/30/2022,t59,LATR2,1419,1421
5/30/2022,t59,LATR2,1745,1751
5/30/2022,t59,LATR2,1754,1756
5/30/2022,t59,LATR2,1758,1761
5/30/2022,t59,LATR2,1763,1765
5/30/2022,t59,LATR2,1772,1779
5/30/2022,t59,KRER,2268,2303
5/30/2022,t59,AMDU2,2494,2523
5/30/2022,t59,LATR2,2677,2689
5/30/2022,t59,LATR2,2714,2746
5/30/2022,t59,AMDU2,2755,2772
5/30/2022,t59,AMDU2,3387,3396
5/30/2022,t59,AMDU2,3403,3432
5/30/2022,t59,LYAN,3513,3540
5/30/2022,t59,AMDU2,4105,4114
5/30/2022,t59,AMDU2,4523,4526
5/30/2022,t59,LATR2,4752,4756
5/30/2022,t59,LATR2,4770,4820
5/30/2022,t59,AMDU2,4833,4871
5/30/2022,t59,EPNE,5068,5096
5/30/2022,t59,AMDU2,5110,5114
5/30/2022,t59,AMDU2,5118,5121
5/30/2022,t59,AMDU2,5260,5264
5/30/2022,t59,AMDU2,5272,5276
5/30/2022,t59,EPNE,5534,5550
5/30/2022,t59,EPNE,5553,5558
5/30/2022,t59,EPNE,5784,5840
5/30/2022,t59,EPNE,5852,5858
5/30/2022,t59,AMDU2,8282,8317
5/30/2022,t59,AMDU2,8320,8323
5/30/2022,t59,AMDU2,8329,8341
5/30/2022,t59,AMDU2,8862,8878
5/30/2022,t60,KRER,20,24
5/30/2022,t60,KRER,74,85
5/30/2022,t60,LYAN,93,148
5/30/2022,t60,AMDU2,230,234
5/30/2022,t60,AMDU2,337,348
5/30/2022,t60,AMDU2,604,639
5/30/2022,t60,LATR2,838,842
5/30/2022,t60,AMDU2,946,955
5/30/2022,t60,AMDU2,960,971
5/30/2022,t60,LATR2,962,967
5/30/2022,t60,KRER,1042,1052
5/30/2022,t60,LATR2,1302,1316
5/30/2022,t60,LATR2,1321,1341
5/30/2022,t60,GRSP,1702,1733
5/30/2022,t60,LATR2,1800,1810
5/30/2022,t60,LATR2,1825,1840
5/30/2022,t60,LATR2,1845,1865
5/30/2022,t60,AMDU2,1900,1907
5/30/2022,t60,LYAN,1921,1927
5/30/2022,t60,AMDU2,2010,2037
5/30/2022,t60,AMDU2,2045,2054
5/30/2022,t60,VIPA14,2075,2078
5/30/2022,t60,VIPA14,2131,2140
5/30/2022,t60,VIPA14,2144,2146
5/30/2022,t60,VIPA14,2150,2152
5/30/2022,t60,SAME,2273,2316
5/30/2022,t60,LATR2,2319,2456
5/30/2022,t60,SAME,2332,2336
5/30/2022,t60,AMDU2,2355,2359
5/30/2022,t60,LATR2,2460,2520
5/30/2022,t60,LATR2,2525,2554
5/30/2022,t60,AMDU2,2543,2561
5/30/2022,t60,EPNE,2660,2668
5/30/2022,t60,AMDU2,3483,3546
5/30/2022,t60,AMDU2,3715,3771
5/30/2022,t60,LYAN,3829,3856
5/30/2022,t60,EPNE,3839,3847
5/30/2022,t60,LYAN,3854,3863
5/30/2022,t60,EPNE,3870,3920
5/30/2022,t60,KRER,4083,4116
5/30/2022,t60,LATR2,4215,4262
5/30/2022,t60,AMDU2,4264,4285
5/30/2022,t60,AMDU2,4656,4674
5/30/2022,t60,AMDU2,5082,5088
5/30/2022,t60,AMDU2,5094,5099
5/30/2022,t60,AMDU2,5127,5176
5/30/2022,t60,LATR2,5269,5280
5/30/2022,t60,GRSP,5274,5291
5/30/2022,t60,GRSP,5307,5314
5/30/2022,t60,AMDU2,5594,5600
5/30/2022,t60,AMDU2,5602,5607
5/30/2022,t60,AMDU2,6187,6193
5/30/2022,t60,AMDU2,6196,6207
5/30/2022,t60,ACSP,6207,6215
5/30/2022,t60,KRER,6308,6313
5/30/2022,t60,AMDU2,6374,6376
5/30/2022,t60,AMDU2,6430,6434
5/30/2022,t60,LYAN,6524,6574
5/30/2022,t60,AMDU2,6595,6621
5/30/2022,t60,AMDU2,6625,6638
5/30/2022,t60,EPNE,6648,6654
5/30/2022,t60,YUSC2,6690,6694
5/30/2022,t60,LATR2,6728,6731
5/30/2022,t60,AMDU2,6729,6741
5/30/2022,t60,EPNE,6845,6849
5/30/2022,t60,EPNE,6852,6857
5/30/2022,t60,EPNE,6874,6884
5/30/2022,t60,AMDU2,7076,7079
5/30/2022,t60,LYAN,7283,7288
5/30/2022,t60,LYAN,7291,7315
5/30/2022,t60,EPNE,7346,7365
5/30/2022,t60,EPNE,7372,7394
5/30/2022,t60,LYAN,7855,7870
5/30/2022,t60,LYAN,7874,7879
5/30/2022,t60,LYAN,7881,7883
5/30/2022,t60,LATR2,7882,7901
5/30/2022,t60,AMDU2,7932,7938
5/30/2022,t60,AMDU2,7942,7944
5/30/2022,t60,LATR2,9300,9306
5/30/2022,t60,LATR2,9315,9334
5/30/2022,t60,LATR2,9337,9346
5/30/2022,t60,AMDU2,9349,9355
5/30/2022,t60,LATR2,9384,9389
5/30/2022,t60,LYAN,9904,9990
5/30/2022,t60,LYAN,9996,10000
5/31/2022,t61,AMDU2,168,192
5/31/2022,t61,AMDU2,219,234
5/31/2022,t61,AMDU2,243,252
5/31/2022,t61,KRER,375,384
5/31/2022,t61,KRER,388,391
5/31/2022,t61,KRER,395,399
5/31/2022,t61,KRER,401,416
5/31/2022,t61,LATR2,678,688
5/31/2022,t61,LATR2,698,726
5/31/2022,t61,LATR2,730,738
5/31/2022,t61,LATR2,744,772
5/31/2022,t61,LATR2,778,788
5/31/2022,t61,LATR2,816,834
5/31/2022,t61,LATR2,860,868
5/31/2022,t61,LATR2,883,890
5/31/2022,t61,LATR2,904,909
5/31/2022,t61,LATR2,1177,1196
5/31/2022,t61,LATR2,1209,1237
5/31/2022,t61,LATR2,1240,1255
5/31/2022,t61,LATR2,1260,1264
5/31/2022,t61,LATR2,1447,1451
5/31/2022,t61,LATR2,1466,1471
5/31/2022,t61,LATR2,1478,1498
5/31/2022,t61,LATR2,1505,1532
5/31/2022,t61,LATR2,1537,1545
5/31/2022,t61,EPNE,1723,1736
5/31/2022,t61,EPNE,1763,1765
5/31/2022,t61,EPNE,1802,1805
5/31/2022,t61,AMDU2,2025,2048
5/31/2022,t61,AMDU2,2071,2101
5/31/2022,t61,AMDU2,2110,2114
5/31/2022,t61,AMDU2,2180,2191
5/31/2022,t61,AMDU2,2287,2300
5/31/2022,t61,AMDU2,2308,2349
5/31/2022,t61,LATR2,2854,2857
5/31/2022,t61,AMDU2,3443,3460
5/31/2022,t61,LYAN,4798,4860
5/31/2022,t61,LATR2,7501,7505
5/31/2022,t61,KRER,7525,7538
5/31/2022,t61,LATR2,7540,7544
5/31/2022,t61,EPNE,7577,7579
5/31/2022,t61,EPNE,7590,7595
5/31/2022,t61,LATR2,7604,7607
5/31/2022,t61,LATR2,7622,7625
5/31/2022,t61,AMDU2,7630,7633
5/31/2022,t61,AMDU2,7648,7652
5/31/2022,t61,AMDU2,7655,7679
5/31/2022,t61,EPNE,7859,7865
5/31/2022,t61,AMDU2,7910,7920
5/31/2022,t61,LATR2,8795,8802
5/31/2022,t61,LATR2,8817,8820
5/31/2022,t61,LATR2,8841,8844
5/31/2022,t61,LATR2,8850,8855
5/31/2022,t61,LATR2,8867,8870
5/31/2022,t61,LATR2,8955,8967
5/31/2022,t61,KRER,9863,9875
5/31/2022,t62,EPNE,147,153
5/31/2022,t62,AMDU2,162,190
5/31/2022,t62,VIPA14,537,552
5/31/2022,t62,EPNE,1177,1214
5/31/2022,t62,KRER,1298,1307
5/31/2022,t62,SAME,1501,1538
5/31/2022,t62,SAME,1547,1553
5/31/2022,t62,AMDU2,2081,2121
5/31/2022,t62,AMDU2,2389,2416
5/31/2022,t62,AMDU2,2727,2737
5/31/2022,t62,EPNE,3704,3720
5/31/2022,t62,AMDU2,4783,4786
5/31/2022,t62,GRSP,4795,4803
5/31/2022,t62,AMDU2,4806,4812
5/31/2022,t62,KRER,5162,5165
5/31/2022,t62,KRER,5190,5205
5/31/2022,t62,KRER,5209,5238
5/31/2022,t62,LATR2,5223,5232
5/31/2022,t62,AMDU2,5242,5256
5/31/2022,t62,AMDU2,5514,5543
5/31/2022,t62,AMDU2,5855,5859
5/31/2022,t62,YUSC2,5860,5864
5/31/2022,t62,AMDU2,5865,5868
5/31/2022,t62,YUSC2,5870,5873
5/31/2022,t62,KRER,5871,5875
5/31/2022,t62,GRSP,5875,5882
5/31/2022,t62,YUSC2,5876,5881
5/31/2022,t62,AMDU2,5919,5932
5/31/2022,t62,GRSP,6093,6097
5/31/2022,t62,GRSP,6099,6105
5/31/2022,t62,GRSP,6112,6135
5/31/2022,t62,GRSP,6137,6140
5/31/2022,t62,LATR2,6648,6655
5/31/2022,t62,LATR2,6665,6683
6/1/2022,t63,AMDU2,34,41
6/1/2022,t63,AMDU2,50,53
6/1/2022,t63,AMDU2,114,134
6/1/2022,t63,AMDU2,138,163
6/1/2022,t63,AMDU2,165,175
6/1/2022,t63,KRER,234,249
6/1/2022,t63,PSCO2,335,345
6/1/2022,t63,LATR2,472,485
6/1/2022,t63,AMDU2,542,568
6/1/2022,t63,YUSC2,633,835
6/1/2022,t63,EPNE,1279,1286
6/1/2022,t63,AMDU2,1477,1493
6/1/2022,t63,AMDU2,1495,1499
6/1/2022,t63,AMDU2,1998,2015
6/1/2022,t63,AMDU2,2019,2024
6/1/2022,t63,LATR2,2370,2397
6/1/2022,t63,LATR2,2407,2409
6/1/2022,t63,LATR2,2415,2439
6/1/2022,t63,LATR2,2446,2458
6/1/2022,t63,LATR2,2467,2477
6/1/2022,t63,LATR2,3018,3028
6/1/2022,t63,LATR2,3066,3132
6/1/2022,t63,KRER,3133,3143
6/1/2022,t63,EPNE,3204,3222
6/1/2022,t63,EPNE,3224,3228
6/1/2022,t63,KRER,3489,3492
6/1/2022,t63,KRER,3501,3504
6/1/2022,t63,AMDU2,4480,4486
6/1/2022,t63,EPNE,4493,4550
6/1/2022,t63,LATR2,4776,4804
6/1/2022,t63,KRER,4885,4920
6/1/2022,t63,KRER,4927,4938
6/1/2022,t63,AMDU2,5199,5202
6/1/2022,t63,AMDU2,5207,5243
6/1/2022,t63,AMDU2,5364,5388
6/1/2022,t63,AMDU2,5642,5645
6/1/2022,t63,LYAN,5649,5657
6/1/2022,t63,AMDU2,5670,5681
6/1/2022,t63,LATR2,6333,6336
6/1/2022,t63,GRSP,6623,6626
6/1/2022,t63,EPNE,6629,6633
6/1/2022,t63,LATR2,6650,6654
6/1/2022,t63,EPNE,6686,6689
6/1/2022,t63,EPNE,6693,6701
6/1/2022,t63,EPNE,6708,6729
6/1/2022,t63,EPNE,6750,6791
6/1/2022,t63,KRER,7147,7153
6/1/2022,t63,KRER,7155,7160
6/1/2022,t63,KRER,7171,7175
6/1/2022,t63,KRER,8234,8276
6/1/2022,t63,KRER,8288,8296
6/1/2022,t63,AMDU2,8693,8700
6/1/2022,t63,AMDU2,8703,8714
6/1/2022,t63,AMDU2,8735,8763
6/1/2022,t63,AMDU2,9266,9280
6/1/2022,t63,AMDU2,9283,9304
6/1/2022,t63,AMDU2,9316,9322
6/1/2022,t63,AMDU2,9511,9515
6/1/2022,t63,LYAN,9526,9541
6/1/2022,t63,LYAN,9576,9592
6/1/2022,t63,LYAN,9598,9626
6/1/2022,t64,LATR2,628,663
6/1/2022,t64,LATR2,668,678
6/1/2022,t64,LATR2,682,686
6/1/2022,t64,AMDU2,1737,1746
6/1/2022,t64,AMDU2,1749,1761
6/1/2022,t64,AMDU2,1768,1771
6/1/2022,t64,YUSC2,2564,2567
6/1/2022,t64,YUSC2,2578,2580
6/1/2022,t64,LATR2,3083,3093
6/1/2022,t64,LATR2,3098,3107
6/1/2022,t64,KRER,3417,3426
6/1/2022,t64,LATR2,5177,5184
6/1/2022,t64,LATR2,5217,5238
6/1/2022,t64,LATR2,5243,5246
6/1/2022,t64,LATR2,5248,5263
6/1/2022,t64,LATR2,5267,5274
6/1/2022,t64,LATR2,5284,5290
6/1/2022,t64,KRER,6224,6229
6/1/2022,t64,KRER,6232,6243
6/1/2022,t64,KRER,6591,6595
6/1/2022,t64,KRER,6603,6609
6/1/2022,t64,KRER,6612,6621
6/1/2022,t64,KRER,6640,6645
6/1/2022,t64,AMDU2,6963,6972
6/1/2022,t64,AMDU2,6975,6990
6/1/2022,t64,LATR2,7340,7344
6/1/2022,t64,LATR2,7481,7490
6/1/2022,t64,LATR2,7509,7513
6/1/2022,t64,AMDU2,7647,7660
6/1/2022,t64,LYAN,7668,7742
6/1/2022,t64,LYAN,7750,7763
6/1/2022,t64,KRER,8586,8604
6/1/2022,t64,LATR2,8707,8725
6/1/2022,t64,AMDU2,9373,9390
6/1/2022,t64,AMDU2,9423,9429
6/1/2022,t64,AMDU2,9435,9454
6/1/2022,t64,AMDU2,9456,9460
6/1/2022,t64,AMDU2,9661,9682
6/2/2022,t65,AMDU2,563,575
6/2/2022,t65,LATR2,1017,1024
6/2/2022,t65,LATR2,1039,1104
6/2/2022,t65,LATR2,1115,1134
6/2/2022,t65,KRER,1203,1209
6/2/2022,t65,AMDU2,1454,1457
6/2/2022,t65,AMDU2,1741,1745
6/2/2022,t65,AMDU2,1753,1757
6/2/2022,t65,AMDU2,1759,1766
6/2/2022,t65,AMDU2,1788,1801
6/2/2022,t65,LATR2,3097,3108
6/2/2022,t65,LATR2,3110,3118
6/2/2022,t65,LATR2,3162,3167
6/2/2022,t65,LATR2,3190,3192
6/2/2022,t65,LATR2,3201,3203
6/2/2022,t65,LATR2,4150,4183
6/2/2022,t65,LATR2,4191,4220
6/2/2022,t65,EPNE,4380,4388
6/2/2022,t65,AMDU2,4385,4388
6/2/2022,t65,AMDU2,4406,4416
6/2/2022,t65,AMDU2,4431,4445
6/2/2022,t65,AMDU2,6805,6813
6/2/2022,t65,AMDU2,6815,6824
6/2/2022,t65,LATR2,6866,6873
6/2/2022,t65,LATR2,6877,6881
6/2/2022,t65,LATR2,6885,6888
6/2/2022,t65,LATR2,6895,6900
6/2/2022,t65,LATR2,6907,6911
6/2/2022,t65,LATR2,7558,7561
6/2/2022,t65,LATR2,7567,7575
6/2/2022,t65,LATR2,7579,7603
6/2/2022,t65,LATR2,7612,7643
6/2/2022,t65,LATR2,7657,7674
6/2/2022,t65,LATR2,7683,7691
6/2/2022,t65,LATR2,8310,8317
6/2/2022,t65,LATR2,8321,8325
6/2/2022,t65,LATR2,8334,8341
6/2/2022,t65,AMDU2,8460,8464
6/2/2022,t65,EPNE,8615,8658
6/2/2022,t65,AMDU2,9311,9321
6/2/2022,t65,AMDU2,9700,9707
6/2/2022,t65,AMDU2,9709,9712
6/2/2022,t66,AMDU2,175,211
6/2/2022,t66,YUSC2,577,583
6/2/2022,t66,YUSC2,596,644
6/2/2022,t66,AMDU2,637,644
6/2/2022,t66,KRER,981,983
6/2/2022,t66,AMDU2,1283,1308
6/2/2022,t66,EPNE,1784,1787
6/2/2022,t66,KRER,1998,2020
6/2/2022,t66,KRER,2058,2065
6/2/2022,t66,KRER,2069,2090
6/2/2022,t66,LATR2,2318,2341
6/2/2022,t66,AMDU2,2347,2357
6/2/2022,t66,AMDU2,2362,2366
6/2/2022,t66,AMDU2,2395,2412
6/2/2022,t66,AMDU2,2429,2481
6/2/2022,t66,AMDU2,2557,2561
6/2/2022,t66,LATR2,3174,3187
6/2/2022,t66,AMDU2,3696,3727
6/2/2022,t66,KRER,4081,4105
6/2/2022,t66,LATR2,4270,4273
6/2/2022,t66,LATR2,4283,4295
6/2/2022,t66,LATR2,4304,4318
6/2/2022,t66,LATR2,4331,4333
6/2/2022,t66,LATR2,4337,4343
6/2/2022,t66,YUSC2,5063,5069
6/2/2022,t66,YUSC2,5072,5126
6/2/2022,t66,YUSC2,5131,5135
6/2/2022,t66,AMDU2,5196,5203
6/2/2022,t66,LATR2,5743,5750
6/2/2022,t66,KRER,6205,6208
6/2/2022,t66,KRER,6210,6226
6/2/2022,t66,EPNE,6303,6314
6/2/2022,t66,AMDU2,6532,6539
6/2/2022,t66,LYAN,6990,6993
6/2/2022,t66,LATR2,6994,7000
6/2/2022,t66,LATR2,7002,7007
6/2/2022,t66,LATR2,7617,7620
6/2/2022,t66,LATR2,7633,7635
6/2/2022,t66,LATR2,7687,7692
6/2/2022,t66,AMDU2,8347,8355
6/2/2022,t66,AMDU2,8382,8386
6/2/2022,t66,AMDU2,8475,8492
6/2/2022,t66,EPNE,8753,8759
6/2/2022,t66,AMDU2,9000,9012
6/2/2022,t66,AMDU2,9255,9260
6/2/2022,t66,AMDU2,9265,9289
6/2/2022,t66,AMDU2,9536,9540
6/2/2022,t66,AMDU2,9554,9573
6/2/2022,t66,AMDU2,9575,9583
6/6/2022,t67,LYAN,132,147
6/6/2022,t67,LYAN,151,200
6/6/2022,t67,LYAN,205,229
6/6/2022,t67,AMDU2,237,243
6/6/2022,t67,KRER,434,440
6/6/2022,t67,KRER,444,467
6/6/2022,t67,EPNE,691,707
6/6/2022,t67,EPNE,710,715
6/6/2022,t67,LATR2,716,718
6/6/2022,t67,LATR2,729,741
6/6/2022,t67,LATR2,1828,1834
6/6/2022,t67,LATR2,1862,1870
6/6/2022,t67,LYAN,1877,1899
6/6/2022,t67,LATR2,1893,1910
6/6/2022,t67,LATR2,1935,1982
6/6/2022,t67,AMDU2,3720,3774
6/6/2022,t67,LATR2,4229,4233
6/6/2022,t67,LATR2,4241,4244
6/6/2022,t67,LATR2,4271,4275
6/6/2022,t67,EPNE,4291,4303
6/6/2022,t67,LATR2,4298,4302
6/6/2022,t67,LATR2,4327,4330
6/6/2022,t67,EPNE,4346,4358
6/6/2022,t67,EPNE,4390,4405
6/6/2022,t67,LATR2,5977,5982
6/6/2022,t67,LATR2,5992,6007
6/6/2022,t67,LYAN,6177,6187
6/6/2022,t67,LYAN,6200,6205
6/6/2022,t67,LYAN,6221,6237
6/6/2022,t67,LYAN,6240,6249
6/6/2022,t67,LYAN,6253,6263
6/6/2022,t67,LYAN,6265,6271
6/6/2022,t67,LATR2,9340,9344
6/6/2022,t67,LATR2,9350,9356
6/6/2022,t67,LATR2,9365,9374
6/6/2022,t67,LATR2,9401,9405
6/6/2022,t67,LATR2,9423,9426
6/6/2022,t67,LATR2,9435,9439
6/6/2022,t67,ATCO4,9718,9730
6/6/2022,t67,ATCO4,9736,9762
6/6/2022,t67,ATCO4,9770,9777
6/6/2022,t68,LATR2,831,864
6/6/2022,t68,LATR2,872,904
6/6/2022,t68,LATR2,912,925
6/6/2022,t68,AMDU2,1844,1847
6/6/2022,t68,AMDU2,1849,1857
6/6/2022,t68,AMDU2,2059,2077
6/6/2022,t68,AMDU2,2080,2106
6/6/2022,t68,LATR2,2221,2228
6/6/2022,t68,LATR2,2237,2289
6/6/2022,t68,EPNE,2285,2311
6/6/2022,t68,AMDU2,2333,2381
6/6/2022,t68,YUSC2,2693,2695
6/6/2022,t68,YUSC2,2702,2712
6/6/2022,t68,YUSC2,2720,2759
6/6/2022,t68,YUSC2,2780,2783
6/6/2022,t68,YUSC2,2797,2800
6/6/2022,t68,LYAN,2971,2976
6/6/2022,t68,LYAN,2994,3034
6/6/2022,t68,AMDU2,3428,3452
6/6/2022,t69,AMDU2,589,592
6/6/2022,t69,KRER,1992,2053
6/6/2022,t69,AMDU2,2233,2261
6/6/2022,t69,AMDU2,2267,2292
6/6/2022,t69,AMDU2,2414,2457
6/6/2022,t69,AMDU2,2470,2474
6/6/2022,t69,LATR2,4315,4317
6/6/2022,t69,LATR2,4342,4377
6/6/2022,t69,LATR2,4384,4388
6/6/2022,t69,AMDU2,4387,4405
6/6/2022,t69,LATR2,4401,4414
6/6/2022,t69,LATR2,4425,4438
6/6/2022,t69,LATR2,4448,4451
6/6/2022,t69,LATR2,4485,4487
6/6/2022,t69,AMDU2,4867,4872
6/6/2022,t69,AMDU2,4939,4950
6/6/2022,t69,AMDU2,4958,4964
6/6/2022,t69,AMDU2,4968,4972
6/6/2022,t69,AMDU2,5230,5233
6/6/2022,t69,KRER,5774,5803
6/6/2022,t69,KRER,5807,5820
6/6/2022,t69,KRER,5823,5831
6/6/2022,t69,AMDU2,6279,6282
6/6/2022,t69,AMDU2,6309,6313
6/6/2022,t69,AMDU2,6319,6325
6/6/2022,t69,LATR2,7029,7032
6/6/2022,t69,LATR2,7036,7047
6/6/2022,t69,LATR2,7058,7063
6/6/2022,t69,LATR2,7084,7096
6/6/2022,t69,LATR2,7103,7108
6/6/2022,t69,LATR2,7111,7117
6/6/2022,t69,LYAN,7220,7271
6/6/2022,t69,EPNE,7360,7388
6/6/2022,t69,EPNE,7394,7403
6/6/2022,t69,EPNE,7426,7442
6/6/2022,t69,EPNE,7476,7490
6/6/2022,t69,SAME,7522,7532
6/6/2022,t69,YUSC2,7688,7780
6/6/2022,t69,SAME,7761,7783
6/6/2022,t69,YUSC2,7785,7804
6/6/2022,t69,YUSC2,7807,7815
6/6/2022,t69,YUSC2,7877,7930
6/6/2022,t69,YUSC2,7950,7953
6/6/2022,t69,AMDU2,8024,8028
6/6/2022,t69,AMDU2,8031,8124
6/6/2022,t69,LATR2,8363,8374
6/6/2022,t69,LATR2,8384,8392
6/6/2022,t69,LYAN,8517,8537
6/7/2022,t70,KRER,709,728
6/7/2022,t70,AMDU2,772,785
6/7/2022,t70,AMDU2,2094,2128
6/7/2022,t70,AMDU2,2581,2591
6/7/2022,t70,AMDU2,2594,2597
6/7/2022,t70,LYAN,3601,3631
6/7/2022,t70,LYAN,3641,3657
6/7/2022,t70,LYAN,3677,3679
6/7/2022,t70,AMDU2,5862,5867
6/7/2022,t70,LYAN,7228,7236
6/7/2022,t70,LYAN,7311,7317
6/7/2022,t70,AMDU2,7346,7349
6/7/2022,t70,AMDU2,7352,7365
6/7/2022,t70,AMDU2,7367,7380
6/7/2022,t70,LATR2,9891,9894
6/7/2022,t70,LATR2,9904,9911
6/7/2022,t70,LATR2,9918,9920
6/7/2022,t70,LATR2,9938,9941
6/7/2022,t70,LATR2,9950,9955
6/7/2022,t71,LATR2,1827,1833
6/7/2022,t71,LYAN,2220,2239
6/7/2022,t71,LYAN,2242,2260
6/7/2022,t71,ATCO4,3320,3324
6/7/2022,t71,KRER,3335,3338
6/7/2022,t71,EPNE,4093,4096
6/7/2022,t71,EPNE,4100,4103
6/7/2022,t71,EPNE,4116,4128
6/7/2022,t71,LATR2,4446,4458
6/7/2022,t71,LATR2,4473,4523
6/7/2022,t71,AMDU2,4671,4727
6/7/2022,t71,AMDU2,4732,4739
6/7/2022,t71,AMDU2,5040,5043
6/7/2022,t71,AMDU2,5241,5260
6/7/2022,t71,LATR2,5807,5810
6/7/2022,t71,LATR2,5821,5825
6/7/2022,t71,LATR2,5850,5855
6/7/2022,t71,ATCO4,6786,6811
6/7/2022,t71,LATR2,7013,7018
6/7/2022,t71,LATR2,7028,7031
6/7/2022,t71,LATR2,7046,7057
6/7/2022,t71,GRSP,7571,7574
6/7/2022,t71,GRSP,7577,7581
6/7/2022,t71,GRSP,7588,7601
6/7/2022,t71,GRSP,7603,7606
6/7/2022,t71,GRSP,7608,7617
6/7/2022,t71,AMDU2,7725,7757
6/7/2022,t71,AMDU2,8471,8496
6/7/2022,t71,AMDU2,8510,8526
6/7/2022,t71,STPA4,9134,9138
6/7/2022,t71,STPA4,9140,9144
6/7/2022,t71,AMDU2,9452,9460
7/5/2022,t41,KRER,8,12
7/5/2022,t41,LATR2,313,334
7/5/2022,t41,LATR2,339,345
7/5/2022,t41,LATR2,347,354
7/5/2022,t41,AMDU2,461,507
7/5/2022,t41,LATR2,1157,1165
7/5/2022,t41,EPNE,1505,1517
7/5/2022,t41,EPNE,1522,1582
7/5/2022,t41,LATR2,1825,1898
7/5/2022,t41,AMDU2,1950,1973
7/5/2022,t41,EPNE,2303,2308
7/5/2022,t41,EPNE,2313,2333
7/5/2022,t41,LATR2,2507,2513
7/5/2022,t41,LATR2,2524,2546
7/5/2022,t41,LATR2,2561,2587
7/5/2022,t41,LATR2,2602,2605
7/5/2022,t41,LATR2,2622,2625
7/5/2022,t41,LATR2,2640,2649
7/5/2022,t41,LATR2,2657,2688
7/5/2022,t41,LATR2,2713,2716
7/5/2022,t41,AMDU2,2891,2904
7/5/2022,t41,AMDU2,3115,3156
7/5/2022,t41,AMDU2,3281,3341
7/5/2022,t41,EPNE,3522,3556
7/5/2022,t41,EPNE,3570,3576
7/5/2022,t41,EPNE,3582,3590
7/5/2022,t41,AMDU2,3667,3706
7/5/2022,t41,EPNE,3915,3967
7/5/2022,t41,KRER,4179,4222
7/5/2022,t41,LATR2,4279,4288
7/5/2022,t41,AMDU2,4363,4379
7/5/2022,t41,PSCO2,4610,4633
7/5/2022,t41,EPNE,4898,4927
7/5/2022,t41,LATR2,5103,5160
7/5/2022,t41,AMDU2,5835,5870
7/5/2022,t41,LATR2,5853,5866
7/5/2022,t41,KRER,5973,6020
7/5/2022,t41,AMDU2,6228,6260
7/5/2022,t41,EPNE,6949,6953
7/5/2022,t41,EPNE,6960,6993
7/5/2022,t41,EPNE,6999,7010
7/5/2022,t41,KRER,8289,8346
7/5/2022,t41,AMDU2,9183,9185
7/5/2022,t41,AMDU2,9972,10000
7/6/2022,t5,EPNE,230,237
7/6/2022,t5,AMDU2,450,453
7/6/2022,t5,AMDU2,460,465
7/6/2022,t5,AMDU2,481,487
7/6/2022,t5,LATR2,635,678
7/6/2022,t5,EPNE,685,689
7/6/2022,t5,AMDU2,942,952
7/6/2022,t5,AMDU2,956,983
7/6/2022,t5,AMDU2,1313,1320
7/6/2022,t5,AMDU2,1341,1344
7/6/2022,t5,AMDU2,1347,1376
7/6/2022,t5,KRER,1813,1829
7/6/2022,t5,KRER,2316,2337
7/6/2022,t5,LATR2,3451,3453
7/6/2022,t5,AMDU2,3742,3760
7/6/2022,t5,AMDU2,3775,3786
7/6/2022,t5,AMDU2,3791,3800
7/6/2022,t5,AMDU2,4578,4600
7/6/2022,t5,AMDU2,4604,4619
7/6/2022,t5,AMDU2,4636,4640
7/6/2022,t5,EPNE,4734,4800
7/6/2022,t5,AMDU2,4788,4804
7/6/2022,t5,YUSC2,5085,5090
7/6/2022,t5,YUSC2,5099,5138
7/6/2022,t5,KRER,6282,6308
7/6/2022,t5,KRER,6670,6678
7/6/2022,t5,KRER,6700,6734
7/6/2022,t5,AMDU2,6933,6940
7/6/2022,t5,AMDU2,6945,6949
7/6/2022,t5,AMDU2,7735,7770
7/6/2022,t5,KRER,8063,8090
7/6/2022,t5,AMDU2,8182,8186
7/6/2022,t5,LATR2,8332,8350
7/6/2022,t5,LATR2,8360,8390
7/6/2022,t5,KRER,8506,8510
7/6/2022,t5,LATR2,9115,9118
7/6/2022,t5,EPNE,9577,9585
7/6/2022,t5,KRER,9655,9695
7/6/2022,t5,EPNE,9852,9876
7/6/2022,t5,EPNE,9892,9894
7/6/2022,t5,EPNE,9912,9951
7/25/2022,t72,LATR2,3,6
7/25/2022,t72,LATR2,216,219
7/25/2022,t72,LATR2,889,902
7/25/2022,t72,AMDU2,1869,1875
7/25/2022,t72,PSCO2,2380,2390
7/25/2022,t72,AMDU2,3212,3224
7/25/2022,t72,LATR2,3570,3575
7/25/2022,t72,AMDU2,5286,5297
7/25/2022,t72,AMDU2,5610,5632
7/25/2022,t72,LATR2,5969,5972
7/25/2022,t72,LATR2,6405,6412
7/25/2022,t72,AMDU2,6420,6434
7/25/2022,t72,LATR2,7087,7104
7/25/2022,t72,EPNE,7307,7311
7/25/2022,t72,SAME,8184,8201
7/25/2022,t72,EPNE,8446,8452
7/25/2022,t72,YUSC2,9857,9890
