date,transect,rock_type,start_cm,stop_cm
6/29/2022,t2,G,0,38
6/29/2022,t2,G,42,71
6/29/2022,t2,G,78,93
6/29/2022,t2,C,93,99
6/29/2022,t2,G,99,169
6/29/2022,t2,G,176,178
6/29/2022,t2,G,187,193
6/29/2022,t2,G,211,339
6/29/2022,t2,G,347,446
6/29/2022,t2,S,446,463
6/29/2022,t2,G,468,484
6/29/2022,t2,G,493,496
6/29/2022,t2,G,539,589
6/29/2022,t2,C,589,597
6/29/2022,t2,G,602,624
6/29/2022,t2,C,625,642
6/29/2022,t2,G,644,687
6/29/2022,t2,C,691,709
6/29/2022,t2,G,709,870
6/29/2022,t2,G,920,1123
6/29/2022,t2,G,1135,1141
6/29/2022,t2,G,1244,1358
6/29/2022,t2,G,1399,1494
6/29/2022,t2,C,1494,1499
6/29/2022,t2,G,1499,2096
6/29/2022,t2,G,2105,2129
6/29/2022,t2,G,2137,2153
6/29/2022,t2,G,2274,2774
6/29/2022,t2,G,2781,2958
6/29/2022,t2,G,2963,3083
6/29/2022,t2,G,3097,3117
6/29/2022,t2,G,3152,3165
6/29/2022,t2,G,3229,3410
6/29/2022,t2,G,3500,3607
6/29/2022,t2,G,3677,3897
6/29/2022,t2,G,3912,3915
6/29/2022,t2,G,3952,4521
6/29/2022,t2,C,4521,4530
6/29/2022,t2,G,4530,4587
6/29/2022,t2,G,4690,5137
6/29/2022,t2,G,5291,5331
6/29/2022,t2,G,5451,5461
6/29/2022,t2,G,5490,5801
6/29/2022,t2,G,5931,5970
6/29/2022,t2,G,5986,6045
6/29/2022,t2,G,6143,6184
6/29/2022,t2,C,6196,6202
6/29/2022,t2,G,6202,6393
6/29/2022,t2,G,6402,6442
6/29/2022,t2,G,6515,6681
6/29/2022,t2,G,6692,6720
6/29/2022,t2,G,6735,6760
6/29/2022,t2,G,6825,7037
6/29/2022,t2,G,7042,7045
6/29/2022,t2,G,7117,7173
6/29/2022,t2,G,7182,7191
6/29/2022,t2,G,7197,7205
6/29/2022,t2,G,7217,7386
6/29/2022,t2,G,7394,7479
6/29/2022,t2,G,7641,7662
6/29/2022,t2,G,7676,7734
6/29/2022,t2,G,7745,7786
6/29/2022,t2,G,7860,8004
6/29/2022,t2,G,8054,8216
6/29/2022,t2,C,8216,8225
6/29/2022,t2,G,8225,8280
6/29/2022,t2,G,8309,8316
6/29/2022,t2,G,8350,8357
6/29/2022,t2,G,8375,8387
6/29/2022,t2,G,8431,8582
6/29/2022,t2,C,8582,8589
6/29/2022,t2,G,8589,8807
6/29/2022,t2,C,8807,8811
6/29/2022,t2,G,8811,8901
6/29/2022,t2,C,8901,8910
6/29/2022,t2,G,8910,8957
6/29/2022,t2,C,8957,8978
6/29/2022,t2,G,8978,9079
6/29/2022,t2,G,9089,9095
6/29/2022,t2,G,9109,9351
6/29/2022,t2,G,9491,9544
6/29/2022,t2,G,9581,9602
6/29/2022,t2,G,9641,9933
6/29/2022,t2,G,9965,10000
6/29/2022,t3,G,0,51
6/29/2022,t3,G,79,85
6/29/2022,t3,G,97,175
6/29/2022,t3,G,182,187
6/29/2022,t3,G,197,208
6/29/2022,t3,G,233,236
6/29/2022,t3,G,330,334
6/29/2022,t3,G,398,442
6/29/2022,t3,G,463,607
6/29/2022,t3,G,664,704
6/29/2022,t3,G,713,729
6/29/2022,t3,G,748,880
6/29/2022,t3,G,935,937
6/29/2022,t3,G,947,975
6/29/2022,t3,G,983,1007
6/29/2022,t3,G,1067,1355
6/29/2022,t3,C,1355,1364
6/29/2022,t3,G,1364,1779
6/29/2022,t3,C,1779,1783
6/29/2022,t3,G,1783,1917
6/29/2022,t3,C,1917,1922
6/29/2022,t3,G,1922,2463
6/29/2022,t3,G,2473,2517
6/29/2022,t3,G,2549,3006
6/29/2022,t3,G,3038,3416
6/29/2022,t3,G,3438,3499
6/29/2022,t3,G,3610,4148
6/29/2022,t3,G,4320,4420
6/29/2022,t3,G,4550,4831
6/29/2022,t3,G,4860,4894
6/29/2022,t3,G,4969,5132
6/29/2022,t3,G,5146,5369
6/29/2022,t3,G,5377,5381
6/29/2022,t3,G,5431,5517
6/29/2022,t3,C,5517,5521
6/29/2022,t3,G,5521,5606
6/29/2022,t3,G,5664,6000
6/29/2022,t3,G,6048,6384
6/29/2022,t3,G,6411,6453
6/29/2022,t3,G,6476,6607
6/29/2022,t3,G,6667,6970
6/29/2022,t3,C,6970,6978
6/29/2022,t3,G,6978,7028
6/29/2022,t3,C,7028,7036
6/29/2022,t3,G,7036,7097
6/29/2022,t3,C,7097,7105
6/29/2022,t3,G,7105,7540
6/29/2022,t3,G,7603,7613
6/29/2022,t3,G,7624,7867
6/29/2022,t3,G,7942,8463
6/29/2022,t3,C,8463,8468
6/29/2022,t3,G,8468,8695
6/29/2022,t3,G,8913,9160
6/29/2022,t3,G,9258,9748
6/29/2022,t3,G,9880,10000
7/5/2022,t4,G,0,110
7/5/2022,t4,C,110,119
7/5/2022,t4,G,119,142
7/5/2022,t4,C,142,147
7/5/2022,t4,G,147,194
7/5/2022,t4,C,194,205
7/5/2022,t4,G,205,214
7/5/2022,t4,C,214,220
7/5/2022,t4,G,220,248
7/5/2022,t4,C,248,254
7/5/2022,t4,G,254,288
7/5/2022,t4,C,288,305
7/5/2022,t4,G,305,313
7/5/2022,t4,G,323,329
7/5/2022,t4,G,393,421
7/5/2022,t4,C,421,427
7/5/2022,t4,G,436,536
7/5/2022,t4,C,536,543
7/5/2022,t4,G,543,565
7/5/2022,t4,G,649,805
7/5/2022,t4,G,814,871
7/5/2022,t4,G,906,913
7/5/2022,t4,G,922,991
7/5/2022,t4,C,991,999
7/5/2022,t4,G,999,1012
7/5/2022,t4,C,1012,1016
7/5/2022,t4,G,1016,1050
7/5/2022,t4,C,1050,1058
7/5/2022,t4,G,1058,1246
7/5/2022,t4,C,1246,1252
7/5/2022,t4,G,1252,1267
7/5/2022,t4,C,1267,1278
7/5/2022,t4,G,1278,1296
7/5/2022,t4,C,1296,1305
7/5/2022,t4,G,1305,1920
7/5/2022,t4,C,1920,1926
7/5/2022,t4,G,1926,2249
7/5/2022,t4,C,2249,2254
7/5/2022,t4,G,2254,2261
7/5/2022,t4,C,2261,2265
7/5/2022,t4,G,2265,3266
7/5/2022,t4,G,3272,3284
7/5/2022,t4,G,3287,3459
7/5/2022,t4,G,3577,3671
7/5/2022,t4,G,3690,3797
7/5/2022,t4,G,3808,4167
7/5/2022,t4,G,4359,4365
7/5/2022,t4,C,4365,4371
7/5/2022,t4,C,4421,4429
7/5/2022,t4,G,4431,4497
7/5/2022,t4,G,4502,4519
7/5/2022,t4,G,4531,4597
7/5/2022,t4,G,4760,4779
7/5/2022,t4,G,4789,4835
7/5/2022,t4,G,4880,4983
7/5/2022,t4,G,5019,5054
7/5/2022,t4,C,5054,5067
7/5/2022,t4,G,5062,5193
7/5/2022,t4,G,5263,5269
7/5/2022,t4,G,5284,5335
7/5/2022,t4,G,5380,5749
7/5/2022,t4,G,5797,6195
7/5/2022,t4,G,6280,6392
7/5/2022,t4,G,6442,6560
7/5/2022,t4,C,6560,6568
7/5/2022,t4,G,6568,6601
7/5/2022,t4,G,6661,6740
7/5/2022,t4,C,6740,6757
7/5/2022,t4,G,6757,7229
7/5/2022,t4,G,7287,7358
7/5/2022,t4,G,7401,7792
7/5/2022,t4,C,7792,7801
7/5/2022,t4,G,7801,8136
7/5/2022,t4,G,8249,8352
7/5/2022,t4,C,8352,8361
7/5/2022,t4,G,8361,8455
7/5/2022,t4,C,8455,8463
7/5/2022,t4,G,8463,8486
7/5/2022,t4,C,8486,8493
7/5/2022,t4,G,8493,8560
7/5/2022,t4,C,8560,8576
7/5/2022,t4,G,8576,8621
7/5/2022,t4,C,8621,8627
7/5/2022,t4,G,8627,8692
7/5/2022,t4,C,8692,8703
7/5/2022,t4,G,8703,8747
7/5/2022,t4,C,8851,8859
7/5/2022,t4,G,8868,8942
7/5/2022,t4,C,8942,8949
7/5/2022,t4,G,8949,9164
7/5/2022,t4,C,9164,9172
7/5/2022,t4,G,9172,9207
7/5/2022,t4,C,9207,9211
7/5/2022,t4,C,9213,9233
7/5/2022,t4,G,9233,9308
7/5/2022,t4,C,9308,9321
7/5/2022,t4,G,9321,9351
7/5/2022,t4,C,9351,9359
7/5/2022,t4,G,9359,9789
7/5/2022,t4,G,9851,9899
7/5/2022,t4,G,9990,10000
7/5/2022,t41,G,39,62
7/5/2022,t41,C,62,67
7/5/2022,t41,G,70,73
7/5/2022,t41,G,76,283
7/5/2022,t41,C,283,296
7/5/2022,t41,G,296,300
7/5/2022,t41,G,352,468
7/5/2022,t41,G,498,661
7/5/2022,t41,G,669,712
7/5/2022,t41,C,712,717
7/5/2022,t41,G,717,810
7/5/2022,t41,C,810,819
7/5/2022,t41,G,819,822
7/5/2022,t41,C,822,832
7/5/2022,t41,G,832,981
7/5/2022,t41,C,981,986
7/5/2022,t41,G,986,1244
7/5/2022,t41,C,1244,1252
7/5/2022,t41,G,1252,1465
7/5/2022,t41,G,1475,1520
7/5/2022,t41,G,1580,1593
7/5/2022,t41,C,1593,1602
7/5/2022,t41,G,1602,1612
7/5/2022,t41,G,1622,1813
7/5/2022,t41,C,1813,1824
7/5/2022,t41,G,1824,1834
7/5/2022,t41,G,1871,1876
7/5/2022,t41,G,1881,1936
7/5/2022,t41,G,1990,2104
7/5/2022,t41,C,2104,2110
7/5/2022,t41,G,2113,2116
7/5/2022,t41,C,2116,2121
7/5/2022,t41,G,2121,2160
7/5/2022,t41,C,2165,2175
7/5/2022,t41,G,2175,2338
7/5/2022,t41,G,2659,3114
7/5/2022,t41,G,3149,3489
7/5/2022,t41,S,3489,3504
7/5/2022,t41,G,3504,3507
7/5/2022,t41,C,3507,3515
7/5/2022,t41,C,3585,3598
7/5/2022,t41,C,3611,3620
7/5/2022,t41,G,3623,3640
7/5/2022,t41,C,3640,3654
7/5/2022,t41,G,3654,3678
7/5/2022,t41,G,3710,3918
7/5/2022,t41,S,3958,3976
7/5/2022,t41,G,3976,4175
7/5/2022,t41,G,4272,4354
7/5/2022,t41,G,4389,4407
7/5/2022,t41,C,4407,4419
7/5/2022,t41,G,4422,4526
7/5/2022,t41,C,4526,4539
7/5/2022,t41,G,4539,4580
7/5/2022,t41,G,4582,4600
7/5/2022,t41,G,4605,4609
7/5/2022,t41,G,4628,4964
7/5/2022,t41,G,4975,4989
7/5/2022,t41,C,5083,5096
7/5/2022,t41,G,5101,5104
7/5/2022,t41,G,5109,5114
7/5/2022,t41,G,5173,5829
7/5/2022,t41,G,5906,5939
7/5/2022,t41,G,6036,6230
7/5/2022,t41,G,6278,6325
7/5/2022,t41,C,6325,6335
7/5/2022,t41,G,6344,6434
7/5/2022,t41,G,6444,6536
7/5/2022,t41,C,6536,6542
7/5/2022,t41,G,6542,6544
7/5/2022,t41,C,6544,6552
7/5/2022,t41,G,6555,6572
7/5/2022,t41,G,6579,6688
7/5/2022,t41,G,6738,6792
7/5/2022,t41,C,6792,6796
7/5/2022,t41,C,6805,6811
7/5/2022,t41,G,6811,6928
7/5/2022,t41,G,7005,7161
7/5/2022,t41,C,7161,7174
7/5/2022,t41,G,7174,7187
7/5/2022,t41,C,7187,7216
7/5/2022,t41,G,7216,7222
7/5/2022,t41,B,7222,7289
7/5/2022,t41,G,7289,7388
7/5/2022,t41,C,7388,7392
7/5/2022,t41,G,7392,7413
7/5/2022,t41,C,7413,7418
7/5/2022,t41,G,7418,7420
7/5/2022,t41,C,7420,7432
7/5/2022,t41,G,7432,7505
7/5/2022,t41,C,7505,7513
7/5/2022,t41,G,7513,7516
7/5/2022,t41,C,7516,7523
7/5/2022,t41,G,7523,7655
7/5/2022,t41,C,7655,7671
7/5/2022,t41,G,7671,7838
7/5/2022,t41,C,7838,7844
7/5/2022,t41,G,7844,8293
7/5/2022,t41,G,8341,8620
7/5/2022,t41,C,8620,8625
7/5/2022,t41,G,8625,8690
7/5/2022,t41,C,8690,8696
7/5/2022,t41,G,8696,8981
7/5/2022,t41,G,8990,9159
7/5/2022,t41,G,9238,9680
7/5/2022,t41,G,9693,9696
7/5/2022,t41,G,9702,9965
7/6/2022,t1,G,2,8
7/6/2022,t1,G,19,24
7/6/2022,t1,G,36,621
7/6/2022,t1,G,685,737
7/6/2022,t1,G,744,757
7/6/2022,t1,S,789,808
7/6/2022,t1,S,873,887
7/6/2022,t1,G,887,890
7/6/2022,t1,C,890,900
7/6/2022,t1,G,900,945
7/6/2022,t1,C,945,954
7/6/2022,t1,G,954,998
7/6/2022,t1,G,1093,1108
7/6/2022,t1,C,1108,1117
7/6/2022,t1,S,1163,1198
7/6/2022,t1,G,1227,1332
7/6/2022,t1,C,1332,1339
7/6/2022,t1,G,1339,1361
7/6/2022,t1,G,1370,1376
7/6/2022,t1,G,1382,1385
7/6/2022,t1,G,1429,1432
7/6/2022,t1,G,1443,1593
7/6/2022,t1,G,1629,1643
7/6/2022,t1,G,1656,1682
7/6/2022,t1,C,1682,1693
7/6/2022,t1,G,1693,1716
7/6/2022,t1,G,1750,1819
7/6/2022,t1,G,1884,1898
7/6/2022,t1,G,1903,2540
7/6/2022,t1,G,2651,2830
7/6/2022,t1,G,2852,3099
7/6/2022,t1,G,3163,3418
7/6/2022,t1,G,3447,3909
7/6/2022,t1,G,3916,3919
7/6/2022,t1,C,3957,3967
7/6/2022,t1,G,3967,4063
7/6/2022,t1,C,4063,4071
7/6/2022,t1,G,4071,4478
7/6/2022,t1,C,4513,4525
7/6/2022,t1,S,4536,4545
7/6/2022,t1,S,4597,4621
7/6/2022,t1,G,4628,4752
7/6/2022,t1,G,4814,5306
7/6/2022,t1,C,5306,5312
7/6/2022,t1,G,5312,5452
7/6/2022,t1,G,5532,5604
7/6/2022,t1,C,5604,5613
7/6/2022,t1,G,5617,5823
7/6/2022,t1,C,5823,5832
7/6/2022,t1,G,5832,5995
7/6/2022,t1,G,6040,6590
7/6/2022,t1,G,6647,6729
7/6/2022,t1,C,6729,6739
7/6/2022,t1,G,6739,6798
7/6/2022,t1,C,6798,6830
7/6/2022,t1,G,6830,7032
7/6/2022,t1,B,7032,7084
7/6/2022,t1,G,7150,7183
7/6/2022,t1,G,7186,7192
7/6/2022,t1,G,7196,7225
7/6/2022,t1,G,7227,7286
7/6/2022,t1,G,7291,7767
7/6/2022,t1,G,7778,8187
7/6/2022,t1,G,8255,8305
7/6/2022,t1,G,8317,8332
7/6/2022,t1,C,8479,8491
7/6/2022,t1,G,8564,8751
7/6/2022,t1,C,8751,8759
7/6/2022,t1,G,8759,8852
7/6/2022,t1,G,8930,9008
7/6/2022,t1,G,9114,9780
7/6/2022,t1,C,9780,9788
7/6/2022,t1,G,9788,10000
7/6/2022,t5,G,18,29
7/6/2022,t5,G,33,74
7/6/2022,t5,C,74,80
7/6/2022,t5,G,82,152
7/6/2022,t5,G,166,187
7/6/2022,t5,G,246,423
7/6/2022,t5,G,519,540
7/6/2022,t5,G,548,595
7/6/2022,t5,G,610,613
7/6/2022,t5,G,713,758
7/6/2022,t5,G,775,782
7/6/2022,t5,G,797,802
7/6/2022,t5,G,822,953
7/6/2022,t5,G,960,1021
7/6/2022,t5,G,1036,1055
7/6/2022,t5,G,1072,1189
7/6/2022,t5,G,1196,1222
7/6/2022,t5,G,1246,1251
7/6/2022,t5,G,1263,1267
7/6/2022,t5,G,1272,1276
7/6/2022,t5,G,1283,1289
7/6/2022,t5,G,1397,1404
7/6/2022,t5,G,1417,1501
7/6/2022,t5,G,1567,1747
7/6/2022,t5,G,1872,2309
7/6/2022,t5,G,2342,3427
7/6/2022,t5,G,3575,3760
7/6/2022,t5,G,3763,3770
7/6/2022,t5,G,3797,4568
7/6/2022,t5,G,4640,4726
7/6/2022,t5,G,4838,5029
7/6/2022,t5,G,5040,5123
7/6/2022,t5,G,5135,5178
7/6/2022,t5,G,5189,5193
7/6/2022,t5,G,5251,5262
7/6/2022,t5,G,5281,5402
7/6/2022,t5,G,5448,5453
7/6/2022,t5,G,5467,5473
7/6/2022,t5,G,5481,5522
7/6/2022,t5,G,5544,5610
7/6/2022,t5,G,5671,5676
7/6/2022,t5,G,5679,5682
7/6/2022,t5,G,5887,5975
7/6/2022,t5,G,6110,6133
7/6/2022,t5,G,6150,6287
7/6/2022,t5,G,6320,6574
7/6/2022,t5,G,6757,6786
7/6/2022,t5,G,6842,6867
7/6/2022,t5,G,6890,6920
7/6/2022,t5,G,6980,7004
7/6/2022,t5,G,7016,7149
7/6/2022,t5,G,7274,7279
7/6/2022,t5,G,7296,7346
7/6/2022,t5,G,7445,7725
7/6/2022,t5,C,7725,7729
7/6/2022,t5,G,7731,7737
7/6/2022,t5,G,7774,7843
7/6/2022,t5,G,7854,8052
7/6/2022,t5,G,8111,8174
7/6/2022,t5,G,8221,8264
7/6/2022,t5,G,8429,8490
7/6/2022,t5,G,8560,8614
7/6/2022,t5,G,8649,8655
7/6/2022,t5,C,8676,8685
7/6/2022,t5,G,8698,8709
7/6/2022,t5,G,8788,8791
7/6/2022,t5,G,8800,8866
7/6/2022,t5,G,8874,9410
7/6/2022,t5,G,9449,9457
7/6/2022,t5,C,9457,9467
7/6/2022,t5,G,9471,9475
7/6/2022,t5,G,9481,9484
7/6/2022,t5,G,9500,9546
7/6/2022,t5,G,9554,9560
7/6/2022,t5,G,9594,9597
7/6/2022,t5,G,9623,9652
7/6/2022,t5,G,9702,9820
7/6/2022,t5,G,9975,10000
7/7/2022,t6,G,0,73
7/7/2022,t6,G,133,355
7/7/2022,t6,G,494,505
7/7/2022,t6,G,517,678
7/7/2022,t6,G,710,1181
7/7/2022,t6,G,1280,1875
7/7/2022,t6,G,1906,1967
7/7/2022,t6,G,2221,2225
7/7/2022,t6,G,2235,2240
7/7/2022,t6,G,2266,2303
7/7/2022,t6,C,2303,2309
7/7/2022,t6,G,2309,2388
7/7/2022,t6,C,2388,2395
7/7/2022,t6,G,2395,2888
7/7/2022,t6,G,2955,3104
7/7/2022,t6,G,3390,3688
7/7/2022,t6,G,3750,3982
7/7/2022,t6,G,4007,4110
7/7/2022,t6,G,4316,5048
7/7/2022,t6,G,5060,6606
7/7/2022,t6,G,6610,6628
7/7/2022,t6,G,6631,6680
7/7/2022,t6,G,6682,6860
7/7/2022,t6,G,6936,6999
7/7/2022,t6,G,7173,7230
7/7/2022,t6,G,7235,7239
7/7/2022,t6,G,7253,7266
7/7/2022,t6,G,7273,7284
7/7/2022,t6,G,7303,7305
7/7/2022,t6,G,7321,7461
7/7/2022,t6,G,7466,7470
7/7/2022,t6,G,7498,7654
7/7/2022,t6,G,7660,7667
7/7/2022,t6,G,7671,7684
7/7/2022,t6,G,7749,7769
7/7/2022,t6,G,7784,7850
7/7/2022,t6,G,8016,8154
7/7/2022,t6,G,8165,8174
7/7/2022,t6,G,8188,8695
7/7/2022,t6,G,8707,8722
7/7/2022,t6,G,8734,8741
7/7/2022,t6,C,8759,8768
7/7/2022,t6,G,9025,9313
7/7/2022,t6,G,9558,9907
7/7/2022,t6,G,9915,10000
7/7/2022,t7,G,0,251
7/7/2022,t7,G,538,773
7/7/2022,t7,G,787,2300
7/7/2022,t7,G,2497,2520
7/7/2022,t7,G,2547,3009
7/7/2022,t7,G,3196,3790
7/7/2022,t7,G,3797,3801
7/7/2022,t7,G,3850,3863
7/7/2022,t7,G,3950,4271
7/7/2022,t7,G,4415,4656
7/7/2022,t7,G,4720,4923
7/7/2022,t7,G,5031,5439
7/7/2022,t7,G,5478,5671
7/7/2022,t7,G,5762,5903
7/7/2022,t7,G,6025,6028
7/7/2022,t7,G,6059,6136
7/7/2022,t7,G,6190,6210
7/7/2022,t7,G,6308,6331
7/7/2022,t7,G,6349,6411
7/7/2022,t7,G,6531,6540
7/7/2022,t7,G,6548,6817
7/7/2022,t7,G,6920,7033
7/7/2022,t7,G,7150,7916
7/7/2022,t7,G,8050,8879
7/7/2022,t7,C,8879,8884
7/7/2022,t7,G,8884,10000
7/8/2022,t32,G,11,179
7/8/2022,t32,C,179,183
7/8/2022,t32,G,183,437
7/8/2022,t32,C,437,445
7/8/2022,t32,G,445,448
7/8/2022,t32,C,448,457
7/8/2022,t32,G,457,475
7/8/2022,t32,C,475,483
7/8/2022,t32,G,483,821
7/8/2022,t32,G,842,960
7/8/2022,t32,G,1005,1311
7/8/2022,t32,G,1357,1523
7/8/2022,t32,G,1540,2070
7/8/2022,t32,C,2070,2077
7/8/2022,t32,G,2077,2108
7/8/2022,t32,C,2108,2115
7/8/2022,t32,G,2115,2899
7/8/2022,t32,G,3012,3256
7/8/2022,t32,C,3256,3262
7/8/2022,t32,G,3262,3282
7/8/2022,t32,G,3339,3719
7/8/2022,t32,G,3723,3949
7/8/2022,t32,C,3956,3963
7/8/2022,t32,G,3963,3966
7/8/2022,t32,G,4067,4210
7/8/2022,t32,G,4281,4410
7/8/2022,t32,C,4410,4416
7/8/2022,t32,C,4426,4435
7/8/2022,t32,S,4536,4560
7/8/2022,t32,C,4571,4589
7/8/2022,t32,G,4605,4609
7/8/2022,t32,C,4612,4616
7/8/2022,t32,S,4626,4640
7/8/2022,t32,C,4643,4650
7/8/2022,t32,C,4665,4670
7/8/2022,t32,G,4670,4677
7/8/2022,t32,G,4684,4695
7/8/2022,t32,S,4721,4733
7/8/2022,t32,S,4740,4760
7/8/2022,t32,G,4760,4764
7/8/2022,t32,C,4768,4793
7/8/2022,t32,G,4793,4797
7/8/2022,t32,C,4798,4802
7/8/2022,t32,G,4807,4819
7/8/2022,t32,C,4829,4843
7/8/2022,t32,G,4843,4963
7/8/2022,t32,C,4963,4972
7/8/2022,t32,G,4972,5444
7/8/2022,t32,C,5444,5454
7/8/2022,t32,G,5454,5516
7/8/2022,t32,C,5516,5523
7/8/2022,t32,G,5526,5537
7/8/2022,t32,C,5565,5575
7/8/2022,t32,G,5575,5611
7/8/2022,t32,C,5616,5628
7/8/2022,t32,G,5628,5633
7/8/2022,t32,G,5638,5662
7/8/2022,t32,C,5662,5673
7/8/2022,t32,G,5673,5678
7/8/2022,t32,S,5678,5701
7/8/2022,t32,G,5701,5740
7/8/2022,t32,G,5824,5846
7/8/2022,t32,S,5846,5856
7/8/2022,t32,C,5859,5864
7/8/2022,t32,G,5864,5884
7/8/2022,t32,C,5884,5895
7/8/2022,t32,G,5895,5905
7/8/2022,t32,C,5913,5931
7/8/2022,t32,G,5931,5939
7/8/2022,t32,C,5941,5949
7/8/2022,t32,G,5949,6005
7/8/2022,t32,C,6005,6013
7/8/2022,t32,G,6015,6039
7/8/2022,t32,C,6039,6043
7/8/2022,t32,G,6045,6088
7/8/2022,t32,C,6088,6102
7/8/2022,t32,G,6102,6105
7/8/2022,t32,C,6105,6110
7/8/2022,t32,G,6110,6122
7/8/2022,t32,S,6122,6133
7/8/2022,t32,G,6137,6245
7/8/2022,t32,C,6245,6250
7/8/2022,t32,G,6250,6287
7/8/2022,t32,G,6377,6381
7/8/2022,t32,C,6381,6388
7/8/2022,t32,G,6388,6470
7/8/2022,t32,G,6515,6540
7/8/2022,t32,C,6540,6548
7/8/2022,t32,G,6548,6554
7/8/2022,t32,C,6554,6557
7/8/2022,t32,G,6557,6624
7/8/2022,t32,C,6624,6639
7/8/2022,t32,G,6641,6656
7/8/2022,t32,G,6664,6672
7/8/2022,t32,C,6672,6683
7/8/2022,t32,G,6684,6691
7/8/2022,t32,C,6691,6700
7/8/2022,t32,G,6700,6811
7/8/2022,t32,C,6811,6816
7/8/2022,t32,G,6816,6825
7/8/2022,t32,C,6825,6833
7/8/2022,t32,G,6833,6844
7/8/2022,t32,C,6850,6866
7/8/2022,t32,G,6866,6877
7/8/2022,t32,C,6877,6887
7/8/2022,t32,C,6890,6897
7/8/2022,t32,G,6901,7219
7/8/2022,t32,G,7293,7504
7/8/2022,t32,C,7504,7507
7/8/2022,t32,G,7527,7554
7/8/2022,t32,C,7554,7559
7/8/2022,t32,G,7559,7566
7/8/2022,t32,C,7566,7576
7/8/2022,t32,G,7576,7954
7/8/2022,t32,G,7959,7964
7/8/2022,t32,G,7968,7995
7/8/2022,t32,C,7995,8011
7/8/2022,t32,G,8011,8069
7/8/2022,t32,C,8069,8072
7/8/2022,t32,G,8072,8082
7/8/2022,t32,C,8082,8088
7/8/2022,t32,G,8088,8133
7/8/2022,t32,C,8133,8138
7/8/2022,t32,G,8151,8231
7/8/2022,t32,C,8231,8240
7/8/2022,t32,G,8243,8479
7/8/2022,t32,G,8660,8704
7/8/2022,t32,C,8704,8714
7/8/2022,t32,G,8714,8747
7/8/2022,t32,C,8747,8761
7/8/2022,t32,G,8761,8786
7/8/2022,t32,C,8786,8795
7/8/2022,t32,G,8795,8877
7/8/2022,t32,C,8877,8892
7/8/2022,t32,G,8895,8931
7/8/2022,t32,G,8970,9021
7/8/2022,t32,C,9021,9051
7/8/2022,t32,G,9051,9088
7/8/2022,t32,C,9088,9095
7/8/2022,t32,G,9095,9132
7/8/2022,t32,C,9132,9135
7/8/2022,t32,G,9135,9141
7/8/2022,t32,C,9141,9164
7/8/2022,t32,G,9164,9171
7/8/2022,t32,C,9171,9182
7/8/2022,t32,G,9182,9220
7/8/2022,t32,C,9220,9226
7/8/2022,t32,G,9226,9251
7/8/2022,t32,C,9251,9256
7/8/2022,t32,G,9256,9275
7/8/2022,t32,C,9275,9291
7/8/2022,t32,C,9359,9366
7/8/2022,t32,G,9368,9376
7/8/2022,t32,G,9407,9571
7/8/2022,t32,C,9521,9538
7/8/2022,t32,G,9538,9572
7/8/2022,t32,S,9572,9609
7/8/2022,t32,C,9626,9633
7/8/2022,t32,G,9639,9697
7/8/2022,t32,C,9697,9707
7/8/2022,t32,G,9715,9731
7/8/2022,t32,C,9759,9773
7/8/2022,t32,G,9793,10000
7/8/2022,t13,G,0,270
7/8/2022,t13,G,302,434
7/8/2022,t13,G,496,548
7/8/2022,t13,C,548,558
7/8/2022,t13,G,558,588
7/8/2022,t13,C,588,603
7/8/2022,t13,G,603,673
7/8/2022,t13,C,673,688
7/8/2022,t13,G,688,1299
7/8/2022,t13,G,1406,1534
7/8/2022,t13,C,1534,1537
7/8/2022,t13,G,1537,1750
7/8/2022,t13,G,1785,1798
7/8/2022,t13,G,1891,1897
7/8/2022,t13,G,1904,1909
7/8/2022,t13,G,1929,1970
7/8/2022,t13,G,2010,2032
7/8/2022,t13,G,2044,2105
7/8/2022,t13,C,2105,2110
7/8/2022,t13,G,2110,2446
7/8/2022,t13,C,2446,2454
7/8/2022,t13,C,2457,2466
7/8/2022,t13,G,2470,2488
7/8/2022,t13,C,2488,2493
7/8/2022,t13,G,2493,2580
7/8/2022,t13,C,2596,2602
7/8/2022,t13,G,2662,3093
7/8/2022,t13,G,3158,3686
7/8/2022,t13,C,3686,3700
7/8/2022,t13,G,3700,3858
7/8/2022,t13,C,3858,3862
7/8/2022,t13,G,3862,3865
7/8/2022,t13,C,3868,3870
7/8/2022,t13,G,3870,3875
7/8/2022,t13,C,3875,3880
7/8/2022,t13,G,3880,3883
7/8/2022,t13,C,3883,3892
7/8/2022,t13,G,3892,3899
7/8/2022,t13,C,3903,3907
7/8/2022,t13,G,3909,3920
7/8/2022,t13,G,3928,3931
7/8/2022,t13,G,3939,3970
7/8/2022,t13,C,3970,3977
7/8/2022,t13,G,3977,4106
7/8/2022,t13,G,4232,4437
7/8/2022,t13,G,4463,4471
7/8/2022,t13,G,4510,4576
7/8/2022,t13,G,4612,4641
7/8/2022,t13,G,4664,4936
7/8/2022,t13,C,4936,4942
7/8/2022,t13,G,4942,5003
7/8/2022,t13,G,5026,5039
7/8/2022,t13,G,5045,5152
7/8/2022,t13,C,5154,5160
7/8/2022,t13,G,5160,5180
7/8/2022,t13,G,5184,5256
7/8/2022,t13,G,5303,5475
7/8/2022,t13,G,5538,5666
7/8/2022,t13,G,5725,5885
7/8/2022,t13,G,5993,6025
7/8/2022,t13,G,6130,6487
7/8/2022,t13,G,6510,6920
7/8/2022,t13,C,6920,6926
7/8/2022,t13,G,6926,7496
7/8/2022,t13,C,7496,7499
7/8/2022,t13,G,7499,7784
7/8/2022,t13,G,8119,8123
7/8/2022,t13,G,8130,8156
7/8/2022,t13,G,8170,8190
7/8/2022,t13,G,8156,8404
7/8/2022,t13,G,8437,8446
7/8/2022,t13,G,8459,9057
7/8/2022,t13,G,9190,9581
7/8/2022,t13,G,9602,9917
7/8/2022,t13,G,9922,10000
7/8/2022,t14,G,2,14
7/8/2022,t14,G,62,64
7/8/2022,t14,G,79,82
7/8/2022,t14,G,103,107
7/8/2022,t14,G,118,128
7/8/2022,t14,G,140,148
7/8/2022,t14,G,150,201
7/8/2022,t14,C,201,217
7/8/2022,t14,G,217,240
7/8/2022,t14,C,240,248
7/8/2022,t14,G,248,442
7/8/2022,t14,C,442,451
7/8/2022,t14,G,451,467
7/8/2022,t14,C,467,475
7/8/2022,t14,G,475,507
7/8/2022,t14,C,507,515
7/8/2022,t14,G,515,561
7/8/2022,t14,C,561,569
7/8/2022,t14,G,569,665
7/8/2022,t14,C,665,674
7/8/2022,t14,G,674,676
7/8/2022,t14,C,676,682
7/8/2022,t14,G,682,684
7/8/2022,t14,C,684,691
7/8/2022,t14,G,691,744
7/8/2022,t14,C,744,748
7/8/2022,t14,G,748,1158
7/8/2022,t14,C,1158,1165
7/8/2022,t14,G,1165,1189
7/8/2022,t14,C,1189,1193
7/8/2022,t14,G,1193,1227
7/8/2022,t14,C,1227,1236
7/8/2022,t14,G,1236,1306
7/8/2022,t14,C,1306,1329
7/8/2022,t14,G,1329,1335
7/8/2022,t14,C,1336,1339
7/8/2022,t14,G,1339,1566
7/8/2022,t14,G,1565,1645
7/8/2022,t14,C,1645,1656
7/8/2022,t14,G,1656,2122
7/8/2022,t14,G,2127,2138
7/8/2022,t14,C,2142,2147
7/8/2022,t14,G,2147,2188
7/8/2022,t14,C,2188,2193
7/8/2022,t14,G,2193,2196
7/8/2022,t14,C,2197,2205
7/8/2022,t14,G,2205,2225
7/8/2022,t14,C,2225,2229
7/8/2022,t14,G,2229,2278
7/8/2022,t14,C,2278,2289
7/8/2022,t14,G,2289,2353
7/8/2022,t14,G,2396,2458
7/8/2022,t14,C,2458,2464
7/8/2022,t14,G,2464,2662
7/8/2022,t14,G,2740,3464
7/8/2022,t14,C,3464,3480
7/8/2022,t14,G,3494,3516
7/8/2022,t14,G,3521,3524
7/8/2022,t14,G,3710,3723
7/8/2022,t14,C,3733,3736
7/8/2022,t14,G,3737,3860
7/8/2022,t14,C,3800,3870
7/8/2022,t14,G,3870,3872
7/8/2022,t14,C,3872,3882
7/8/2022,t14,G,3882,4090
7/8/2022,t14,G,4115,4127
7/8/2022,t14,G,4220,4222
7/8/2022,t14,G,4230,4235
7/8/2022,t14,G,4239,4242
7/8/2022,t14,G,4255,4484
7/8/2022,t14,G,4487,4699
7/8/2022,t14,G,4784,4800
7/8/2022,t14,G,4805,4818
7/8/2022,t14,G,4823,5343
7/8/2022,t14,G,5351,5372
7/8/2022,t14,G,5460,5612
7/8/2022,t14,C,5612,5617
7/8/2022,t14,G,5617,5658
7/8/2022,t14,C,5658,5663
7/8/2022,t14,G,5663,5682
7/8/2022,t14,C,5682,5685
7/8/2022,t14,G,5685,5693
7/8/2022,t14,C,5693,5699
7/8/2022,t14,G,5699,6165
7/8/2022,t14,C,6165,6177
7/8/2022,t14,G,6177,6518
7/8/2022,t14,G,6591,6598
7/8/2022,t14,C,6599,6604
7/8/2022,t14,G,6607,6827
7/8/2022,t14,C,6827,6835
7/8/2022,t14,G,6835,6872
7/8/2022,t14,G,6878,7129
7/8/2022,t14,C,7129,7135
7/8/2022,t14,G,7135,7325
7/8/2022,t14,C,7328,7334
7/8/2022,t14,G,7335,7339
7/8/2022,t14,C,7339,7346
7/8/2022,t14,G,7348,7357
7/8/2022,t14,G,7361,7366
7/8/2022,t14,G,7390,7439
7/8/2022,t14,C,7439,7448
7/8/2022,t14,G,7450,7455
7/8/2022,t14,C,7455,7462
7/8/2022,t14,G,7463,7472
7/8/2022,t14,G,7482,7513
7/8/2022,t14,C,7513,7521
7/8/2022,t14,C,7541,7545
7/8/2022,t14,C,7549,7558
7/8/2022,t14,G,7558,7590
7/8/2022,t14,C,7590,7594
7/8/2022,t14,G,7594,7606
7/8/2022,t14,C,7606,7610
7/8/2022,t14,G,7610,7906
7/8/2022,t14,C,7906,7920
7/8/2022,t14,G,7920,8014
7/8/2022,t14,C,8014,8022
7/8/2022,t14,G,8022,8036
7/8/2022,t14,C,8037,8040
7/8/2022,t14,G,8040,8046
7/8/2022,t14,C,8048,8056
7/8/2022,t14,G,8057,8075
7/8/2022,t14,C,8075,8082
7/8/2022,t14,G,8082,8087
7/8/2022,t14,C,8087,8099
7/8/2022,t14,G,8100,8124
7/8/2022,t14,C,8124,8129
7/8/2022,t14,G,8129,8196
7/8/2022,t14,C,8196,8204
7/8/2022,t14,G,8204,8240
7/8/2022,t14,C,8240,8244
7/8/2022,t14,G,8244,8297
7/8/2022,t14,C,8297,8304
7/8/2022,t14,G,8304,8324
7/8/2022,t14,C,8324,8341
7/8/2022,t14,G,8342,8455
7/8/2022,t14,C,8455,8461
7/8/2022,t14,G,8461,8493
7/8/2022,t14,C,8493,8498
7/8/2022,t14,G,8501,8533
7/8/2022,t14,C,8533,8541
7/8/2022,t14,G,8541,8548
7/8/2022,t14,C,8548,8560
7/8/2022,t14,G,8561,8646
7/8/2022,t14,C,8646,8650
7/8/2022,t14,G,8650,8683
7/8/2022,t14,C,8683,8689
7/8/2022,t14,G,8689,8910
7/8/2022,t14,G,8933,9030
7/8/2022,t14,C,9030,9039
7/8/2022,t14,G,9040,9110
7/8/2022,t14,C,9110,9121
7/8/2022,t14,G,9121,9126
7/8/2022,t14,G,9137,9146
7/8/2022,t14,G,9201,9342
7/8/2022,t14,G,9405,9424
7/8/2022,t14,S,9424,9437
7/8/2022,t14,G,9437,9457
7/8/2022,t14,C,9457,9462
7/8/2022,t14,G,9462,9485
7/8/2022,t14,C,9485,9490
7/8/2022,t14,G,9490,9496
7/8/2022,t14,S,9498,9505
7/8/2022,t14,C,9508,9526
7/8/2022,t14,G,9530,9535
7/8/2022,t14,C,9535,9541
7/8/2022,t14,G,9543,9548
7/8/2022,t14,C,9549,9552
7/8/2022,t14,G,9555,9568
7/8/2022,t14,G,9608,9743
7/8/2022,t14,G,9749,9790
7/8/2022,t14,G,9861,9897
7/8/2022,t14,G,9870,9873
7/8/2022,t14,G,9893,9895
7/8/2022,t14,G,9901,9917
7/8/2022,t14,G,9922,9925
7/8/2022,t14,G,9931,10000
7/12/2022,t33,G,0,5
7/12/2022,t33,G,66,156
7/12/2022,t33,C,156,169
7/12/2022,t33,G,169,498
7/12/2022,t33,C,498,504
7/12/2022,t33,G,504,560
7/12/2022,t33,C,567,583
7/12/2022,t33,G,586,678
7/12/2022,t33,C,678,682
7/12/2022,t33,G,682,770
7/12/2022,t33,G,837,843
7/12/2022,t33,G,851,856
7/12/2022,t33,S,856,874
7/12/2022,t33,G,919,967
7/12/2022,t33,C,967,977
7/12/2022,t33,G,977,981
7/12/2022,t33,S,985,988
7/12/2022,t33,S,1061,1070
7/12/2022,t33,G,1094,1321
7/12/2022,t33,G,1426,1603
7/12/2022,t33,C,1603,1610
7/12/2022,t33,G,1610,1666
7/12/2022,t33,G,1768,2198
7/12/2022,t33,G,2210,2264
7/12/2022,t33,G,2431,2511
7/12/2022,t33,C,2511,2520
7/12/2022,t33,G,2520,2566
7/12/2022,t33,C,2566,2573
7/12/2022,t33,G,2573,2608
7/12/2022,t33,C,2608,2611
7/12/2022,t33,G,2611,3314
7/12/2022,t33,C,3314,3324
7/12/2022,t33,G,3324,3489
7/12/2022,t33,G,3572,3870
7/12/2022,t33,G,3877,4002
7/12/2022,t33,G,4011,4022
7/12/2022,t33,G,4038,4071
7/12/2022,t33,C,4071,4076
7/12/2022,t33,G,4076,4232
7/12/2022,t33,C,4232,4240
7/12/2022,t33,G,4242,4487
7/12/2022,t33,G,4500,4576
7/12/2022,t33,S,4576,4605
7/12/2022,t33,G,4605,4610
7/12/2022,t33,G,4636,4645
7/12/2022,t33,C,4661,4670
7/12/2022,t33,G,4678,4682
7/12/2022,t33,G,4691,4956
7/12/2022,t33,C,4956,4966
7/12/2022,t33,G,4966,4975
7/12/2022,t33,C,4975,4985
7/12/2022,t33,G,4985,5044
7/12/2022,t33,G,5062,5104
7/12/2022,t33,G,5129,5150
7/12/2022,t33,G,5200,5207
7/12/2022,t33,G,5239,5241
7/12/2022,t33,G,5248,5250
7/12/2022,t33,G,5256,5260
7/12/2022,t33,G,5430,5678
7/12/2022,t33,G,5688,5740
7/12/2022,t33,G,5790,5825
7/12/2022,t33,S,5833,5849
7/12/2022,t33,G,5849,5855
7/12/2022,t33,G,5905,6031
7/12/2022,t33,G,6085,6314
7/12/2022,t33,G,6330,6345
7/12/2022,t33,G,6354,6594
7/12/2022,t33,G,6225,6739
7/12/2022,t33,G,6789,7172
7/12/2022,t33,C,7172,7181
7/12/2022,t33,G,7181,9444
7/12/2022,t33,G,9496,9660
7/12/2022,t33,G,9675,9679
7/12/2022,t33,G,9706,9744
7/12/2022,t33,G,9750,9753
7/12/2022,t33,G,9790,9925
7/12/2022,t33,G,9945,10000
7/12/2022,t34,G,0,85
7/12/2022,t34,C,85,89
7/12/2022,t34,G,89,457
7/12/2022,t34,G,472,765
7/12/2022,t34,C,765,778
7/12/2022,t34,G,778,998
7/12/2022,t34,G,1062,1253
7/12/2022,t34,G,1295,1405
7/12/2022,t34,G,1479,1570
7/12/2022,t34,C,1570,1574
7/12/2022,t34,G,1574,1749
7/12/2022,t34,G,1807,1836
7/12/2022,t34,G,1919,2361
7/12/2022,t34,G,2385,2460
7/12/2022,t34,G,2520,2669
7/12/2022,t34,G,2725,2842
7/12/2022,t34,G,2850,2853
7/12/2022,t34,G,2898,2934
7/12/2022,t34,G,3190,3207
7/12/2022,t34,G,3252,3260
7/12/2022,t34,G,3266,3305
7/12/2022,t34,G,3421,3610
7/12/2022,t34,G,3695,3708
7/12/2022,t34,G,3738,3880
7/12/2022,t34,G,4022,4514
7/12/2022,t34,G,4654,5868
7/12/2022,t34,C,5868,5871
7/12/2022,t34,G,5871,6839
7/12/2022,t34,C,6839,6845
7/12/2022,t34,G,6845,7547
7/12/2022,t34,C,7547,7562
7/12/2022,t34,G,7562,7650
7/12/2022,t34,C,7650,7653
7/12/2022,t34,G,7653,9033
7/12/2022,t34,C,9035,9039
7/12/2022,t34,G,9039,9042
7/12/2022,t34,C,9042,9045
7/12/2022,t34,G,9045,9551
7/12/2022,t34,G,9560,9795
7/12/2022,t34,G,9995,10000
7/12/2022,t35,G,0,92
7/12/2022,t35,C,92,121
7/12/2022,t35,G,121,598
7/12/2022,t35,G,638,751
7/12/2022,t35,G,765,848
7/12/2022,t35,G,907,1065
7/12/2022,t35,G,1089,1424
7/12/2022,t35,G,1453,1628
7/12/2022,t35,C,1637,1653
7/12/2022,t35,G,1657,1782
7/12/2022,t35,G,1810,2019
7/12/2022,t35,G,2085,2340
7/12/2022,t35,G,2361,2367
7/12/2022,t35,G,2373,2461
7/12/2022,t35,G,2468,2740
7/12/2022,t35,C,2740,2747
7/12/2022,t35,G,2747,3133
7/12/2022,t35,G,3202,3602
7/12/2022,t35,G,3612,3623
7/12/2022,t35,G,3640,3859
7/12/2022,t35,C,3859,3864
7/12/2022,t35,G,3864,3901
7/12/2022,t35,C,3901,3904
7/12/2022,t35,G,3904,3938
7/12/2022,t35,C,3938,3944
7/12/2022,t35,G,3944,4075
7/12/2022,t35,C,4075,4082
7/12/2022,t35,G,4082,4101
7/12/2022,t35,C,4101,4109
7/12/2022,t35,G,4109,4331
7/12/2022,t35,C,4331,4347
7/12/2022,t35,G,4347,4390
7/12/2022,t35,G,4413,4524
7/12/2022,t35,G,4552,4841
7/12/2022,t35,G,4854,5084
7/12/2022,t35,C,5084,5087
7/12/2022,t35,G,5087,5276
7/12/2022,t35,G,5290,5297
7/12/2022,t35,G,5371,5507
7/12/2022,t35,C,5507,5520
7/12/2022,t35,G,5520,5561
7/12/2022,t35,C,5561,5568
7/12/2022,t35,G,5568,5634
7/12/2022,t35,C,5634,5642
7/12/2022,t35,G,5642,5763
7/12/2022,t35,C,5763,5768
7/12/2022,t35,G,5768,5837
7/12/2022,t35,G,5864,5902
7/12/2022,t35,G,5986,6073
7/12/2022,t35,G,6130,6398
7/12/2022,t35,G,6422,6424
7/12/2022,t35,G,6538,6728
7/12/2022,t35,G,6832,7230
7/12/2022,t35,C,7230,7243
7/12/2022,t35,G,7243,7259
7/12/2022,t35,C,7262,7273
7/12/2022,t35,G,7273,7349
7/12/2022,t35,G,7459,7488
7/12/2022,t35,G,7541,7556
7/12/2022,t35,C,7556,7573
7/12/2022,t35,G,7573,7601
7/12/2022,t35,C,7601,7212
7/12/2022,t35,G,7612,7622
7/12/2022,t35,C,7622,7635
7/12/2022,t35,G,7635,7691
7/12/2022,t35,C,7691,7704
7/12/2022,t35,G,7704,7730
7/12/2022,t35,C,7730,7733
7/12/2022,t35,G,7813,8710
7/12/2022,t35,G,8750,8917
7/12/2022,t35,G,8998,9195
7/12/2022,t35,G,9240,9273
7/12/2022,t35,G,9326,9588
7/12/2022,t35,C,9588,9594
7/12/2022,t35,G,9594,9657
7/12/2022,t35,G,9667,9706
7/12/2022,t35,G,9733,9739
7/12/2022,t35,G,9745,9823
7/12/2022,t35,G,9830,9838
7/12/2022,t35,G,9853,9856
7/12/2022,t35,G,9862,9870
7/12/2022,t36,G,0,628
7/12/2022,t36,C,620,627
7/12/2022,t36,G,811,926
7/12/2022,t36,G,1049,1052
7/12/2022,t36,G,1065,1105
7/12/2022,t36,G,1128,1291
7/12/2022,t36,G,1440,1619
7/12/2022,t36,G,1625,1634
7/12/2022,t36,G,1664,1670
7/12/2022,t36,G,1681,1687
7/12/2022,t36,G,1701,1813
7/12/2022,t36,C,1837,1845
7/12/2022,t36,G,1845,1853
7/12/2022,t36,C,1921,1923
7/12/2022,t36,G,1941,1990
7/12/2022,t36,G,2031,2186
7/12/2022,t36,G,2388,2490
7/12/2022,t36,G,2511,2519
7/12/2022,t36,C,2519,2532
7/12/2022,t36,G,2532,2556
7/12/2022,t36,G,2603,2697
7/12/2022,t36,G,2746,2815
7/12/2022,t36,C,2816,2826
7/12/2022,t36,G,2826,2837
7/12/2022,t36,G,2840,2864
7/12/2022,t36,G,2864,2873
7/12/2022,t36,G,2873,2888
7/12/2022,t36,C,2888,2893
7/12/2022,t36,G,2893,2916
7/12/2022,t36,G,3045,3095
7/12/2022,t36,C,3095,3100
7/12/2022,t36,G,3100,3119
7/12/2022,t36,C,3119,3130
7/12/2022,t36,G,3130,3209
7/12/2022,t36,C,3209,3217
7/12/2022,t36,G,3217,3384
7/12/2022,t36,C,3384,3392
7/12/2022,t36,G,3392,3696
7/12/2022,t36,G,3752,3961
7/12/2022,t36,G,4016,4176
7/12/2022,t36,C,4176,4183
7/12/2022,t36,G,4183,4413
7/12/2022,t36,C,4413,4422
7/12/2022,t36,G,4422,4499
7/12/2022,t36,G,4546,4670
7/12/2022,t36,G,4704,5213
7/12/2022,t36,G,5290,6174
7/12/2022,t36,G,6221,6239
7/12/2022,t36,C,6239,6251
7/12/2022,t36,G,6251,6271
7/12/2022,t36,G,6281,6374
7/12/2022,t36,G,6536,6553
7/12/2022,t36,G,6564,6592
7/12/2022,t36,C,6592,6607
7/12/2022,t36,G,6607,6629
7/12/2022,t36,G,6703,6828
7/12/2022,t36,S,6828,6837
7/12/2022,t36,G,6837,6853
7/12/2022,t36,C,6853,6860
7/12/2022,t36,G,6860,6933
7/12/2022,t36,G,6950,7223
7/12/2022,t36,G,7230,7282
7/12/2022,t36,G,7288,7673
7/12/2022,t36,C,7673,7682
7/12/2022,t36,G,7682,7688
7/12/2022,t36,G,7695,7730
7/12/2022,t36,C,7730,7737
7/12/2022,t36,C,7751,7755
7/12/2022,t36,G,7755,7762
7/12/2022,t36,C,7762,7765
7/12/2022,t36,G,7771,7801
7/12/2022,t36,C,7801,7807
7/12/2022,t36,G,7807,7850
7/12/2022,t36,C,7850,7861
7/12/2022,t36,G,7861,7875
7/12/2022,t36,C,7875,7882
7/12/2022,t36,G,7882,7926
7/12/2022,t36,C,7926,7937
7/12/2022,t36,C,7944,7951
7/12/2022,t36,G,7951,7965
7/12/2022,t36,C,8026,8035
7/12/2022,t36,G,8035,8283
7/12/2022,t36,G,8324,8460
7/12/2022,t36,G,8533,9086
7/12/2022,t36,C,9086,9094
7/12/2022,t36,G,9094,9186
7/12/2022,t36,C,9186,9195
7/12/2022,t36,G,9195,9218
7/12/2022,t36,G,9250,9315
7/12/2022,t36,C,9315,9321
7/12/2022,t36,G,9321,9413
7/12/2022,t36,C,9413,9421
7/12/2022,t36,G,9421,9461
7/12/2022,t36,C,9461,9466
7/12/2022,t36,G,9522,9557
7/12/2022,t36,G,9561,9570
7/12/2022,t36,G,9598,9785
7/12/2022,t36,G,9808,9939
7/12/2022,t36,G,9990,10000
7/12/2022,t37,G,0,26
7/12/2022,t37,G,40,48
7/12/2022,t37,G,69,362
7/12/2022,t37,C,362,367
7/12/2022,t37,G,367,672
7/12/2022,t37,G,686,726
7/12/2022,t37,G,827,1108
7/12/2022,t37,G,1192,1375
7/12/2022,t37,G,1428,1477
7/12/2022,t37,G,1512,1597
7/12/2022,t37,G,1625,1654
7/12/2022,t37,G,1790,1805
7/12/2022,t37,G,1815,1849
7/12/2022,t37,C,1849,1854
7/12/2022,t37,G,1854,1857
7/12/2022,t37,C,1858,1871
7/12/2022,t37,G,1871,1874
7/12/2022,t37,C,1874,1880
7/12/2022,t37,G,1882,1929
7/12/2022,t37,C,1929,1943
7/12/2022,t37,G,1943,1987
7/12/2022,t37,G,2003,2006
7/12/2022,t37,G,2020,2045
7/12/2022,t37,G,2115,2196
7/12/2022,t37,G,2238,2425
7/12/2022,t37,C,2425,2432
7/12/2022,t37,G,2432,2582
7/12/2022,t37,G,2720,2737
7/12/2022,t37,C,2737,2744
7/12/2022,t37,G,2744,2780
7/12/2022,t37,C,2780,2785
7/12/2022,t37,G,2785,2856
7/12/2022,t37,C,2856,2861
7/12/2022,t37,G,2861,2952
7/12/2022,t37,G,2970,3131
7/12/2022,t37,G,3150,3174
7/12/2022,t37,G,3182,3867
7/12/2022,t37,G,3875,3889
7/12/2022,t37,G,3899,3922
7/12/2022,t37,C,3922,3935
7/12/2022,t37,G,3935,4166
7/12/2022,t37,G,4181,4190
7/12/2022,t37,C,4190,4195
7/12/2022,t37,G,4195,5137
7/12/2022,t37,G,5192,5248
7/12/2022,t37,C,5248,5262
7/12/2022,t37,G,5262,5684
7/12/2022,t37,G,5766,5953
7/12/2022,t37,G,5992,6161
7/12/2022,t37,G,6235,6930
7/12/2022,t37,C,6930,6935
7/12/2022,t37,G,6935,7069
7/12/2022,t37,C,7077,7097
7/12/2022,t37,G,7101,7119
7/12/2022,t37,G,7130,7252
7/12/2022,t37,G,7263,7268
7/12/2022,t37,G,7278,7300
7/12/2022,t37,C,7300,7305
7/12/2022,t37,G,7305,7513
7/12/2022,t37,G,7520,7524
7/12/2022,t37,C,7564,7578
7/12/2022,t37,G,7590,7600
7/12/2022,t37,G,8409,8440
7/12/2022,t37,G,8689,8692
7/12/2022,t37,G,8718,8726
7/12/2022,t37,G,8744,8747
7/12/2022,t37,G,8756,8764
7/12/2022,t37,G,8770,8778
7/12/2022,t37,C,8783,8790
7/12/2022,t37,G,8790,8851
7/12/2022,t37,G,9136,9238
7/12/2022,t37,C,9238,9245
7/12/2022,t37,G,9245,9260
7/12/2022,t37,G,9268,9685
7/12/2022,t37,G,9706,9713
7/12/2022,t37,C,9717,9723
7/12/2022,t37,G,9788,10000
7/13/2022,t18,G,5,9
7/13/2022,t18,G,27,66
7/13/2022,t18,G,71,134
7/13/2022,t18,G,189,255
7/13/2022,t18,G,266,317
7/13/2022,t18,G,320,439
7/13/2022,t18,G,443,589
7/13/2022,t18,G,757,797
7/13/2022,t18,G,830,955
7/13/2022,t18,G,957,996
7/13/2022,t18,G,1004,1224
7/13/2022,t18,G,1234,1313
7/13/2022,t18,G,1441,1645
7/13/2022,t18,G,1701,1725
7/13/2022,t18,G,1737,2008
7/13/2022,t18,G,2013,2191
7/13/2022,t18,C,2191,2202
7/13/2022,t18,G,2202,2267
7/13/2022,t18,C,2267,2275
7/13/2022,t18,G,2333,2337
7/13/2022,t18,G,2467,2472
7/13/2022,t18,G,2534,2537
7/13/2022,t18,C,2561,2578
7/13/2022,t18,C,2580,2589
7/13/2022,t18,B,2592,2605
7/13/2022,t18,G,2605,2734
7/13/2022,t18,S,2734,2764
7/13/2022,t18,G,2764,2821
7/13/2022,t18,S,2821,2838
7/13/2022,t18,G,2838,2912
7/13/2022,t18,C,2912,2921
7/13/2022,t18,G,2921,2959
7/13/2022,t18,C,2959,2962
7/13/2022,t18,G,2962,3164
7/13/2022,t18,C,3164,3177
7/13/2022,t18,G,3177,3410
7/13/2022,t18,G,3474,3722
7/13/2022,t18,G,3814,3890
7/13/2022,t18,G,3901,3910
7/13/2022,t18,G,4015,4103
7/13/2022,t18,G,4106,4194
7/13/2022,t18,G,4234,4363
7/13/2022,t18,G,4394,4543
7/13/2022,t18,G,4598,4733
7/13/2022,t18,C,4733,4743
7/13/2022,t18,G,4743,4873
7/13/2022,t18,G,4902,5055
7/13/2022,t18,G,5142,5327
7/13/2022,t18,G,5381,5563
7/13/2022,t18,G,5615,5651
7/13/2022,t18,G,5671,5861
7/13/2022,t18,G,5872,6155
7/13/2022,t18,G,6214,6290
7/13/2022,t18,G,6389,7134
7/13/2022,t18,G,7147,7260
7/13/2022,t18,C,7273,7282
7/13/2022,t18,G,7331,7391
7/13/2022,t18,G,7402,7412
7/13/2022,t18,G,7424,7444
7/13/2022,t18,G,7540,7713
7/13/2022,t18,G,7770,7840
7/13/2022,t18,C,7840,7852
7/13/2022,t18,G,7852,7916
7/13/2022,t18,G,8043,8057
7/13/2022,t18,G,8072,8103
7/13/2022,t18,G,8162,8249
7/13/2022,t18,G,8305,8804
7/13/2022,t18,G,8836,8940
7/13/2022,t18,G,8992,9009
7/13/2022,t18,G,9022,9043
7/13/2022,t18,G,9059,9324
7/13/2022,t18,G,9347,9715
7/13/2022,t18,G,9718,9724
7/13/2022,t18,G,9729,9736
7/13/2022,t18,G,9741,10000
7/13/2022,t63,G,30,63
7/13/2022,t63,C,63,66
7/13/2022,t63,G,66,108
7/13/2022,t63,G,168,220
7/13/2022,t63,C,220,226
7/13/2022,t63,G,226,231
7/13/2022,t63,S,263,290
7/13/2022,t63,G,290,342
7/13/2022,t63,C,342,355
7/13/2022,t63,G,358,428
7/13/2022,t63,C,428,433
7/13/2022,t63,G,433,436
7/13/2022,t63,C,436,444
7/13/2022,t63,G,444,488
7/13/2022,t63,C,488,497
7/13/2022,t63,G,497,504
7/13/2022,t63,C,504,520
7/13/2022,t63,G,521,524
7/13/2022,t63,C,529,534
7/13/2022,t63,G,534,537
7/13/2022,t63,C,537,551
7/13/2022,t63,G,551,665
7/13/2022,t63,G,769,1269
7/13/2022,t63,C,1269,1277
7/13/2022,t63,G,1277,1300
7/13/2022,t63,C,1300,1307
7/13/2022,t63,G,1307,1432
7/13/2022,t63,C,1438,1450
7/13/2022,t63,G,1450,1858
7/13/2022,t63,C,1858,1867
7/13/2022,t63,G,1867,2018
7/13/2022,t63,G,2130,2319
7/13/2022,t63,G,2324,2371
7/13/2022,t63,G,2453,2528
7/13/2022,t63,G,2532,2539
7/13/2022,t63,G,2547,3022
7/13/2022,t63,G,3165,3169
7/13/2022,t63,G,3175,3190
7/13/2022,t63,G,3230,3788
7/13/2022,t63,C,3815,3825
7/13/2022,t63,G,3825,4024
7/13/2022,t63,C,4024,4031
7/13/2022,t63,G,4031,4472
7/13/2022,t63,G,4566,4700
7/13/2022,t63,C,4700,4710
7/13/2022,t63,G,4710,4779
7/13/2022,t63,C,4786,4801
7/13/2022,t63,G,4801,4886
7/13/2022,t63,G,4921,5070
7/13/2022,t63,G,5152,5157
7/13/2022,t63,G,5183,5197
7/13/2022,t63,C,5202,5211
7/13/2022,t63,G,5211,5356
7/13/2022,t63,G,5385,5471
7/13/2022,t63,C,5471,5480
7/13/2022,t63,G,5480,5641
7/13/2022,t63,G,5697,6638
7/13/2022,t63,G,6660,6663
7/13/2022,t63,G,6690,6699
7/13/2022,t63,G,6718,6747
7/13/2022,t63,G,6752,6810
7/13/2022,t63,G,6882,6910
7/13/2022,t63,S,6910,6919
7/13/2022,t63,G,6919,6949
7/13/2022,t63,C,6949,6960
7/13/2022,t63,G,6960,6971
7/13/2022,t63,C,6971,6976
7/13/2022,t63,G,6976,7001
7/13/2022,t63,G,7086,7136
7/13/2022,t63,G,7166,7196
7/13/2022,t63,C,7196,7200
7/13/2022,t63,G,7200,7642
7/13/2022,t63,C,7642,7646
7/13/2022,t63,G,7646,7680
7/13/2022,t63,C,7680,7689
7/13/2022,t63,G,7689,7717
7/13/2022,t63,C,7717,7730
7/13/2022,t63,G,7730,7749
7/13/2022,t63,C,7749,7770
7/13/2022,t63,G,7770,7875
7/13/2022,t63,C,7875,7882
7/13/2022,t63,G,7882,7913
7/13/2022,t63,C,7913,7923
7/13/2022,t63,G,7923,7963
7/13/2022,t63,C,7963,7973
7/13/2022,t63,G,7973,8230
7/13/2022,t63,G,8278,8310
7/13/2022,t63,C,8310,8319
7/13/2022,t63,G,8319,8482
7/13/2022,t63,C,8482,8489
7/13/2022,t63,G,8489,8539
7/13/2022,t63,C,8539,8548
7/13/2022,t63,G,8548,8674
7/13/2022,t63,G,8768,8827
7/13/2022,t63,C,8827,8838
7/13/2022,t63,S,8839,8857
7/13/2022,t63,G,8857,8959
7/13/2022,t63,C,8959,8964
7/13/2022,t63,G,8964,8988
7/13/2022,t63,C,8988,9008
7/13/2022,t63,G,9008,9015
7/13/2022,t63,C,9015,9022
7/13/2022,t63,G,9022,9069
7/13/2022,t63,C,9069,9087
7/13/2022,t63,G,9087,9091
7/13/2022,t63,C,9091,9116
7/13/2022,t63,G,9116,9127
7/13/2022,t63,C,9127,9131
7/13/2022,t63,G,9131,9216
7/13/2022,t63,C,9216,9223
7/13/2022,t63,G,9223,9482
7/13/2022,t63,G,9625,10000
7/13/2022,t38,G,0,11
7/13/2022,t38,C,11,16
7/13/2022,t38,G,16,40
7/13/2022,t38,C,40,47
7/13/2022,t38,G,47,1186
7/13/2022,t38,G,1233,1275
7/13/2022,t38,G,1284,1543
7/13/2022,t38,G,1566,1730
7/13/2022,t38,G,1834,2186
7/13/2022,t38,G,2252,2603
7/13/2022,t38,C,2603,2609
7/13/2022,t38,G,2609,2644
7/13/2022,t38,C,2644,2649
7/13/2022,t38,G,2649,3271
7/13/2022,t38,C,3271,3275
7/13/2022,t38,G,3275,3592
7/13/2022,t38,C,3592,3596
7/13/2022,t38,G,3596,3599
7/13/2022,t38,C,3599,3602
7/13/2022,t38,G,3602,4046
7/13/2022,t38,G,4067,4269
7/13/2022,t38,G,4332,4575
7/13/2022,t38,G,4697,5024
7/13/2022,t38,G,5033,5094
7/13/2022,t38,G,5139,5144
7/13/2022,t38,G,5179,5187
7/13/2022,t38,G,5214,5235
7/13/2022,t38,G,5240,5253
7/13/2022,t38,G,5324,5341
7/13/2022,t38,G,5351,5359
7/13/2022,t38,G,5371,5410
7/13/2022,t38,G,5499,5701
7/13/2022,t38,G,5709,5717
7/13/2022,t38,G,5725,5731
7/13/2022,t38,G,5826,6097
7/13/2022,t38,G,6102,6176
7/13/2022,t38,G,6229,6261
7/13/2022,t38,G,6306,6311
7/13/2022,t38,G,6329,6434
7/13/2022,t38,G,6460,6623
7/13/2022,t38,G,6633,6666
7/13/2022,t38,G,6809,7046
7/13/2022,t38,G,7060,7129
7/13/2022,t38,G,7142,7236
7/13/2022,t38,G,7299,7302
7/13/2022,t38,G,7306,7514
7/13/2022,t38,G,7535,7601
7/13/2022,t38,G,7703,7724
7/13/2022,t38,G,7738,8147
7/13/2022,t38,G,8160,8377
7/13/2022,t38,G,8381,8395
7/13/2022,t38,G,8398,8560
7/13/2022,t38,G,8642,9156
7/13/2022,t38,G,9163,9292
7/13/2022,t38,G,9299,9642
7/13/2022,t38,G,9686,9899
7/13/2022,t38,G,9946,10000
7/13/2022,t39,G,3,116
7/13/2022,t39,G,224,258
7/13/2022,t39,G,263,267
7/13/2022,t39,G,274,278
7/13/2022,t39,G,282,593
7/13/2022,t39,G,604,609
7/13/2022,t39,G,646,663
7/13/2022,t39,G,680,690
7/13/2022,t39,G,716,781
7/13/2022,t39,G,784,970
7/13/2022,t39,G,981,1260
7/13/2022,t39,G,1289,1293
7/13/2022,t39,G,1311,1571
7/13/2022,t39,G,1581,1734
7/13/2022,t39,G,1864,1952
7/13/2022,t39,G,1956,2310
7/13/2022,t39,G,2499,2536
7/13/2022,t39,G,2609,3087
7/13/2022,t39,G,3159,3179
7/13/2022,t39,G,3244,3297
7/13/2022,t39,G,3304,3325
7/13/2022,t39,G,3347,3367
7/13/2022,t39,G,3416,3489
7/13/2022,t39,G,3657,3876
7/13/2022,t39,G,3921,3950
7/13/2022,t39,G,3959,3966
7/13/2022,t39,G,4041,4050
7/13/2022,t39,G,4061,4074
7/13/2022,t39,G,4076,4094
7/13/2022,t39,G,4098,4191
7/13/2022,t39,G,4195,4197
7/13/2022,t39,G,4207,4241
7/13/2022,t39,G,4252,4629
7/13/2022,t39,G,4681,4777
7/13/2022,t39,G,4780,4798
7/13/2022,t39,G,4805,4942
7/13/2022,t39,G,4955,5380
7/13/2022,t39,G,5394,5619
7/13/2022,t39,G,5627,5641
7/13/2022,t39,G,5687,6060
7/13/2022,t39,G,6063,6065
7/13/2022,t39,G,6069,6071
7/13/2022,t39,G,6079,6107
7/13/2022,t39,G,6130,6213
7/13/2022,t39,G,6223,6241
7/13/2022,t39,G,6249,6252
7/13/2022,t39,G,6257,6429
7/13/2022,t39,G,6442,6445
7/13/2022,t39,G,6448,6509
7/13/2022,t39,G,6537,6540
7/13/2022,t39,G,6550,6559
7/13/2022,t39,G,6572,6623
7/13/2022,t39,C,6630,6638
7/13/2022,t39,G,6646,6649
7/13/2022,t39,G,6704,6770
7/13/2022,t39,G,6857,7063
7/13/2022,t39,G,7086,7089
7/13/2022,t39,G,7097,7720
7/13/2022,t39,C,7720,7729
7/13/2022,t39,G,7729,8012
7/13/2022,t39,G,8116,8336
7/13/2022,t39,C,8336,8344
7/13/2022,t39,G,8346,8466
7/13/2022,t39,C,8466,8478
7/13/2022,t39,G,8478,8794
7/13/2022,t39,C,8841,8847
7/13/2022,t39,G,8881,9088
7/13/2022,t39,G,9143,9195
7/13/2022,t39,G,9236,9496
7/13/2022,t39,G,9578,9751
7/13/2022,t39,G,9810,9857
7/13/2022,t39,G,9864,9870
7/13/2022,t39,G,9877,9924
7/13/2022,t39,G,9983,10000
7/14/2022,t22,C,38,50
7/14/2022,t22,G,57,74
7/14/2022,t22,C,89,94
7/14/2022,t22,G,105,108
7/14/2022,t22,G,115,123
7/14/2022,t22,G,130,145
7/14/2022,t22,G,150,172
7/14/2022,t22,G,175,194
7/14/2022,t22,G,198,208
7/14/2022,t22,G,215,235
7/14/2022,t22,G,311,318
7/14/2022,t22,G,321,333
7/14/2022,t22,G,336,358
7/14/2022,t22,G,363,441
7/14/2022,t22,G,599,686
7/14/2022,t22,G,741,773
7/14/2022,t22,G,775,797
7/14/2022,t22,G,866,880
7/14/2022,t22,G,887,927
7/14/2022,t22,C,978,984
7/14/2022,t22,G,993,997
7/14/2022,t22,G,1000,1311
7/14/2022,t22,G,1316,1400
7/14/2022,t22,G,1449,1550
7/14/2022,t22,G,1554,1582
7/14/2022,t22,G,1590,1601
7/14/2022,t22,G,1618,1630
7/14/2022,t22,G,1643,1647
7/14/2022,t22,G,1658,1714
7/14/2022,t22,C,1714,1721
7/14/2022,t22,G,1721,1859
7/14/2022,t22,G,1883,1920
7/14/2022,t22,G,2100,2416
7/14/2022,t22,G,2423,2477
7/14/2022,t22,G,2483,2534
7/14/2022,t22,G,2549,2553
7/14/2022,t22,G,2559,2573
7/14/2022,t22,G,2683,2695
7/14/2022,t22,G,2700,2707
7/14/2022,t22,G,2722,2730
7/14/2022,t22,G,2753,2762
7/14/2022,t22,G,2830,3885
7/14/2022,t22,G,3903,3910
7/14/2022,t22,G,3996,4033
7/14/2022,t22,G,4039,4049
7/14/2022,t22,G,4106,4197
7/14/2022,t22,G,4222,4399
7/14/2022,t22,G,4405,4409
7/14/2022,t22,G,4566,4675
7/14/2022,t22,G,4681,4811
7/14/2022,t22,G,4816,4978
7/14/2022,t22,G,4982,5103
7/14/2022,t22,G,5107,5111
7/14/2022,t22,G,5122,5127
7/14/2022,t22,G,5482,5488
7/14/2022,t22,G,5502,5510
7/14/2022,t22,G,5514,5517
7/14/2022,t22,G,5530,5690
7/14/2022,t22,G,5706,5945
7/14/2022,t22,C,5945,5951
7/14/2022,t22,G,5951,6349
7/14/2022,t22,G,6321,6644
7/14/2022,t22,G,6668,7085
7/14/2022,t22,G,7099,7267
7/14/2022,t22,G,7270,7497
7/14/2022,t22,G,7592,7673
7/14/2022,t22,G,7758,8323
7/14/2022,t22,C,8323,8330
7/14/2022,t22,G,8330,8923
7/14/2022,t22,C,8923,8925
7/14/2022,t22,C,8927,8936
7/14/2022,t22,G,8939,9464
7/14/2022,t22,C,9464,9467
7/14/2022,t22,G,9467,9643
7/14/2022,t22,C,9643,9649
7/14/2022,t22,G,9649,9897
7/14/2022,t22,C,9897,9903
7/14/2022,t22,G,9903,10000
7/14/2022,t40,G,0,132
7/14/2022,t40,G,258,365
7/14/2022,t40,G,372,694
7/14/2022,t40,C,694,708
7/14/2022,t40,G,708,801
7/14/2022,t40,C,801,805
7/14/2022,t40,G,805,966
7/14/2022,t40,C,966,972
7/14/2022,t40,G,972,1668
7/14/2022,t40,C,1668,1673
7/14/2022,t40,G,1673,2000
7/14/2022,t40,C,2000,2006
7/14/2022,t40,G,2006,2072
7/14/2022,t40,C,2072,2076
7/14/2022,t40,G,2076,2545
7/14/2022,t40,C,2545,2549
7/14/2022,t40,G,2549,2802
7/14/2022,t40,C,2802,2811
7/14/2022,t40,G,2811,3029
7/14/2022,t40,G,3034,3038
7/14/2022,t40,G,3139,3174
7/14/2022,t40,G,3179,3187
7/14/2022,t40,G,3192,3325
7/14/2022,t40,C,3325,3327
7/14/2022,t40,G,3327,3812
7/14/2022,t40,G,3846,3872
7/14/2022,t40,G,3889,3920
7/14/2022,t40,G,3968,3971
7/14/2022,t40,G,3975,4578
7/14/2022,t40,G,4612,5037
7/14/2022,t40,G,5060,5329
7/14/2022,t40,G,5332,5337
7/14/2022,t40,G,5343,5372
7/14/2022,t40,G,5394,5428
7/14/2022,t40,G,5473,5515
7/14/2022,t40,C,5515,5520
7/14/2022,t40,G,5520,5590
7/14/2022,t40,G,5763,5814
7/14/2022,t40,C,5814,5818
7/14/2022,t40,G,5818,5857
7/14/2022,t40,C,5857,5860
7/14/2022,t40,G,5860,5908
7/14/2022,t40,C,5908,5917
7/14/2022,t40,G,5917,6080
7/14/2022,t40,C,6080,6083
7/14/2022,t40,G,6083,6131
7/14/2022,t40,C,6131,6140
7/14/2022,t40,G,6140,6207
7/14/2022,t40,C,6207,6213
7/14/2022,t40,G,6213,6446
7/14/2022,t40,G,6466,6726
7/14/2022,t40,C,6726,6731
7/14/2022,t40,G,6731,6836
7/14/2022,t40,G,6980,7205
7/14/2022,t40,G,7262,7279
7/14/2022,t40,C,7279,7284
7/14/2022,t40,G,7284,7597
7/14/2022,t40,G,7639,8257
7/14/2022,t40,C,8257,8265
7/14/2022,t40,G,8265,8348
7/14/2022,t40,G,8470,8515
7/14/2022,t40,G,8521,8531
7/14/2022,t40,G,8537,8750
7/14/2022,t40,G,8755,8770
7/14/2022,t40,C,8770,8773
7/14/2022,t40,G,8779,8813
7/14/2022,t40,C,8813,8824
7/14/2022,t40,G,8824,9204
7/14/2022,t40,G,9210,9355
7/14/2022,t40,G,9388,9400
7/14/2022,t40,G,9409,9465
7/14/2022,t40,G,9563,9921
7/14/2022,t40,G,9933,9939
7/14/2022,t40,G,9946,10000
7/14/2022,t23,G,0,93
7/14/2022,t23,G,98,103
7/14/2022,t23,B,103,141
7/14/2022,t23,G,141,149
7/14/2022,t23,G,163,191
7/14/2022,t23,G,317,341
7/14/2022,t23,G,417,441
7/14/2022,t23,C,487,499
7/14/2022,t23,G,501,532
7/14/2022,t23,G,583,711
7/14/2022,t23,C,789,797
7/14/2022,t23,G,797,949
7/14/2022,t23,S,949,971
7/14/2022,t23,G,971,997
7/14/2022,t23,G,1028,1046
7/14/2022,t23,C,1046,1053
7/14/2022,t23,G,1053,1227
7/14/2022,t23,S,1227,1249
7/14/2022,t23,G,1249,1275
7/14/2022,t23,G,1290,1434
7/14/2022,t23,G,1446,1471
7/14/2022,t23,G,1490,1575
7/14/2022,t23,C,1575,1578
7/14/2022,t23,G,1582,1756
7/14/2022,t23,G,1764,1910
7/14/2022,t23,C,1910,1916
7/14/2022,t23,G,1916,2147
7/14/2022,t23,C,2147,2153
7/14/2022,t23,G,2153,2181
7/14/2022,t23,G,2187,2202
7/14/2022,t23,C,2210,2219
7/14/2022,t23,G,2219,2312
7/14/2022,t23,G,2342,2390
7/14/2022,t23,G,2428,2760
7/14/2022,t23,G,2818,3011
7/14/2022,t23,G,3076,3129
7/14/2022,t23,G,3184,3323
7/14/2022,t23,G,3415,3513
7/14/2022,t23,G,3616,4641
7/14/2022,t23,G,4674,4686
7/14/2022,t23,G,4690,4756
7/14/2022,t23,G,4931,5628
7/14/2022,t23,G,5650,5701
7/14/2022,t23,G,5786,6011
7/14/2022,t23,G,6078,6128
7/14/2022,t23,G,6166,6177
7/14/2022,t23,G,6185,6188
7/14/2022,t23,G,6203,6534
7/14/2022,t23,G,6592,6614
7/14/2022,t23,G,6663,6749
7/14/2022,t23,G,6873,6877
7/14/2022,t23,G,6958,7123
7/14/2022,t23,G,7289,7292
7/14/2022,t23,G,7300,7313
7/14/2022,t23,G,7472,7559
7/14/2022,t23,G,7571,7609
7/14/2022,t23,G,7701,7739
7/14/2022,t23,G,7760,7776
7/14/2022,t23,G,7994,8419
7/14/2022,t23,G,8460,8579
7/14/2022,t23,G,8687,9412
7/14/2022,t23,G,9422,9426
7/14/2022,t23,G,9453,9459
7/14/2022,t23,G,9481,9533
7/14/2022,t23,C,9533,9537
7/14/2022,t23,G,9537,9570
7/14/2022,t23,C,9570,9575
7/14/2022,t23,G,9575,9729
7/14/2022,t23,G,9788,9833
7/14/2022,t23,G,9871,9574
7/14/2022,t23,G,9877,9906
7/14/2022,t23,G,9942,10000
7/15/2022,t53,G,0,87
7/15/2022,t53,G,169,529
7/15/2022,t53,C,529,532
7/15/2022,t53,G,532,573
7/15/2022,t53,G,577,976
7/15/2022,t53,G,982,1042
7/15/2022,t53,C,1042,1052
7/15/2022,t53,G,1052,1150
7/15/2022,t53,S,1154,1172
7/15/2022,t53,G,1175,1192
7/15/2022,t53,C,1193,1198
7/15/2022,t53,G,1198,1201
7/15/2022,t53,C,1201,1207
7/15/2022,t53,G,1207,1724
7/15/2022,t53,C,1724,1731
7/15/2022,t53,G,1731,1740
7/15/2022,t53,C,1740,1745
7/15/2022,t53,G,1745,2132
7/15/2022,t53,C,2132,2135
7/15/2022,t53,G,2135,2282
7/15/2022,t53,C,2282,2286
7/15/2022,t53,G,2286,2330
7/15/2022,t53,C,2330,2334
7/15/2022,t53,G,2334,2368
7/15/2022,t53,C,2368,2375
7/15/2022,t53,G,2375,2408
7/15/2022,t53,C,2410,2415
7/15/2022,t53,G,2415,2426
7/15/2022,t53,G,2431,2473
7/15/2022,t53,C,2473,2487
7/15/2022,t53,G,2487,2528
7/15/2022,t53,C,2528,2540
7/15/2022,t53,G,2540,2608
7/15/2022,t53,C,2608,2615
7/15/2022,t53,C,2618,2622
7/15/2022,t53,G,2622,2651
7/15/2022,t53,C,2651,2664
7/15/2022,t53,G,2667,2717
7/15/2022,t53,C,2717,2721
7/15/2022,t53,G,2721,2826
7/15/2022,t53,G,2862,2908
7/15/2022,t53,G,2949,2953
7/15/2022,t53,G,2964,2969
7/15/2022,t53,G,2972,3144
7/15/2022,t53,C,3144,3150
7/15/2022,t53,G,3150,3320
7/15/2022,t53,G,3481,3997
7/15/2022,t53,G,4109,4287
7/15/2022,t53,C,4287,4299
7/15/2022,t53,G,4302,4512
7/15/2022,t53,G,4580,4648
7/15/2022,t53,C,4648,4657
7/15/2022,t53,G,4657,4670
7/15/2022,t53,C,4670,4678
7/15/2022,t53,C,4680,4683
7/15/2022,t53,G,4683,4721
7/15/2022,t53,C,4721,4731
7/15/2022,t53,G,4731,4980
7/15/2022,t53,C,4980,4989
7/15/2022,t53,G,4989,5081
7/15/2022,t53,C,5081,5087
7/15/2022,t53,G,5087,5163
7/15/2022,t53,C,5163,5168
7/15/2022,t53,G,5168,5280
7/15/2022,t53,C,5280,5290
7/15/2022,t53,G,5290,5356
7/15/2022,t53,C,5356,5366
7/15/2022,t53,G,5366,5384
7/15/2022,t53,C,5384,5393
7/15/2022,t53,G,5393,5439
7/15/2022,t53,C,5439,5447
7/15/2022,t53,G,5447,5565
7/15/2022,t53,S,5565,5583
7/15/2022,t53,G,5583,5587
7/15/2022,t53,C,5587,5597
7/15/2022,t53,G,5597,5609
7/15/2022,t53,C,5609,5616
7/15/2022,t53,G,5616,5619
7/15/2022,t53,C,5619,5633
7/15/2022,t53,G,5633,5635
7/15/2022,t53,C,5635,5640
7/15/2022,t53,G,5640,5654
7/15/2022,t53,C,5658,5674
7/15/2022,t53,G,5675,5677
7/15/2022,t53,C,5677,5682
7/15/2022,t53,G,5691,5697
7/15/2022,t53,G,5733,5754
7/15/2022,t53,S,5754,5766
7/15/2022,t53,C,5776,5792
7/15/2022,t53,G,5795,5798
7/15/2022,t53,C,5798,5802
7/15/2022,t53,G,5803,5820
7/15/2022,t53,G,5824,5843
7/15/2022,t53,C,5843,5853
7/15/2022,t53,G,5853,5886
7/15/2022,t53,C,5923,5929
7/15/2022,t53,G,5929,5933
7/15/2022,t53,C,5933,5937
7/15/2022,t53,G,5937,5955
7/15/2022,t53,C,5955,5969
7/15/2022,t53,G,5970,5986
7/15/2022,t53,G,5990,6077
7/15/2022,t53,G,6152,6228
7/15/2022,t53,C,6228,6242
7/15/2022,t53,G,6242,6282
7/15/2022,t53,C,6282,6288
7/15/2022,t53,C,6292,6299
7/15/2022,t53,G,6299,6316
7/15/2022,t53,G,6333,6342
7/15/2022,t53,C,6342,6350
7/15/2022,t53,G,6350,6398
7/15/2022,t53,C,6398,6405
7/15/2022,t53,G,6405,6409
7/15/2022,t53,C,6409,6413
7/15/2022,t53,G,6413,6423
7/15/2022,t53,C,6423,6444
7/15/2022,t53,G,6444,6449
7/15/2022,t53,C,6449,6465
7/15/2022,t53,G,6465,6469
7/15/2022,t53,C,6469,6472
7/15/2022,t53,G,6472,6763
7/15/2022,t53,G,6825,6977
7/15/2022,t53,G,7001,7043
7/15/2022,t53,G,7075,7079
7/15/2022,t53,G,7090,7216
7/15/2022,t53,G,7302,7900
7/15/2022,t53,G,7942,8139
7/15/2022,t53,C,8139,8148
7/15/2022,t53,G,8148,8210
7/15/2022,t53,C,8210,8216
7/15/2022,t53,G,8216,8298
7/15/2022,t53,C,8298,8305
7/15/2022,t53,G,8305,8485
7/15/2022,t53,G,8511,8677
7/15/2022,t53,G,8703,8869
7/15/2022,t53,G,8892,9100
7/15/2022,t53,G,9165,9182
7/15/2022,t53,C,9182,9188
7/15/2022,t53,G,9188,9208
7/15/2022,t53,G,9228,9268
7/15/2022,t53,G,9339,9629
7/15/2022,t53,C,9629,9636
7/15/2022,t53,G,9639,9643
7/15/2022,t53,C,9643,9645
7/15/2022,t53,G,9645,9649
7/15/2022,t53,C,9649,9656
7/15/2022,t53,G,9656,9861
7/15/2022,t53,G,9935,10000
7/15/2022,t62,G,0,9
7/15/2022,t62,C,13,18
7/15/2022,t62,G,18,72
7/15/2022,t62,G,216,351
7/15/2022,t62,C,355,362
7/15/2022,t62,G,362,491
7/15/2022,t62,C,491,498
7/15/2022,t62,G,511,693
7/15/2022,t62,G,701,731
7/15/2022,t62,G,765,768
7/15/2022,t62,C,847,853
7/15/2022,t62,G,855,1048
7/15/2022,t62,C,1048,1055
7/15/2022,t62,G,1055,1153
7/15/2022,t62,G,1264,1328
7/15/2022,t62,C,1328,1337
7/15/2022,t62,G,1337,1524
7/15/2022,t62,G,1561,1630
7/15/2022,t62,C,1704,1708
7/15/2022,t62,G,1710,1746
7/15/2022,t62,G,1816,1818
7/15/2022,t62,G,1823,1900
7/15/2022,t62,G,2041,2108
7/15/2022,t62,C,2108,2121
7/15/2022,t62,G,2122,2131
7/15/2022,t62,C,2131,2136
7/15/2022,t62,G,2149,2160
7/15/2022,t62,G,2233,2293
7/15/2022,t62,C,2293,2298
7/15/2022,t62,G,2298,2332
7/15/2022,t62,C,2332,2340
7/15/2022,t62,G,2340,2347
7/15/2022,t62,G,2428,2800
7/15/2022,t62,G,2826,2899
7/15/2022,t62,G,2905,2920
7/15/2022,t62,C,2920,2926
7/15/2022,t62,G,2926,3174
7/15/2022,t62,G,3184,3190
7/15/2022,t62,C,3190,3199
7/15/2022,t62,G,3199,3272
7/15/2022,t62,C,3272,3279
7/15/2022,t62,G,3279,3396
7/15/2022,t62,S,3396,3409
7/15/2022,t62,G,3409,3541
7/15/2022,t62,C,3541,3558
7/15/2022,t62,G,3558,3627
7/15/2022,t62,C,3627,3636
7/15/2022,t62,G,3636,3640
7/15/2022,t62,C,3640,3645
7/15/2022,t62,G,3645,3728
7/15/2022,t62,C,3728,3734
7/15/2022,t62,G,3734,3754
7/15/2022,t62,C,3754,3758
7/15/2022,t62,G,3758,3771
7/15/2022,t62,C,3771,3778
7/15/2022,t62,G,3778,3808
7/15/2022,t62,C,3808,3812
7/15/2022,t62,G,3812,3861
7/15/2022,t62,C,3861,3868
7/15/2022,t62,G,3868,3879
7/15/2022,t62,C,3879,3889
7/15/2022,t62,G,3889,3904
7/15/2022,t62,G,4851,4957
7/15/2022,t62,C,4957,4966
7/15/2022,t62,G,4966,4976
7/15/2022,t62,C,4976,4985
7/15/2022,t62,G,4985,4987
7/15/2022,t62,C,4989,4998
7/15/2022,t62,G,4998,5035
7/15/2022,t62,C,5035,5042
7/15/2022,t62,G,5042,5045
7/15/2022,t62,C,5045,5050
7/15/2022,t62,G,5052,5163
7/15/2022,t62,G,5270,5411
7/15/2022,t62,G,5416,5457
7/15/2022,t62,G,5472,5490
7/15/2022,t62,G,5558,5834
7/15/2022,t62,G,5990,6000
7/15/2022,t62,G,6008,6014
7/15/2022,t62,G,6146,6372
7/15/2022,t62,C,6372,6380
7/15/2022,t62,G,6380,6516
7/15/2022,t62,G,6524,6624
7/15/2022,t62,G,6632,6635
7/15/2022,t62,G,6733,6746
7/15/2022,t62,G,6760,6900
7/15/2022,t62,C,6900,6908
7/15/2022,t62,G,6908,7023
7/15/2022,t62,C,7023,7030
7/15/2022,t62,G,7030,7084
7/15/2022,t62,C,7084,7094
7/15/2022,t62,G,7094,7382
7/15/2022,t62,C,7382,7395
7/15/2022,t62,G,7397,7562
7/15/2022,t62,C,7562,7568
7/15/2022,t62,G,7568,7961
7/15/2022,t62,C,7961,7964
7/15/2022,t62,G,7964,8196
7/15/2022,t62,G,8204,8352
7/15/2022,t62,G,8363,9339
7/15/2022,t62,C,9339,9348
7/15/2022,t62,G,9348,9392
7/15/2022,t62,C,9392,9395
7/15/2022,t62,G,9395,9485
7/15/2022,t62,C,9485,9489
7/15/2022,t62,G,9489,9785
7/15/2022,t62,C,9795,9800
7/15/2022,t62,G,9800,10000
7/15/2022,t64,G,0,176
7/15/2022,t64,G,199,314
7/15/2022,t64,G,321,638
7/15/2022,t64,G,684,987
7/15/2022,t64,G,1003,1287
7/15/2022,t64,G,1298,1567
7/15/2022,t64,G,1579,1599
7/15/2022,t64,G,1606,1719
7/15/2022,t64,G,1743,1747
7/15/2022,t64,G,1767,1769
7/15/2022,t64,G,1775,1791
7/15/2022,t64,G,1795,1802
7/15/2022,t64,C,1802,1805
7/15/2022,t64,G,1805,1808
7/15/2022,t64,G,1811,1859
7/15/2022,t64,C,1859,1868
7/15/2022,t64,G,1868,1919
7/15/2022,t64,G,1924,1987
7/15/2022,t64,G,1992,1997
7/15/2022,t64,G,2008,2499
7/15/2022,t64,G,2595,3105
7/15/2022,t64,G,3126,3406
7/15/2022,t64,G,3449,3783
7/15/2022,t64,C,3783,3790
7/15/2022,t64,G,3790,4631
7/15/2022,t64,C,4631,4635
7/15/2022,t64,G,4635,4655
7/15/2022,t64,C,4655,4658
7/15/2022,t64,G,4658,4698
7/15/2022,t64,C,4698,4703
7/15/2022,t64,G,4703,4782
7/15/2022,t64,G,4782,4802
7/15/2022,t64,G,4802,4931
7/15/2022,t64,C,4931,4935
7/15/2022,t64,G,4935,4950
7/15/2022,t64,C,4950,4956
7/15/2022,t64,G,4956,5175
7/15/2022,t64,G,5294,5835
7/15/2022,t64,G,5839,5844
7/15/2022,t64,G,5847,5849
7/15/2022,t64,G,5859,6565
7/15/2022,t64,G,6643,6940
7/15/2022,t64,G,7005,7456
7/15/2022,t64,G,7537,7619
7/15/2022,t64,G,7760,7848
7/15/2022,t64,C,7848,7853
7/15/2022,t64,G,7853,8582
7/15/2022,t64,G,8635,8669
7/15/2022,t64,G,8764,9057
7/15/2022,t64,G,9066,9070
7/15/2022,t64,G,9082,9216
7/15/2022,t64,G,8242,9370
7/15/2022,t64,G,9457,9669
7/15/2022,t64,G,9685,10000
7/18/2022,t8,G,0,77
7/18/2022,t8,C,77,84
7/18/2022,t8,G,84,168
7/18/2022,t8,C,168,172
7/18/2022,t8,G,172,281
7/18/2022,t8,C,281,284
7/18/2022,t8,G,284,495
7/18/2022,t8,C,495,507
7/18/2022,t8,G,507,632
7/18/2022,t8,C,632,637
7/18/2022,t8,G,637,1097
7/18/2022,t8,G,1100,1116
7/18/2022,t8,G,1120,1126
7/18/2022,t8,G,1188,1414
7/18/2022,t8,C,1414,1419
7/18/2022,t8,G,1419,1551
7/18/2022,t8,G,1561,2440
7/18/2022,t8,C,2440,2454
7/18/2022,t8,G,2454,2495
7/18/2022,t8,S,2495,2533
7/18/2022,t8,G,2533,3295
7/18/2022,t8,C,3295,3300
7/18/2022,t8,G,3300,3365
7/18/2022,t8,C,3365,3369
7/18/2022,t8,G,3369,3324
7/18/2022,t8,C,3324,3332
7/18/2022,t8,G,3332,3481
7/18/2022,t8,C,3481,3485
7/18/2022,t8,G,3485,3612
7/18/2022,t8,C,3612,3616
7/18/2022,t8,G,3616,3685
7/18/2022,t8,C,3685,3693
7/18/2022,t8,G,3693,3843
7/18/2022,t8,C,3843,3853
7/18/2022,t8,G,3853,3864
7/18/2022,t8,C,3864,3871
7/18/2022,t8,G,3871,4042
7/18/2022,t8,C,4042,4052
7/18/2022,t8,G,4052,4153
7/18/2022,t8,G,4161,4164
7/18/2022,t8,G,4168,4191
7/18/2022,t8,G,4256,4338
7/18/2022,t8,G,4342,4386
7/18/2022,t8,G,4396,4472
7/18/2022,t8,G,4514,4554
7/18/2022,t8,G,4603,4737
7/18/2022,t8,G,4746,4795
7/18/2022,t8,G,4908,5065
7/18/2022,t8,G,5071,5080
7/18/2022,t8,G,5086,5124
7/18/2022,t8,C,5124,5136
7/18/2022,t8,G,5140,5249
7/18/2022,t8,G,5256,5263
7/18/2022,t8,G,5269,5286
7/18/2022,t8,G,5289,5377
7/18/2022,t8,G,5380,5386
7/18/2022,t8,G,5392,5396
7/18/2022,t8,G,5413,5416
7/18/2022,t8,G,5425,5484
7/18/2022,t8,G,5554,5640
7/18/2022,t8,G,5648,5657
7/18/2022,t8,C,5657,5675
7/18/2022,t8,G,5694,5700
7/18/2022,t8,G,5771,5859
7/18/2022,t8,G,5863,5895
7/18/2022,t8,G,5966,5971
7/18/2022,t8,G,6026,6104
7/18/2022,t8,G,6140,6829
7/18/2022,t8,G,6906,7160
7/18/2022,t8,C,7160,7165
7/18/2022,t8,G,7165,7380
7/18/2022,t8,C,7380,7393
7/18/2022,t8,G,7393,7421
7/18/2022,t8,C,7421,7429
7/18/2022,t8,G,7429,7529
7/18/2022,t8,C,7529,7542
7/18/2022,t8,G,7542,7549
7/18/2022,t8,C,7549,7555
7/18/2022,t8,G,7555,7560
7/18/2022,t8,C,7560,7570
7/18/2022,t8,G,7570,7574
7/18/2022,t8,C,7574,7581
7/18/2022,t8,G,7581,7587
7/18/2022,t8,C,7587,7593
7/18/2022,t8,G,7593,7614
7/18/2022,t8,C,7614,7619
7/18/2022,t8,G,7619,7652
7/18/2022,t8,C,7652,7667
7/18/2022,t8,G,7667,7782
7/18/2022,t8,C,7782,7788
7/18/2022,t8,G,7788,7962
7/18/2022,t8,C,7962,7972
7/18/2022,t8,G,7972,8046
7/18/2022,t8,C,8048,8054
7/18/2022,t8,G,8054,8067
7/18/2022,t8,C,8067,8072
7/18/2022,t8,G,8072,8189
7/18/2022,t8,C,8189,8196
7/18/2022,t8,G,8196,8233
7/18/2022,t8,C,8233,8239
7/18/2022,t8,G,8239,8343
7/18/2022,t8,C,8343,8349
7/18/2022,t8,G,8349,8370
7/18/2022,t8,C,8370,8377
7/18/2022,t8,G,8377,8391
7/18/2022,t8,C,8391,8397
7/18/2022,t8,G,8397,8427
7/18/2022,t8,C,8427,8430
7/18/2022,t8,G,8430,8472
7/18/2022,t8,C,8472,8475
7/18/2022,t8,G,8475,9065
7/18/2022,t8,G,9074,9192
7/18/2022,t8,G,9236,9448
7/18/2022,t8,G,9461,9474
7/18/2022,t8,G,9541,9634
7/18/2022,t8,C,9634,9637
7/18/2022,t8,G,9637,9671
7/18/2022,t8,C,9671,9675
7/18/2022,t8,G,9675,9710
7/18/2022,t8,C,9710,9716
7/18/2022,t8,G,9716,10000
7/18/2022,t61,G,0,14
7/18/2022,t61,G,21,36
7/18/2022,t61,G,233,242
7/18/2022,t61,G,256,271
7/18/2022,t61,C,271,278
7/18/2022,t61,G,278,371
7/18/2022,t61,G,442,450
7/18/2022,t61,G,467,672
7/18/2022,t61,G,681,687
7/18/2022,t61,G,694,702
7/18/2022,t61,G,740,771
7/18/2022,t61,G,785,809
7/18/2022,t61,G,877,1071
7/18/2022,t61,G,1082,1150
7/18/2022,t61,G,1248,1264
7/18/2022,t61,G,1277,1282
7/18/2022,t61,G,1315,1471
7/18/2022,t61,G,1540,1561
7/18/2022,t61,G,1574,1583
7/18/2022,t61,G,1601,1682
7/18/2022,t61,G,1873,1879
7/18/2022,t61,G,1887,1990
7/18/2022,t61,G,2182,2285
7/18/2022,t61,G,2361,2505
7/18/2022,t61,G,2508,2761
7/18/2022,t61,G,2766,2937
7/18/2022,t61,G,2951,3058
7/18/2022,t61,G,3074,3980
7/18/2022,t61,C,3980,3984
7/18/2022,t61,G,3984,4093
7/18/2022,t61,G,4093,4099
7/18/2022,t61,G,4099,4114
7/18/2022,t61,C,4114,4118
7/18/2022,t61,G,4118,4137
7/18/2022,t61,C,4137,4150
7/18/2022,t61,G,4150,4157
7/18/2022,t61,C,4157,4165
7/18/2022,t61,G,4165,4307
7/18/2022,t61,C,4307,4314
7/18/2022,t61,G,4314,4458
7/18/2022,t61,C,4458,4470
7/18/2022,t61,G,4470,4673
7/18/2022,t61,C,4673,4681
7/18/2022,t61,G,4681,4722
7/18/2022,t61,C,4722,4728
7/18/2022,t61,G,4728,4797
7/18/2022,t61,G,4865,5160
7/18/2022,t61,C,5160,5166
7/18/2022,t61,G,5166,5304
7/18/2022,t61,C,5304,5310
7/18/2022,t61,G,5310,5314
7/18/2022,t61,C,5316,5322
7/18/2022,t61,G,5322,5328
7/18/2022,t61,G,5334,5358
7/18/2022,t61,C,5358,5366
7/18/2022,t61,G,5366,5430
7/18/2022,t61,C,5430,5433
7/18/2022,t61,G,5433,5453
7/18/2022,t61,S,5453,5473
7/18/2022,t61,G,5473,5525
7/18/2022,t61,C,5525,5540
7/18/2022,t61,G,5540,5600
7/18/2022,t61,C,5600,5602
7/18/2022,t61,G,5602,5656
7/18/2022,t61,C,5656,5662
7/18/2022,t61,G,5662,5667
7/18/2022,t61,C,5667,5673
7/18/2022,t61,G,5673,5678
7/18/2022,t61,C,5678,5682
7/18/2022,t61,G,5682,5736
7/18/2022,t61,C,5736,5752
7/18/2022,t61,G,5742,5752
7/18/2022,t61,C,5752,5765
7/18/2022,t61,G,5765,5919
7/18/2022,t61,G,5924,6182
7/18/2022,t61,C,6182,6187
7/18/2022,t61,G,6187,6206
7/18/2022,t61,C,6206,6214
7/18/2022,t61,G,6214,6311
7/18/2022,t61,G,6319,6331
7/18/2022,t61,C,6331,6337
7/18/2022,t61,G,6337,6343
7/18/2022,t61,C,6343,6454
7/18/2022,t61,G,6354,6364
7/18/2022,t61,C,6364,6380
7/18/2022,t61,G,6380,6396
7/18/2022,t61,C,6396,6401
7/18/2022,t61,G,6401,6732
7/18/2022,t61,C,6732,6738
7/18/2022,t61,G,6738,6750
7/18/2022,t61,C,6750,6757
7/18/2022,t61,G,6757,6774
7/18/2022,t61,C,6774,6777
7/18/2022,t61,G,6777,6845
7/18/2022,t61,C,6845,6852
7/18/2022,t61,G,6852,6826
7/18/2022,t61,C,6926,6929
7/18/2022,t61,G,6929,6953
7/18/2022,t61,C,6953,6956
7/18/2022,t61,G,6956,7045
7/18/2022,t61,C,7045,7049
7/18/2022,t61,G,7049,7072
7/18/2022,t61,S,7072,7089
7/18/2022,t61,G,7090,7096
7/18/2022,t61,C,7099,7107
7/18/2022,t61,G,7131,7268
7/18/2022,t61,C,7268,7271
7/18/2022,t61,G,7271,7466
7/18/2022,t61,G,7652,7867
7/18/2022,t61,G,7989,7999
7/18/2022,t61,G,8002,8211
7/18/2022,t61,G,8272,8495
7/18/2022,t61,C,8495,8501
7/18/2022,t61,G,8505,8825
7/18/2022,t61,G,8859,9272
7/18/2022,t61,G,9280,9374
7/18/2022,t61,G,9397,9440
7/18/2022,t61,G,9473,9777
7/18/2022,t61,G,9814,9857
7/18/2022,t61,S,9868,9893
7/18/2022,t61,G,9893,9955
7/18/2022,t61,C,9955,9966
7/18/2022,t61,G,9966,10000
7/18/2022,t19,G,0,91
7/18/2022,t19,C,91,97
7/18/2022,t19,G,97,1666
7/18/2022,t19,G,1748,1998
7/18/2022,t19,G,2077,3310
7/18/2022,t19,C,3310,3316
7/18/2022,t19,G,3316,3446
7/18/2022,t19,C,3446,3449
7/18/2022,t19,G,3449,3696
7/18/2022,t19,C,3696,3699
7/18/2022,t19,G,3699,4490
7/18/2022,t19,G,4514,4710
7/18/2022,t19,G,4788,4890
7/18/2022,t19,G,4893,4897
7/18/2022,t19,G,5066,5330
7/18/2022,t19,C,5333,5346
7/18/2022,t19,G,5346,5349
7/18/2022,t19,C,5351,5355
7/18/2022,t19,G,5355,5358
7/18/2022,t19,C,5360,5369
7/18/2022,t19,G,5372,5376
7/18/2022,t19,G,5384,5387
7/18/2022,t19,C,5391,5396
7/18/2022,t19,G,5409,5784
7/18/2022,t19,G,5793,7860
7/18/2022,t19,G,7925,7933
7/18/2022,t19,G,7947,7964
7/18/2022,t19,G,7971,7976
7/18/2022,t19,G,7986,8078
7/18/2022,t19,G,8081,8160
7/18/2022,t19,G,8166,8169
7/18/2022,t19,G,8182,8419
7/18/2022,t19,G,8424,8428
7/18/2022,t19,G,8431,8490
7/18/2022,t19,G,8500,8606
7/18/2022,t19,C,8616,8619
7/18/2022,t19,G,8627,8630
7/18/2022,t19,G,8660,8764
7/18/2022,t19,G,8802,8806
7/18/2022,t19,G,8817,8829
7/18/2022,t19,G,8832,9163
7/18/2022,t19,G,9211,9590
7/18/2022,t19,C,9590,9596
7/18/2022,t19,G,9596,9677
7/18/2022,t19,C,9677,9683
7/18/2022,t19,G,9683,9776
7/18/2022,t19,G,9809,9814
7/18/2022,t19,G,9821,10000
7/18/2022,t54,G,0,506
7/18/2022,t54,G,540,647
7/18/2022,t54,G,678,682
7/18/2022,t54,G,692,703
7/18/2022,t54,G,826,919
7/18/2022,t54,G,954,1189
7/18/2022,t54,C,1189,1194
7/18/2022,t54,G,1194,1282
7/18/2022,t54,G,1330,1723
7/18/2022,t54,G,1779,2696
7/18/2022,t54,C,2696,2702
7/18/2022,t54,G,2702,2754
7/18/2022,t54,G,2756,2762
7/18/2022,t54,G,2784,4156
7/18/2022,t54,G,4230,4395
7/18/2022,t54,G,4515,5159
7/18/2022,t54,C,5159,5162
7/18/2022,t54,G,5162,5403
7/18/2022,t54,G,5495,5530
7/18/2022,t54,C,5530,5537
7/18/2022,t54,G,5537,5950
7/18/2022,t54,G,5965,5980
7/18/2022,t54,G,6082,6444
7/18/2022,t54,G,6447,6874
7/18/2022,t54,C,6874,6886
7/18/2022,t54,G,6886,7053
7/18/2022,t54,C,7053,7058
7/18/2022,t54,G,7058,7208
7/18/2022,t54,C,7208,7223
7/18/2022,t54,G,7223,7284
7/18/2022,t54,C,7284,7288
7/18/2022,t54,G,7288,7410
7/18/2022,t54,G,7477,7730
7/18/2022,t54,G,7770,7784
7/18/2022,t54,G,7787,8136
7/18/2022,t54,C,8136,8140
7/18/2022,t54,G,8140,8661
7/18/2022,t54,C,8661,8669
7/18/2022,t54,G,8669,9598
7/18/2022,t54,G,9652,9763
7/18/2022,t54,G,9801,10000
7/18/2022,t55,G,0,140
7/18/2022,t55,G,193,284
7/18/2022,t55,G,312,1381
7/18/2022,t55,G,1496,1666
7/18/2022,t55,G,1755,2621
7/18/2022,t55,G,2627,3223
7/18/2022,t55,G,3247,3250
7/18/2022,t55,G,3320,3566
7/18/2022,t55,G,3719,3988
7/18/2022,t55,G,3993,3995
7/18/2022,t55,G,4006,4159
7/18/2022,t55,G,4183,4411
7/18/2022,t55,C,4411,4418
7/18/2022,t55,G,4418,4699
7/18/2022,t55,C,4699,4707
7/18/2022,t55,G,4707,4965
7/18/2022,t55,C,4965,4976
7/18/2022,t55,G,4976,5065
7/18/2022,t55,G,5070,5114
7/18/2022,t55,G,5155,5582
7/18/2022,t55,G,5617,5948
7/18/2022,t55,C,5948,5954
7/18/2022,t55,G,5954,7313
7/18/2022,t55,G,7422,8344
7/18/2022,t55,C,8344,8355
7/18/2022,t55,G,8355,8668
7/18/2022,t55,G,8765,8941
7/18/2022,t55,C,8941,8945
7/18/2022,t55,G,8945,8980
7/18/2022,t55,C,8980,8989
7/18/2022,t55,G,8989,10000
7/19/2022,t56,G,0,76
7/19/2022,t56,G,83,196
7/19/2022,t56,C,196,211
7/19/2022,t56,G,211,303
7/19/2022,t56,C,303,308
7/19/2022,t56,G,308,351
7/19/2022,t56,C,351,363
7/19/2022,t56,G,363,380
7/19/2022,t56,C,380,393
7/19/2022,t56,G,393,417
7/19/2022,t56,C,417,425
7/19/2022,t56,G,425,446
7/19/2022,t56,S,446,453
7/19/2022,t56,G,453,476
7/19/2022,t56,C,476,480
7/19/2022,t56,G,480,650
7/19/2022,t56,G,736,742
7/19/2022,t56,G,757,765
7/19/2022,t56,G,773,776
7/19/2022,t56,G,780,815
7/19/2022,t56,G,822,825
7/19/2022,t56,G,830,834
7/19/2022,t56,G,851,855
7/19/2022,t56,G,862,867
7/19/2022,t56,G,877,2107
7/19/2022,t56,C,2107,2114
7/19/2022,t56,G,2114,2163
7/19/2022,t56,G,2168,2173
7/19/2022,t56,C,2178,2181
7/19/2022,t56,G,2198,2240
7/19/2022,t56,G,2244,2505
7/19/2022,t56,G,2549,2757
7/19/2022,t56,C,2757,2765
7/19/2022,t56,G,2765,2893
7/19/2022,t56,G,2945,2967
7/19/2022,t56,G,3026,3055
7/19/2022,t56,C,3055,3069
7/19/2022,t56,G,3069,3129
7/19/2022,t56,C,3129,3137
7/19/2022,t56,G,3137,3401
7/19/2022,t56,G,3462,3472
7/19/2022,t56,C,3472,3480
7/19/2022,t56,G,3480,3533
7/19/2022,t56,C,3533,3541
7/19/2022,t56,G,3541,3544
7/19/2022,t56,C,3544,3550
7/19/2022,t56,G,3550,3663
7/19/2022,t56,C,3663,3666
7/19/2022,t56,G,3666,3697
7/19/2022,t56,C,3697,3707
7/19/2022,t56,G,3707,3719
7/19/2022,t56,C,3719,3724
7/19/2022,t56,G,3724,3756
7/19/2022,t56,C,3756,3767
7/19/2022,t56,G,3767,3834
7/19/2022,t56,C,3834,3844
7/19/2022,t56,G,3844,3861
7/19/2022,t56,C,3861,3878
7/19/2022,t56,G,3878,3898
7/19/2022,t56,C,3898,3902
7/19/2022,t56,G,3902,3906
7/19/2022,t56,C,3906,3913
7/19/2022,t56,G,3913,4025
7/19/2022,t56,C,4025,4033
7/19/2022,t56,G,4106,4162
7/19/2022,t56,C,4162,4165
7/19/2022,t56,G,4165,4192
7/19/2022,t56,C,4192,4201
7/19/2022,t56,G,4201,4358
7/19/2022,t56,G,4442,4506
7/19/2022,t56,G,4612,4807
7/19/2022,t56,C,4807,4821
7/19/2022,t56,G,4821,4840
7/19/2022,t56,C,4840,4846
7/19/2022,t56,G,4846,5129
7/19/2022,t56,C,5129,5133
7/19/2022,t56,G,5133,5523
7/19/2022,t56,G,5677,5680
7/19/2022,t56,G,5685,5692
7/19/2022,t56,G,5712,5773
7/19/2022,t56,C,5776,5782
7/19/2022,t56,G,5783,6541
7/19/2022,t56,G,6637,7209
7/19/2022,t56,C,7209,7215
7/19/2022,t56,G,7215,7248
7/19/2022,t56,C,7248,7252
7/19/2022,t56,G,7252,7279
7/19/2022,t56,C,7279,7285
7/19/2022,t56,G,7285,7326
7/19/2022,t56,C,7326,7332
7/19/2022,t56,G,7332,7593
7/19/2022,t56,G,7647,7878
7/19/2022,t56,G,7889,8158
7/19/2022,t56,G,8161,8372
7/19/2022,t56,G,8411,8732
7/19/2022,t56,G,8778,8781
7/19/2022,t56,G,8792,8797
7/19/2022,t56,G,8811,8838
7/19/2022,t56,G,8873,9097
7/19/2022,t56,G,9178,9348
7/19/2022,t56,C,9348,9352
7/19/2022,t56,G,9352,9613
7/19/2022,t56,G,9682,9724
7/19/2022,t56,G,9766,10000
7/19/2022,t21,G,0,151
7/19/2022,t21,G,245,465
7/19/2022,t21,G,476,499
7/19/2022,t21,G,504,510
7/19/2022,t21,G,550,612
7/19/2022,t21,C,612,617
7/19/2022,t21,G,617,698
7/19/2022,t21,G,807,853
7/19/2022,t21,G,892,1036
7/19/2022,t21,G,1155,1272
7/19/2022,t21,G,1330,1592
7/19/2022,t21,G,1620,1624
7/19/2022,t21,G,1631,1814
7/19/2022,t21,G,1855,2033
7/19/2022,t21,G,2125,2155
7/19/2022,t21,C,2155,2159
7/19/2022,t21,G,2159,2267
7/19/2022,t21,G,2276,2304
7/19/2022,t21,G,2361,2425
7/19/2022,t21,G,2490,2549
7/19/2022,t21,C,2549,2557
7/19/2022,t21,G,2557,2605
7/19/2022,t21,C,2605,2613
7/19/2022,t21,G,2613,2647
7/19/2022,t21,C,2647,2669
7/19/2022,t21,G,2669,2880
7/19/2022,t21,C,2880,2883
7/19/2022,t21,G,2883,3076
7/19/2022,t21,C,3076,3086
7/19/2022,t21,G,3086,3493
7/19/2022,t21,C,3493,3497
7/19/2022,t21,G,3497,3639
7/19/2022,t21,G,3649,3894
7/19/2022,t21,C,3894,3897
7/19/2022,t21,G,3897,3978
7/19/2022,t21,G,4024,4038
7/19/2022,t21,G,4116,4127
7/19/2022,t21,G,4133,4141
7/19/2022,t21,G,4156,4539
7/19/2022,t21,G,4543,5081
7/19/2022,t21,G,5175,5243
7/19/2022,t21,G,5307,7240
7/19/2022,t21,C,7240,7244
7/19/2022,t21,G,7244,9206
7/19/2022,t21,G,9212,9872
7/19/2022,t21,G,9927,10000
7/19/2022,t9,G,0,67
7/19/2022,t9,G,131,152
7/19/2022,t9,G,273,619
7/19/2022,t9,G,622,745
7/19/2022,t9,G,799,986
7/19/2022,t9,G,1015,2865
7/19/2022,t9,C,2865,2872
7/19/2022,t9,G,2872,5301
7/19/2022,t9,C,5301,5305
7/19/2022,t9,G,5305,5332
7/19/2022,t9,C,5332,5336
7/19/2022,t9,G,5336,5947
7/19/2022,t9,C,5947,5952
7/19/2022,t9,G,5952,6259
7/19/2022,t9,C,6259,6263
7/19/2022,t9,G,6263,6421
7/19/2022,t9,C,6421,6427
7/19/2022,t9,G,6427,6439
7/19/2022,t9,C,6439,6443
7/19/2022,t9,G,6443,6764
7/19/2022,t9,C,6764,6781
7/19/2022,t9,G,6781,6788
7/19/2022,t9,C,6788,6791
7/19/2022,t9,G,6791,7396
7/19/2022,t9,C,7396,7404
7/19/2022,t9,G,7404,7430
7/19/2022,t9,C,7430,7437
7/19/2022,t9,G,7437,7446
7/19/2022,t9,C,7446,7455
7/19/2022,t9,G,7455,7672
7/19/2022,t9,C,7672,7679
7/19/2022,t9,G,7679,7726
7/19/2022,t9,C,7726,7735
7/19/2022,t9,G,7735,7805
7/19/2022,t9,C,7805,7812
7/19/2022,t9,G,7812,8327
7/19/2022,t9,G,8489,8535
7/19/2022,t9,G,8723,8847
7/19/2022,t9,G,8852,8894
7/19/2022,t9,G,8898,8944
7/19/2022,t9,G,8980,8984
7/19/2022,t9,G,9107,9157
7/19/2022,t9,C,9159,9166
7/19/2022,t9,G,9166,9306
7/19/2022,t9,G,9412,10000
7/19/2022,t60,G,26,70
7/19/2022,t60,G,153,175
7/19/2022,t60,C,279,285
7/19/2022,t60,G,346,421
7/19/2022,t60,G,468,536
7/19/2022,t60,G,710,880
7/19/2022,t60,G,977,1010
7/19/2022,t60,G,1110,1272
7/19/2022,t60,G,1437,1825
7/19/2022,t60,G,1868,1895
7/19/2022,t60,C,1902,1914
7/19/2022,t60,G,1914,1976
7/19/2022,t60,C,1998,2008
7/19/2022,t60,G,2008,2062
7/19/2022,t60,C,2062,2070
7/19/2022,t60,G,2070,2086
7/19/2022,t60,C,2086,2097
7/19/2022,t60,G,2097,2100
7/19/2022,t60,C,2100,2117
7/19/2022,t60,G,2136,2139
7/19/2022,t60,C,2158,2170
7/19/2022,t60,G,2183,2210
7/19/2022,t60,C,2223,2230
7/19/2022,t60,G,2230,2450
7/19/2022,t60,G,2576,2934
7/19/2022,t60,C,2934,2937
7/19/2022,t60,G,2937,3720
7/19/2022,t60,G,3770,3820
7/19/2022,t60,G,3921,3985
7/19/2022,t60,C,3985,3993
7/19/2022,t60,G,3993,4033
7/19/2022,t60,G,4040,4045
7/19/2022,t60,G,4134,4219
7/19/2022,t60,G,4296,4660
7/19/2022,t60,G,4734,4823
7/19/2022,t60,G,4842,4860
7/19/2022,t60,G,4884,4968
7/19/2022,t60,C,4968,4973
7/19/2022,t60,G,4973,5030
7/19/2022,t60,G,5201,5246
7/19/2022,t60,G,5314,5581
7/19/2022,t60,G,5646,5715
7/19/2022,t60,G,5729,6045
7/19/2022,t60,C,6197,6206
7/19/2022,t60,G,6207,6356
7/19/2022,t60,C,6356,6361
7/19/2022,t60,G,6405,6416
7/19/2022,t60,G,6430,6472
7/19/2022,t60,G,6563,6682
7/19/2022,t60,G,6729,6737
7/19/2022,t60,G,6740,6747
7/19/2022,t60,C,6747,6752
7/19/2022,t60,C,6758,6764
7/19/2022,t60,G,6766,6771
7/19/2022,t60,G,6777,6812
7/19/2022,t60,C,6832,6836
7/19/2022,t60,G,6848,6859
7/19/2022,t60,C,6868,6877
7/19/2022,t60,C,6880,6887
7/19/2022,t60,C,6891,6904
7/19/2022,t60,G,6904,6938
7/19/2022,t60,C,6944,6952
7/19/2022,t60,G,6952,6990
7/19/2022,t60,G,7003,7025
7/19/2022,t60,G,7112,7337
7/19/2022,t60,G,7454,7580
7/19/2022,t60,G,7596,7868
7/19/2022,t60,G,7933,8050
7/19/2022,t60,G,8063,8154
7/19/2022,t60,C,8154,8170
7/19/2022,t60,G,8170,8181
7/19/2022,t60,C,8181,8190
7/19/2022,t60,G,8190,8404
7/19/2022,t60,C,8404,8411
7/19/2022,t60,G,8411,8538
7/19/2022,t60,C,8538,8544
7/19/2022,t60,G,8544,8607
7/19/2022,t60,C,8607,8615
7/19/2022,t60,G,8615,8619
7/19/2022,t60,C,8619,8622
7/19/2022,t60,G,8622,8631
7/19/2022,t60,C,8631,8637
7/19/2022,t60,G,8637,8686
7/19/2022,t60,C,8686,8690
7/19/2022,t60,G,8690,8717
7/19/2022,t60,C,8717,8724
7/19/2022,t60,G,8724,8799
7/19/2022,t60,C,8799,8806
7/19/2022,t60,G,8806,9292
7/19/2022,t60,G,9385,9914
7/20/2022,t57,G,0,183
7/20/2022,t57,G,201,531
7/20/2022,t57,G,534,795
7/20/2022,t57,G,804,807
7/20/2022,t57,G,815,1142
7/20/2022,t57,G,1151,1162
7/20/2022,t57,G,1183,1227
7/20/2022,t57,G,1239,3303
7/20/2022,t57,G,3311,3642
7/20/2022,t57,C,3642,3646
7/20/2022,t57,G,3646,3811
7/20/2022,t57,G,3816,3829
7/20/2022,t57,G,3837,3876
7/20/2022,t57,G,3893,3912
7/20/2022,t57,G,3916,4072
7/20/2022,t57,G,4175,4271
7/20/2022,t57,G,4275,4315
7/20/2022,t57,G,4322,4427
7/20/2022,t57,G,4553,4667
7/20/2022,t57,G,4675,4678
7/20/2022,t57,G,4689,4716
7/20/2022,t57,G,4725,5039
7/20/2022,t57,G,5050,5187
7/20/2022,t57,G,5263,5522
7/20/2022,t57,C,5522,5524
7/20/2022,t57,G,5524,5659
7/20/2022,t57,G,5696,6667
7/20/2022,t57,G,6711,7091
7/20/2022,t57,G,7089,7291
7/20/2022,t57,G,7309,10000
7/20/2022,t20,G,0,166
7/20/2022,t20,G,276,650
7/20/2022,t20,G,1096,1514
7/20/2022,t20,C,1514,1521
7/20/2022,t20,G,1521,1526
7/20/2022,t20,G,1529,1715
7/20/2022,t20,G,1722,2481
7/20/2022,t20,C,2481,2496
7/20/2022,t20,G,2496,2947
7/20/2022,t20,G,3190,3317
7/20/2022,t20,C,3317,3322
7/20/2022,t20,G,3322,3346
7/20/2022,t20,C,3346,3353
7/20/2022,t20,G,3353,3391
7/20/2022,t20,C,3391,3397
7/20/2022,t20,G,3400,3484
7/20/2022,t20,C,2488,3494
7/20/2022,t20,G,3494,3527
7/20/2022,t20,G,3558,3740
7/20/2022,t20,G,3817,4546
7/20/2022,t20,G,4552,4575
7/20/2022,t20,G,4598,4691
7/20/2022,t20,G,4701,4704
7/20/2022,t20,G,4759,5230
7/20/2022,t20,G,5273,6076
7/20/2022,t20,C,6076,6082
7/20/2022,t20,G,6082,6251
7/20/2022,t20,C,6251,6254
7/20/2022,t20,G,6254,6577
7/20/2022,t20,C,6577,6586
7/20/2022,t20,G,6586,6947
7/20/2022,t20,C,6947,6957
7/20/2022,t20,G,6957,7049
7/20/2022,t20,G,7115,7178
7/20/2022,t20,C,7178,7184
7/20/2022,t20,G,7184,7265
7/20/2022,t20,C,7265,7273
7/20/2022,t20,G,7273,8069
7/20/2022,t20,C,8069,8075
7/20/2022,t20,G,8075,8807
7/20/2022,t20,C,8807,8812
7/20/2022,t20,G,8812,9252
7/20/2022,t20,G,9279,9420
7/20/2022,t20,G,9509,9633
7/20/2022,t20,G,9685,9784
7/20/2022,t20,G,9809,10000
7/20/2022,t58,G,0,270
7/20/2022,t58,C,270,274
7/20/2022,t58,G,274,427
7/20/2022,t58,C,427,437
7/20/2022,t58,G,437,839
7/20/2022,t58,C,839,845
7/20/2022,t58,G,845,1192
7/20/2022,t58,G,1289,1577
7/20/2022,t58,C,1577,1587
7/20/2022,t58,G,1587,1631
7/20/2022,t58,G,1694,1710
7/20/2022,t58,G,1734,1815
7/20/2022,t58,G,1850,2210
7/20/2022,t58,G,2246,3280
7/20/2022,t58,G,3305,3487
7/20/2022,t58,G,3543,4069
7/20/2022,t58,G,4076,4670
7/20/2022,t58,G,4737,4794
7/20/2022,t58,G,4810,6347
7/20/2022,t58,C,6347,6353
7/20/2022,t58,G,6353,7651
7/20/2022,t58,G,7748,8573
7/20/2022,t58,G,8754,8765
7/20/2022,t58,G,8826,9931
7/20/2022,t58,G,9963,10000
7/21/2022,t17,G,0,297
7/21/2022,t17,G,301,442
7/21/2022,t17,G,482,691
7/21/2022,t17,G,740,826
7/21/2022,t17,G,852,1067
7/21/2022,t17,G,1145,1422
7/21/2022,t17,G,1448,1670
7/21/2022,t17,G,1692,2167
7/21/2022,t17,G,2197,2306
7/21/2022,t17,G,2326,2609
7/21/2022,t17,G,2661,2851
7/21/2022,t17,C,2851,2855
7/21/2022,t17,G,2855,2939
7/21/2022,t17,G,2948,3204
7/21/2022,t17,G,3216,3227
7/21/2022,t17,G,3284,3330
7/21/2022,t17,G,3386,4082
7/21/2022,t17,G,4137,4465
7/21/2022,t17,G,4507,4572
7/21/2022,t17,G,4598,5354
7/21/2022,t17,G,5363,5552
7/21/2022,t17,G,5574,5585
7/21/2022,t17,G,5603,5617
7/21/2022,t17,G,5631,5655
7/21/2022,t17,G,5698,5737
7/21/2022,t17,C,5751,5756
7/21/2022,t17,G,5758,6184
7/21/2022,t17,G,6191,6248
7/21/2022,t17,C,6248,6254
7/21/2022,t17,G,6255,6845
7/21/2022,t17,G,6902,7053
7/21/2022,t17,G,7154,7286
7/21/2022,t17,G,7371,7426
7/21/2022,t17,G,7474,7530
7/21/2022,t17,G,7601,8221
7/21/2022,t17,G,8233,8320
7/21/2022,t17,G,8324,8329
7/21/2022,t17,G,8340,8654
7/21/2022,t17,G,8681,8776
7/21/2022,t17,G,8797,9160
7/21/2022,t17,G,9254,9260
7/21/2022,t17,G,9270,9492
7/21/2022,t17,G,9524,9651
7/21/2022,t17,G,9715,9808
7/21/2022,t17,G,9890,10000
7/21/2022,t59,G,131,331
7/21/2022,t59,C,331,335
7/21/2022,t59,G,335,605
7/21/2022,t59,G,610,618
7/21/2022,t59,G,643,646
7/21/2022,t59,G,669,702
7/21/2022,t59,G,709,717
7/21/2022,t59,G,805,1509
7/21/2022,t59,G,1614,2262
7/21/2022,t59,G,2308,2448
7/21/2022,t59,G,2524,2650
7/21/2022,t59,G,2761,3389
7/21/2022,t59,G,3443,3510
7/21/2022,t59,G,3565,3908
7/21/2022,t59,C,3908,3914
7/21/2022,t59,G,3914,3941
7/21/2022,t59,C,3941,3947
7/21/2022,t59,G,3947,4047
7/21/2022,t59,G,4195,4428
7/21/2022,t59,G,4473,4481
7/21/2022,t59,G,4540,4773
7/21/2022,t59,G,4857,4924
7/21/2022,t59,C,4924,4934
7/21/2022,t59,G,4934,5062
7/21/2022,t59,G,5119,5560
7/21/2022,t59,G,5563,5707
7/21/2022,t59,G,5716,5790
7/21/2022,t59,G,5836,9408
7/21/2022,t59,G,9416,10000
7/25/2022,t72,G,103,154
7/25/2022,t72,G,167,201
7/25/2022,t72,G,237,795
7/25/2022,t72,G,946,1039
7/25/2022,t72,G,1047,1083
7/25/2022,t72,G,1099,1220
7/25/2022,t72,C,1220,1227
7/25/2022,t72,G,1227,1354
7/25/2022,t72,C,1354,1360
7/25/2022,t72,G,1375,1384
7/25/2022,t72,G,1388,1465
7/25/2022,t72,C,1465,1475
7/25/2022,t72,G,1475,1486
7/25/2022,t72,G,1497,1510
7/25/2022,t72,G,1579,1600
7/25/2022,t72,G,1631,1849
7/25/2022,t72,G,1881,2065
7/25/2022,t72,C,2065,2071
7/25/2022,t72,G,2071,2080
7/25/2022,t72,C,2080,2085
7/25/2022,t72,G,2085,2154
7/25/2022,t72,C,2154,2163
7/25/2022,t72,G,2163,2213
7/25/2022,t72,G,2220,2232
7/25/2022,t72,C,2232,2250
7/25/2022,t72,G,2250,2254
7/25/2022,t72,C,2254,2257
7/25/2022,t72,G,2257,2277
7/25/2022,t72,C,2277,2280
7/25/2022,t72,G,2280,2340
7/25/2022,t72,C,2340,2343
7/25/2022,t72,G,2345,2367
7/25/2022,t72,G,2406,2427
7/25/2022,t72,C,2422,2426
7/25/2022,t72,G,2426,2461
7/25/2022,t72,C,2461,2470
7/25/2022,t72,G,2470,2477
7/25/2022,t72,C,2477,2486
7/25/2022,t72,G,2486,3178
7/25/2022,t72,G,3254,3281
7/25/2022,t72,G,3330,3594
7/25/2022,t72,G,3608,3686
7/25/2022,t72,G,3705,3973
7/25/2022,t72,G,4001,4235
7/25/2022,t72,G,4268,4489
7/25/2022,t72,C,4489,4492
7/25/2022,t72,G,4492,4581
7/25/2022,t72,C,4581,4589
7/25/2022,t72,G,4589,4744
7/25/2022,t72,C,4744,4749
7/25/2022,t72,G,4749,4819
7/25/2022,t72,C,4819,4829
7/25/2022,t72,G,4829,4848
7/25/2022,t72,C,4848,4853
7/25/2022,t72,G,4853,4858
7/25/2022,t72,C,4858,4863
7/25/2022,t72,G,4863,4867
7/25/2022,t72,C,4867,4877
7/25/2022,t72,G,4877,5027
7/25/2022,t72,C,5027,5037
7/25/2022,t72,G,5037,5119
7/25/2022,t72,C,5119,5126
7/25/2022,t72,G,5126,5139
7/25/2022,t72,C,5139,5146
7/25/2022,t72,G,5146,5177
7/25/2022,t72,C,5177,5188
7/25/2022,t72,G,5188,5192
7/25/2022,t72,C,5192,5198
7/25/2022,t72,G,5198,5211
7/25/2022,t72,C,5211,5220
7/25/2022,t72,G,5220,5238
7/25/2022,t72,C,5238,5252
7/25/2022,t72,G,5252,5285
7/25/2022,t72,G,5291,5375
7/25/2022,t72,G,5403,5587
7/25/2022,t72,G,5647,5922
7/25/2022,t72,G,5993,6158
7/25/2022,t72,G,6170,6320
7/25/2022,t72,G,6333,6365
7/25/2022,t72,G,6433,6615
7/25/2022,t72,G,6643,6707
7/25/2022,t72,C,6714,6720
7/25/2022,t72,G,6720,6792
7/25/2022,t72,C,6792,6798
7/25/2022,t72,G,6798,6801
7/25/2022,t72,C,6801,6806
7/25/2022,t72,G,6806,6843
7/25/2022,t72,C,6853,6847
7/25/2022,t72,G,6847,6862
7/25/2022,t72,C,6874,6882
7/25/2022,t72,G,6882,6893
7/25/2022,t72,G,6899,6953
7/25/2022,t72,C,6953,6956
7/25/2022,t72,G,6956,6983
7/25/2022,t72,C,6983,7001
7/25/2022,t72,G,7001,7037
7/25/2022,t72,C,7037,7052
7/25/2022,t72,G,7052,7070
7/25/2022,t72,G,7086,7090
7/25/2022,t72,G,7113,7120
7/25/2022,t72,C,7142,7149
7/25/2022,t72,G,7149,7259
7/25/2022,t72,C,7274,7279
7/25/2022,t72,G,7334,7522
7/25/2022,t72,G,7530,7541
7/25/2022,t72,C,7541,7548
7/25/2022,t72,G,7548,7626
7/25/2022,t72,G,7722,7909
7/25/2022,t72,G,8026,8097
7/25/2022,t72,G,8208,8319
7/25/2022,t72,C,8319,8327
7/25/2022,t72,G,8327,8354
7/25/2022,t72,C,8354,8360
7/25/2022,t72,G,8360,8422
7/25/2022,t72,G,8516,8521
7/25/2022,t72,G,8544,8554
7/25/2022,t72,G,8586,8782
7/25/2022,t72,C,8782,8787
7/25/2022,t72,G,8787,9173
7/25/2022,t72,G,9196,9202
7/25/2022,t72,G,9211,9748
7/25/2022,t72,G,9913,10000
