date,transect,spp
4/16/2023,t71,CHRI
4/16/2023,t71,SCBA
4/16/2023,t71,PECTO
4/16/2023,t71,ERIN4
4/16/2023,t71,ESGL
4/16/2023,t71,LIDE2
4/16/2023,t71,AMDU2
4/16/2023,t71,GULA4
4/16/2023,t71,GIBR
4/16/2023,t71,PLOV
4/16/2023,t71,STPA4
4/16/2023,t71,CHCA
4/16/2023,t71,KRER
4/16/2023,t71,DEPA
4/16/2023,t71,CABR23
4/16/2023,t71,LATR2
4/16/2023,t71,ATCO
4/16/2023,t71,LASE3
4/16/2023,t71,SIAL2
4/16/2023,t71,CRPT
4/16/2023,t71,EPNE
4/16/2023,t71,LYAN
4/16/2023,t71,OLLI
4/16/2023,t70,CHRI
4/16/2023,t70,CABO7
4/16/2023,t70,AMDU2
4/16/2023,t70,MEAL6
4/16/2023,t70,SCBA
4/16/2023,t70,GULA4
4/16/2023,t70,LASE3
4/16/2023,t70,ESGL
4/16/2023,t70,LYAN
4/16/2023,t70,LATR2
4/16/2023,t70,PECTO
4/16/2023,t70,PHFR2
4/16/2023,t70,CHCA
4/16/2023,t70,PLOV
4/16/2023,t70,AMTE3
4/16/2023,t70,CRPT
4/16/2023,t67,ERIN4
4/16/2023,t67,GULA4
4/16/2023,t67,PLOV
4/16/2023,t67,ESGL
4/16/2023,t67,CHRI
4/16/2023,t67,SCBA
4/16/2023,t67,CABO7
4/16/2023,t67,LASE3
4/16/2023,t67,PECTO
4/16/2023,t67,CHCA
4/16/2023,t67,LATR2
4/16/2023,t67,LYAN
4/16/2023,t67,AMDU2
4/16/2023,t67,PREX
4/16/2023,t67,ATCO
4/16/2023,t67,GIBR
4/16/2023,t67,EPNE
4/16/2023,t67,AMTE3
4/16/2023,t67,OPBA2
4/16/2023,t67,CABR23
4/16/2023,t67,KRER
4/16/2023,t67,PHVA2
4/16/2023,t68,PHVA2
4/16/2023,t68,ESGL
4/16/2023,t68,GULA4
4/16/2023,t68,CHRI
4/16/2023,t68,PECTO
4/16/2023,t68,SCBA
4/16/2023,t68,CABR23
4/16/2023,t68,CHCA
4/16/2023,t68,AMTE3
4/16/2023,t68,AMDU2
4/16/2023,t68,PLOV
4/16/2023,t68,MEAL6
4/16/2023,t68,CABO7
4/16/2023,t68,ERIN4
4/16/2023,t68,LASE3
4/16/2023,t68,PREX
4/16/2023,t68,CRPT
4/16/2023,t68,LATR2
4/16/2023,t68,YUSC2
4/16/2023,t68,EPNE
4/16/2023,t68,ATCO
4/16/2023,t69,LASE3
4/16/2023,t69,PECTO
4/16/2023,t69,SCBA
4/16/2023,t69,ERIN4
4/16/2023,t69,AMDU2
4/16/2023,t69,CHRI
4/16/2023,t69,GULA4
4/16/2023,t69,ANBR4
4/16/2023,t69,PLOV
4/16/2023,t69,KRER
4/16/2023,t69,PREX
4/16/2023,t69,MEAL6
4/16/2023,t69,LELA
4/16/2023,t69,LATR2
4/16/2023,t69,LYAN
4/16/2023,t69,YUSC2
4/16/2023,t69,SAME
4/16/2023,t69,EPNE
4/16/2023,t69,AMTE3
4/16/2023,t69,PHFR2
4/16/2023,t69,CRPT
4/16/2023,t69,STPA4
4/16/2023,t69,DEPA
4/16/2023,t69,ESGL
4/16/2023,t69,CABO7
4/16/2023,t69,ERCI6
4/16/2023,t69,CHCA
4/16/2023,t69,CHMI7
4/16/2023,t52,CHRI
4/16/2023,t52,SCBA
4/16/2023,t52,OLLI
4/16/2023,t52,ERIN4
4/16/2023,t52,CHCA
4/16/2023,t52,PLOV
4/16/2023,t52,GULA4
4/16/2023,t52,PECTO
4/16/2023,t52,AMDU2
4/16/2023,t52,YUSC2
4/16/2023,t52,LYAN
4/16/2023,t52,KRER
4/16/2023,t52,PREX
4/16/2023,t52,AMTE3
4/16/2023,t52,LATR2
4/16/2023,t52,ESGL
4/16/2023,t52,PHFR2
4/16/2023,t52,MEAL6
4/16/2023,t52,EPNE
4/16/2023,t52,DEPA
4/16/2023,t52,BRRU2
4/16/2023,t52,GIBR
4/16/2023,t52,ASNU4
4/16/2023,t52,OESU3
4/16/2023,t52,PHVA2
4/16/2023,t52,CHBR
4/16/2023,t52,PHCR
4/16/2023,t52,ATCO
4/16/2023,t52,TICA3
4/16/2023,t52,ERTR8
4/16/2023,t52,CABO7
4/16/2023,t51,CABO7
4/16/2023,t51,ERIN4
4/16/2023,t51,ESGL
4/16/2023,t51,SCBA
4/16/2023,t51,CHCA
4/16/2023,t51,CHRI
4/16/2023,t51,PECTO
4/16/2023,t51,GIBR
4/16/2023,t51,LIDE2
4/16/2023,t51,GULA4
4/16/2023,t51,PREX
4/16/2023,t51,EPNE
4/16/2023,t51,LATR2
4/16/2023,t51,PLOV
4/16/2023,t51,LASE3
4/16/2023,t51,MEAL6
4/16/2023,t51,CHMA
4/16/2023,t51,CHMI7
4/16/2023,t51,PEME8
4/16/2023,t51,AMDU2
4/16/2023,t51,KRER
4/16/2023,t51,CRPT
4/16/2023,t51,DEPA
4/16/2023,t51,STMI2
4/16/2023,t51,PHFR2
4/16/2023,t51,OEPR
4/16/2023,t51,ASNU4
4/16/2023,t51,AMTE3
4/16/2023,t51,LYAN
4/16/2023,t51,PHVA2
4/16/2023,t50,ESGL
4/16/2023,t50,SCBA
4/16/2023,t50,CHBR
4/16/2023,t50,KRER
4/16/2023,t50,CHRI
4/16/2023,t50,GULA4
4/16/2023,t50,PREX
4/16/2023,t50,ERIN4
4/16/2023,t50,YUSC2
4/16/2023,t50,PECTO
4/16/2023,t50,PLOV
4/16/2023,t50,ATCO
4/16/2023,t50,AMDU2
4/16/2023,t50,CRPT
4/16/2023,t50,VIPA14
4/16/2023,t50,STMI2
4/16/2023,t50,PHFR2
4/16/2023,t50,OESU3
4/16/2023,t50,ASNU4
4/16/2023,t50,GIBR
4/16/2023,t50,LELA
4/16/2023,t50,EPNE
4/16/2023,t50,SAME
4/16/2023,t50,BRRU2
4/16/2023,t50,ERCI6
4/16/2023,t50,MEAL6
4/16/2023,t50,PHVA2
4/16/2023,t50,LATR2
4/16/2023,t50,DEPA
4/16/2023,t50,LIDE2
4/16/2023,t50,CHMI7
4/16/2023,t50,IPPO2
4/16/2023,t50,LYAN
4/16/2023,t50,SIAL2
4/16/2023,t50,LASE3
4/16/2023,t50,CABO7
4/16/2023,t50,CHCA
4/16/2023,t50,KRLA2
4/16/2023,t50,ACSP
4/16/2023,t50,PSCO2
4/16/2023,t49,CHRI
4/16/2023,t49,LASE3
4/16/2023,t49,EPNE
4/16/2023,t49,CHCA
4/16/2023,t49,GULA4
4/16/2023,t49,PECTO
4/16/2023,t49,IPPO2
4/16/2023,t49,CABO7
4/16/2023,t49,SCBA
4/16/2023,t49,AMDU2
4/16/2023,t49,PHVA2
4/16/2023,t49,ERIN4
4/16/2023,t49,KRER
4/16/2023,t49,ESGL
4/16/2023,t49,LATR2
4/16/2023,t49,LYAN
4/16/2023,t49,PHFR2
4/16/2023,t49,PREX
4/16/2023,t49,DEPA
4/16/2023,t49,CRPT
4/16/2023,t49,PLOV
4/16/2023,t49,CHBR
4/16/2023,t49,SIAL2
4/16/2023,t49,OLLI
4/16/2023,t49,ACSH
4/16/2023,t49,SAME
4/16/2023,t49,VIPA14
4/16/2023,t49,LELA
4/16/2023,t49,KRLA2
4/16/2023,t49,MEAL6
4/16/2023,t49,MOBE2
4/16/2023,t49,LIJO
4/17/2023,t10,ESGL
4/17/2023,t10,LYAN
4/17/2023,t10,LELA
4/17/2023,t10,GULA4
4/17/2023,t10,PECTO
4/17/2023,t10,SCBA
4/17/2023,t10,YUSC2
4/17/2023,t10,ERIN4
4/17/2023,t10,MEAL6
4/17/2023,t10,KRER
4/17/2023,t10,AMDU2
4/17/2023,t10,PLOV
4/17/2023,t10,ERCI6
4/17/2023,t10,LASE3
4/17/2023,t10,LATR2
4/17/2023,t10,CHCA
4/17/2023,t10,CRPT
4/17/2023,t10,CHRI
4/17/2023,t10,PREX
4/17/2023,t10,PHFR2
4/17/2023,t10,GIBR
4/17/2023,t10,LIDE2
4/17/2023,t10,ASNU4
4/17/2023,t10,OESU3
4/17/2023,t10,BRRU2
4/17/2023,t10,VIPA14
4/17/2023,t10,EPNE
4/17/2023,t10,AMTE3
4/17/2023,t10,DEPA
4/17/2023,t45,LASE3
4/17/2023,t45,SCBA
4/17/2023,t45,GULA4
4/17/2023,t45,CHCA
4/17/2023,t45,AMDU2
4/17/2023,t45,ESGL
4/17/2023,t45,BRRU2
4/17/2023,t45,EPNE
4/17/2023,t45,ERIN4
4/17/2023,t45,SAME
4/17/2023,t45,LELA
4/17/2023,t45,LATR2
4/17/2023,t45,PHVA2
4/17/2023,t45,IPPO2
4/17/2023,t45,PECTO
4/17/2023,t45,KRER
4/17/2023,t45,CABO7
4/17/2023,t45,LYAN
4/17/2023,t45,AMTE3
4/17/2023,t45,CHRI
4/17/2023,t45,ANBR4
4/17/2023,t45,MEAL6
4/17/2023,t45,PHFR2
4/17/2023,t45,VIPA14
4/17/2023,t45,GIBR
4/17/2023,t45,CRPT
4/17/2023,t45,GUMI
4/17/2023,t45,OESU3
4/17/2023,t45,DEPA
4/17/2023,t44,SCBA
4/17/2023,t44,ESGL
4/17/2023,t44,CRPT
4/17/2023,t44,PECTO
4/17/2023,t44,PHFR2
4/17/2023,t44,EPNE
4/17/2023,t44,GIBR
4/17/2023,t44,MEAL6
4/17/2023,t44,LIDE2
4/17/2023,t44,GULA4
4/17/2023,t44,OESU3
4/17/2023,t44,LELA
4/17/2023,t44,VIPA14
4/17/2023,t44,CHBR
4/17/2023,t44,ASNU4
4/17/2023,t44,BRRU2
4/17/2023,t44,EPNE
4/17/2023,t44,CHRI
4/17/2023,t44,LASE3
4/17/2023,t44,LATR2
4/17/2023,t44,KRER
4/17/2023,t44,AMDU2
4/17/2023,t44,LYAN
4/17/2023,t44,ERIN4
4/17/2023,t44,KRLA2
4/17/2023,t44,PREX
4/17/2023,t44,PHCR
4/17/2023,t44,IPPO2
4/17/2023,t44,DEPA
4/17/2023,t43,SCBA
4/17/2023,t43,GULA4
4/17/2023,t43,PREX
4/17/2023,t43,PECTO
4/17/2023,t43,CHCA
4/17/2023,t43,CHRI
4/17/2023,t43,PHFR2
4/17/2023,t43,KRER
4/17/2023,t43,CRPT
4/17/2023,t43,LELA
4/17/2023,t43,BRRU2
4/17/2023,t43,EPNE
4/17/2023,t43,LYAN
4/17/2023,t43,AMTE3
4/17/2023,t43,LATR2
4/17/2023,t43,ESGL
4/17/2023,t43,ERIN4
4/17/2023,t43,AMDU2
4/17/2023,t43,IPPO2
4/17/2023,t43,PLOV
4/17/2023,t43,ERCI6
4/17/2023,t43,CHBR
4/17/2023,t43,OESU3
4/17/2023,t43,DEPA
4/17/2023,t43,KRLA2
4/17/2023,t43,CHMI7
4/17/2023,t43,LIDE2
4/17/2023,t43,MEAL6
4/17/2023,t43,ASNU4
4/17/2023,t43,GIBR
4/17/2023,t43,SAME
4/17/2023,t43,SIAL2
4/17/2023,t43,VIPA14
4/17/2023,t43,CABO7
4/17/2023,t43,LASE3
4/17/2023,t43,ATCO
4/17/2023,t42,PREX
4/17/2023,t42,SCBA
4/17/2023,t42,CRPT
4/17/2023,t42,LIDE2
4/17/2023,t42,PECTO
4/17/2023,t42,LASE3
4/17/2023,t42,GULA4
4/17/2023,t42,CHRI
4/17/2023,t42,CHCA
4/17/2023,t42,ERIN4
4/17/2023,t42,AMDU2
4/17/2023,t42,ESGL
4/17/2023,t42,MEAL6
4/17/2023,t42,EPNE
4/17/2023,t42,PHFR2
4/17/2023,t42,DEPA
4/17/2023,t42,IPPO2
4/17/2023,t42,STMI2
4/17/2023,t42,ASNU4
4/17/2023,t42,CHMI7
4/17/2023,t42,YUSC2
4/17/2023,t42,EPNE
4/17/2023,t42,GIBR
4/17/2023,t42,ERCI6
4/17/2023,t42,LATR2
4/17/2023,t42,OESU3
4/17/2023,t42,KRER
4/17/2023,t42,LELA
4/17/2023,t42,LYAN
4/17/2023,t42,PLOV
4/17/2023,t42,VIPA14
4/17/2023,t42,CABO7
4/17/2023,t42,PHCR
4/17/2023,t42,AMTE3
4/17/2023,t42,OLLI
4/17/2023,t42,DRCU2
4/17/2023,t46,OLLI
4/17/2023,t46,CHRI
4/17/2023,t46,SCBA
4/17/2023,t46,ERIN4
4/17/2023,t46,LYAN
4/17/2023,t46,PHCR
4/17/2023,t46,PECTO
4/17/2023,t46,GULA4
4/17/2023,t46,LELA
4/17/2023,t46,AMTE3
4/17/2023,t46,LATR2
4/17/2023,t46,KRLA2
4/17/2023,t46,CRPT
4/17/2023,t46,KRER
4/17/2023,t46,ESGL
4/17/2023,t46,MEAL6
4/17/2023,t46,EPNE
4/17/2023,t46,PREX
4/17/2023,t46,CABO7
4/17/2023,t46,DEPA
4/17/2023,t46,PHFR2
4/17/2023,t46,AMDU2
4/17/2023,t46,LIDE2
4/17/2023,t46,CHCA
4/17/2023,t46,OESU3
4/17/2023,t46,PLOV
4/17/2023,t46,ERCI6
4/17/2023,t46,LASE3
4/17/2023,t46,YUSC2
4/17/2023,t46,SIAL2
4/17/2023,t46,GIBR
4/17/2023,t46,CHBR
4/17/2023,t47,CHBR
4/17/2023,t47,SCBA
4/17/2023,t47,PECTO
4/17/2023,t47,ERIN4
4/17/2023,t47,ESGL
4/17/2023,t47,CHCA
4/17/2023,t47,KRER
4/17/2023,t47,LASE3
4/17/2023,t47,CABO7
4/17/2023,t47,ASNU4
4/17/2023,t47,CHRI
4/17/2023,t47,LATR2
4/17/2023,t47,LELA
4/17/2023,t47,PLOV
4/17/2023,t47,OESU3
4/17/2023,t47,LIDE2
4/17/2023,t47,EPNE
4/17/2023,t47,ERCI6
4/17/2023,t47,KRER
4/17/2023,t47,AMDU2
4/17/2023,t47,MOBE2
4/17/2023,t47,CHMI7
4/17/2023,t47,GULA4
4/17/2023,t47,MEAL6
4/17/2023,t47,ERTR8
4/17/2023,t47,VIPA14
4/17/2023,t47,PHCR
4/17/2023,t47,CRPT
4/17/2023,t47,PREX
4/17/2023,t47,DEPA
4/17/2023,t47,LYAN
4/17/2023,t47,GIBR
4/17/2023,t47,AMTE3
4/17/2023,t47,SAME
4/17/2023,t47,XYTO2
4/17/2023,t48,SCBA
4/17/2023,t48,CABO7
4/17/2023,t48,PLOV
4/17/2023,t48,LIDE2
4/17/2023,t48,ESGL
4/17/2023,t48,PECTO
4/17/2023,t48,OESU3
4/17/2023,t48,GULA4
4/17/2023,t48,MOBE2
4/17/2023,t48,PREX
4/17/2023,t48,CHRI
4/17/2023,t48,CHCA
4/17/2023,t48,CRPT
4/17/2023,t48,LASE3
4/17/2023,t48,IPPO2
4/17/2023,t48,KRER
4/17/2023,t48,AMDU2
4/17/2023,t48,EPNE
4/17/2023,t48,CHMI7
4/17/2023,t48,STPA4
4/17/2023,t48,PHCR
4/17/2023,t48,ERIN4
4/17/2023,t48,ERCI6
4/17/2023,t48,PHFR2
4/17/2023,t48,MEAL6
4/17/2023,t48,LYAN
4/17/2023,t48,GIBR
4/17/2023,t48,XYTO2
4/17/2023,t48,KRLA2
4/17/2023,t48,OLLI
4/17/2023,t48,LATR2
4/17/2023,t48,BRRU2
4/17/2023,t48,STMI2
4/17/2023,t48,GUMI
4/17/2023,t48,SAME
4/17/2023,t48,YUSC2
4/17/2023,t48,CACO18
4/17/2023,t48,VIPA14
4/17/2023,t48,DEPA
4/17/2023,t48,LELA
4/17/2023,t48,PEME8
4/17/2023,t59,LELA
4/17/2023,t59,SCBA
4/17/2023,t59,PECTO
4/17/2023,t59,EPNE
4/17/2023,t59,AMDU2
4/17/2023,t59,PLOV
4/17/2023,t59,ESGL
4/17/2023,t59,PHCR
4/17/2023,t59,CABO7
4/17/2023,t59,LASE3
4/17/2023,t59,LATR2
4/17/2023,t59,GIBR
4/17/2023,t59,CHRI
4/17/2023,t59,CRPT
4/17/2023,t59,GULA4
4/17/2023,t59,YUSC2
4/17/2023,t59,MEAL6
4/17/2023,t59,SIAL2
4/17/2023,t59,OLLI
4/17/2023,t59,PHIV
4/17/2023,t59,ACSH
4/17/2023,t59,ERCI6
4/17/2023,t59,LYAN
4/17/2023,t59,LIDE2
4/17/2023,t59,PREX
4/17/2023,t59,CYEC3
4/17/2023,t59,KRER
4/17/2023,t59,ERIN4
4/17/2023,t17,PHFR2
4/17/2023,t17,PECTO
4/17/2023,t17,LASE3
4/17/2023,t17,SCBA
4/17/2023,t17,AMDU2
4/17/2023,t17,PREX
4/17/2023,t17,LATR2
4/17/2023,t17,GULA4
4/17/2023,t17,LYAN
4/17/2023,t17,ESGL
4/17/2023,t17,KRER
4/17/2023,t17,EPNE
4/17/2023,t17,SAME
4/17/2023,t17,CHRI
4/17/2023,t17,ERIN4
4/17/2023,t17,CACO18
4/17/2023,t17,MESP2
4/17/2023,t17,LELA
4/17/2023,t17,CHBR
4/17/2023,t17,PLOV
4/17/2023,t17,GIBR
4/17/2023,t17,LIDE2
4/17/2023,t17,OLLI
4/18/2023,t58,SCBA
4/18/2023,t58,CHRI
4/18/2023,t58,LASE3
4/18/2023,t58,PECTO
4/18/2023,t58,LATR2
4/18/2023,t58,GULA4
4/18/2023,t58,CACO18
4/18/2023,t58,ESGL
4/18/2023,t58,PHFR2
4/18/2023,t58,LELA
4/18/2023,t58,PREX
4/18/2023,t58,AMDU2
4/18/2023,t58,PLOV
4/18/2023,t58,EPNE
4/18/2023,t58,BRRU2
4/18/2023,t58,CHBR
4/18/2023,t60,ERIN4
4/18/2023,t60,PECTO
4/18/2023,t60,SCBA
4/18/2023,t60,CHBR
4/18/2023,t60,KRER
4/18/2023,t60,AMDU2
4/18/2023,t60,LASE3
4/18/2023,t60,KRLA2
4/18/2023,t60,LELA
4/18/2023,t60,LATR2
4/18/2023,t60,ERCI6
4/18/2023,t60,ESGL
4/18/2023,t60,EPNE
4/18/2023,t60,CRPT
4/18/2023,t60,PHCR
4/18/2023,t60,CHRI
4/18/2023,t60,PSCO2
4/18/2023,t60,BRRU2
4/18/2023,t60,LYAN
4/18/2023,t60,YUSC2
4/18/2023,t60,LIDE2
4/18/2023,t60,CAWR
4/18/2023,t60,LIJO
4/18/2023,t60,GULA4
4/18/2023,t60,PHFR2
4/18/2023,t60,PLOV
4/18/2023,t60,CHCA
4/18/2023,t60,MEAL6
4/18/2023,t60,OLLI
4/18/2023,t60,PREX
4/18/2023,t60,GIBR
4/18/2023,t60,PEME8
4/18/2023,t60,SAME
4/18/2023,t60,VIPA14
4/18/2023,t60,DEPA
4/18/2023,t60,OESU3
4/18/2023,t60,SIAL2
4/18/2023,t9,SCBA
4/18/2023,t9,CHCA
4/18/2023,t9,CHRI
4/18/2023,t9,PECTO
4/18/2023,t9,CACO18
4/18/2023,t9,LASE3
4/18/2023,t9,AMDU2
4/18/2023,t9,PHIV
4/18/2023,t9,PHCR
4/18/2023,t9,PLOV
4/18/2023,t9,MEAL6
4/18/2023,t9,GULA4
4/18/2023,t9,LIJO
4/18/2023,t9,CABO7
4/18/2023,t9,OLLI
4/18/2023,t9,LYAN
4/18/2023,t9,EPNE
4/18/2023,t9,ESGL
4/18/2023,t9,LIDE2
4/18/2023,t9,PREX
4/18/2023,t9,PHFR2
4/18/2023,t9,LATR2
4/18/2023,t9,CHBR
4/18/2023,t9,GIBR
4/18/2023,t9,MAAF
4/18/2023,t9,ERIN4
4/18/2023,t9,CRPT
4/18/2023,t9,ASNU4
4/18/2023,t9,KRER
4/18/2023,t20,LASE3
4/18/2023,t20,PECTO
4/18/2023,t20,SCBA
4/18/2023,t20,CHRI
4/18/2023,t20,ESGL
4/18/2023,t20,PLOV
4/18/2023,t20,AMTE3
4/18/2023,t20,KRER
4/18/2023,t20,CRPT
4/18/2023,t20,LATR2
4/18/2023,t20,LYAN
4/18/2023,t20,CABO7
4/18/2023,t20,PHCR
4/18/2023,t20,LIDE2
4/18/2023,t20,CHCA
4/18/2023,t20,GULA4
4/18/2023,t20,LATR2
4/18/2023,t20,MEAL6
4/18/2023,t20,PHFR2
4/18/2023,t20,PREX
4/18/2023,t20,OESU3
4/18/2023,t20,LELA
4/18/2023,t20,AMDU2
4/18/2023,t20,IPPO2
4/18/2023,t20,ASNU4
4/18/2023,t20,YUSC2
4/18/2023,t20,XYTO2
4/18/2023,t20,STPA4
4/18/2023,t20,BRRU2
4/18/2023,t20,CAWR
4/18/2023,t20,OLLI
4/18/2023,t20,EPNE
4/18/2023,t20,PSCO2
4/18/2023,t20,SIAL2
4/18/2023,t20,SAME
4/18/2023,t20,CHMI7
4/18/2023,t20,MESP2
4/18/2023,t20,PHIV
4/18/2023,t20,GIBR
4/26/2023,t8,SCBA
4/26/2023,t8,MOBE2
4/26/2023,t8,GIBR
4/26/2023,t8,PECTO
4/26/2023,t8,STMI2
4/26/2023,t8,CHRI
4/26/2023,t8,ERIN4
4/26/2023,t8,CRPT
4/26/2023,t8,STPA4
4/26/2023,t8,AMDU2
4/26/2023,t8,MEAL6
4/26/2023,t8,LATR2
4/26/2023,t8,GULA4
4/26/2023,t8,ACSH
4/26/2023,t8,LASE3
4/26/2023,t8,EPNE
4/26/2023,t8,KRLA2
4/26/2023,t8,XYTO2
4/26/2023,t8,PHFR2
4/26/2023,t8,LELA
4/26/2023,t8,KRER
4/26/2023,t8,SAME
4/26/2023,t8,DEPA
4/26/2023,t8,ASNU4
4/26/2023,t8,CHMI7
4/26/2023,t8,CABO7
4/26/2023,t8,VIPA14
4/26/2023,t8,PHVA2
4/26/2023,t8,CHCA
4/26/2023,t8,LIDE2
4/26/2023,t8,PHCR
4/26/2023,t8,OLLI
4/26/2023,t8,PLOV
4/26/2023,t8,BRRU2
4/26/2023,t8,PREX
4/26/2023,t8,LYAN
4/26/2023,t8,CABR23
4/26/2023,t8,AMTE3
4/26/2023,t62,LASE3
4/26/2023,t62,SCBA
4/26/2023,t62,CHRI
4/26/2023,t62,PLOV
4/26/2023,t62,PECTO
4/26/2023,t62,AMDU2
4/26/2023,t62,LATR2
4/26/2023,t62,KRER
4/26/2023,t62,CRPT
4/26/2023,t62,PHFR2
4/26/2023,t62,CHCA
4/26/2023,t62,PHCR
4/26/2023,t62,MOBE2
4/26/2023,t62,GULA4
4/26/2023,t62,MEAL6
4/26/2023,t62,PREX
4/26/2023,t62,LELA
4/26/2023,t62,CABR23
4/26/2023,t62,YUSC2
4/26/2023,t62,BRRU2
4/26/2023,t62,EPNE
4/26/2023,t62,CHMI7
4/26/2023,t62,GIBR
4/26/2023,t62,ERIN4
4/26/2023,t62,AMTE3
4/26/2023,t62,CHMA
4/26/2023,t62,IPPO2
4/26/2023,t62,KRLA2
4/26/2023,t62,ESGL
4/26/2023,t62,SAME
4/26/2023,t62,ASNU4
4/26/2023,t62,DEPA
4/26/2023,t62,PHVA2
4/26/2023,t62,VIPA14
4/26/2023,t62,DESO2
4/26/2023,t62,ERIN4
4/26/2023,t62,CHBR
4/26/2023,t64,CABR23
4/26/2023,t64,CHCA
4/26/2023,t64,GULA4
4/26/2023,t64,LIDE2
4/26/2023,t64,LASE3
4/26/2023,t64,SCBA
4/26/2023,t64,PECTO
4/26/2023,t64,PLOV
4/26/2023,t64,GIBR
4/26/2023,t64,CRPT
4/26/2023,t64,MOBE2
4/26/2023,t64,ESGL
4/26/2023,t64,LATR2
4/26/2023,t64,ERIN4
4/26/2023,t64,AMDU2
4/26/2023,t64,KRER
4/26/2023,t64,PREX
4/26/2023,t64,PHFR2
4/26/2023,t64,ERTR8
4/26/2023,t64,AMTE3
4/26/2023,t64,EPNE
4/26/2023,t64,LELA
4/26/2023,t64,CHMI7
4/26/2023,t64,BRRU2
4/26/2023,t64,LYAN
4/26/2023,t64,CABO7
4/26/2023,t64,YUSC2
4/26/2023,t64,CHBR
4/26/2023,t64,CAWR
4/26/2023,t64,MEAL6
4/26/2023,t64,CHRI
4/26/2023,t53,LASE3
4/26/2023,t53,SCBA
4/26/2023,t53,IPPO2
4/26/2023,t53,LIJO
4/26/2023,t53,PREX
4/26/2023,t53,CABO7
4/26/2023,t53,CHCA
4/26/2023,t53,ERTR8
4/26/2023,t53,LIDE2
4/26/2023,t53,CRPT
4/26/2023,t53,AMDU2
4/26/2023,t53,CHMI7
4/26/2023,t53,GULA4
4/26/2023,t53,LELA
4/26/2023,t53,GIBR
4/26/2023,t53,PECTO
4/26/2023,t53,PLOV
4/26/2023,t53,MEAL6
4/26/2023,t53,EPNE
4/26/2023,t53,ACSH
4/26/2023,t53,AMTE3
4/26/2023,t53,ESGL
4/26/2023,t53,ERIN4
4/26/2023,t53,CHRI
4/26/2023,t53,LATR2
4/26/2023,t53,OPBA2
4/26/2023,t53,KRER
4/26/2023,t53,ERCI6
4/26/2023,t53,MOBE2
4/26/2023,t53,PHFR2
4/26/2023,t53,CAWR
4/26/2023,t53,MILA6
4/26/2023,t53,CABR23
4/26/2023,t53,BRRU2
4/26/2023,t53,CHBR
4/26/2023,t53,SAME
4/26/2023,t53,YUSC2
4/26/2023,t53,STMI2
4/26/2023,t53,PHCR
4/26/2023,t53,CUSCU
4/26/2023,t40,ESGL
4/26/2023,t40,LELA
4/26/2023,t40,CHCA
4/26/2023,t40,PECTO
4/26/2023,t40,SCBA
4/26/2023,t40,PREX
4/26/2023,t40,ASNU4
4/26/2023,t40,PHFR2
4/26/2023,t40,PLOV
4/26/2023,t40,GULA4
4/26/2023,t40,PEME8
4/26/2023,t40,CABO7
4/26/2023,t40,AMDU2
4/26/2023,t40,MEAL6
4/26/2023,t40,CHRI
4/26/2023,t40,STPA4
4/26/2023,t40,KRER
4/26/2023,t40,EPNE
4/26/2023,t40,STMI2
4/26/2023,t40,PHCR
4/26/2023,t40,LASE3
4/26/2023,t40,DEPA
4/26/2023,t40,OLLI
4/26/2023,t40,LIDE2
4/26/2023,t40,CHMA
4/26/2023,t40,LYAN
4/26/2023,t40,CHBR
4/26/2023,t40,VIPA14
4/26/2023,t40,AMTE3
4/26/2023,t40,BRRU2
4/26/2023,t40,ERCI6
4/26/2023,t40,CRPT
4/26/2023,t40,GIBR
4/26/2023,t40,ERIN4
4/26/2023,t40,LATR2
4/26/2023,t40,CABR23
4/26/2023,t40,CHMI7
5/2/2023,t41,AMDU2
5/2/2023,t41,LATR2
5/2/2023,t41,DESO2
5/2/2023,t41,SCBA
5/2/2023,t41,GULA4
5/2/2023,t41,PECTO
5/2/2023,t41,AMTE3
5/2/2023,t41,BRRU2
5/2/2023,t41,CRPT
5/2/2023,t41,CHMI7
5/2/2023,t41,LELA
5/2/2023,t41,GIBR
5/2/2023,t41,CHBR
5/2/2023,t41,KRER
5/2/2023,t41,PLOV
5/2/2023,t41,ERTR8
5/2/2023,t41,EPNE
5/2/2023,t41,MEAL6
5/2/2023,t41,CHRI
5/2/2023,t41,CABO7
5/2/2023,t41,OPBA2
5/2/2023,t41,ESGL
5/2/2023,t41,BRTE
5/2/2023,t41,VIPA14
5/2/2023,t41,PHFR2
5/2/2023,t41,MILA6
5/2/2023,t41,ERIN4
5/2/2023,t41,ERCI6
5/2/2023,t41,ASNU4
5/2/2023,t41,LIDE2
5/2/2023,t41,CAWR
5/2/2023,t41,LASE3
5/2/2023,t41,DEPA
5/2/2023,t41,CHCA
5/2/2023,t41,CABR23
5/2/2023,t41,MOBE2
5/2/2023,t41,PREX
5/2/2023,t41,STMI2
5/2/2023,t41,VIPA14
5/2/2023,t41,CYEC3
5/2/2023,t23,MEAL6
5/2/2023,t23,PREX
5/2/2023,t23,LASE3
5/2/2023,t23,SCBA
5/2/2023,t23,ASNU4
5/2/2023,t23,CHRI
5/2/2023,t23,ESGL
5/2/2023,t23,LELA
5/2/2023,t23,IPPO2
5/2/2023,t23,ERIN4
5/2/2023,t23,PECTO
5/2/2023,t23,PHFR2
5/2/2023,t23,KRER
5/2/2023,t23,GULA4
5/2/2023,t23,BRRU2
5/2/2023,t23,CRPT
5/2/2023,t23,LATR2
5/2/2023,t23,PLOV
5/2/2023,t23,CABR23
5/2/2023,t23,AMDU2
5/2/2023,t23,LYAN
5/2/2023,t23,DEPA
5/2/2023,t23,VIPA14
5/2/2023,t23,STMI2
5/2/2023,t23,CABO7
5/2/2023,t23,AMTE3
5/2/2023,t23,EPNE
5/2/2023,t23,CHBR
5/2/2023,t23,GIBR
5/2/2023,t23,MOBE2
5/2/2023,t23,BRTE
5/2/2023,t23,CHMA
5/2/2023,t23,LIDE2
5/2/2023,t23,LIJO
5/2/2023,t23,ERCI6
5/2/2023,t23,GRPA11
5/2/2023,t23,ERFA2
5/2/2023,t23,ACSP
5/2/2023,t23,CHMI7
5/2/2023,t23,SPAM2
5/4/2023,t22,SCBA
5/4/2023,t22,PECTO
5/4/2023,t22,GULA4
5/4/2023,t22,KRER
5/4/2023,t22,PREX
5/4/2023,t22,LELA
5/4/2023,t22,CHCA
5/4/2023,t22,ERIN4
5/4/2023,t22,LASE3
5/4/2023,t22,AMTE3
5/4/2023,t22,PHVA2
5/4/2023,t22,ESGL
5/4/2023,t22,LATR2
5/4/2023,t22,CRPT
5/4/2023,t22,AMDU2
5/4/2023,t22,PLOV
5/4/2023,t22,CABR23
5/4/2023,t22,LYAN
5/4/2023,t22,CAWR
5/4/2023,t22,CHRI
5/4/2023,t22,IPPO2
5/4/2023,t22,YUSC2
5/4/2023,t22,BRRU2
5/4/2023,t22,CHMI7
5/4/2023,t22,MOBE2
5/4/2023,t22,CABO7
5/4/2023,t22,ASNU4
5/4/2023,t22,SPAM2
5/4/2023,t22,BRTE
5/4/2023,t22,ERCI6
5/4/2023,t22,PHFR2
5/4/2023,t39,ESGL
5/4/2023,t39,PECTO
5/4/2023,t39,CHCA
5/4/2023,t39,SCBA
5/4/2023,t39,LASE3
5/4/2023,t39,GULA4
5/4/2023,t39,PLOV
5/4/2023,t39,CRPT
5/4/2023,t39,LELA
5/4/2023,t39,PREX
5/4/2023,t39,LATR2
5/4/2023,t39,KRER
5/4/2023,t39,ERIN4
5/4/2023,t39,AMDU2
5/4/2023,t39,CHBR
5/4/2023,t39,CHRI
5/4/2023,t39,LIDE2
5/4/2023,t39,ERMA2
5/4/2023,t39,GIBR
5/4/2023,t39,CHMI7
5/4/2023,t39,EPNE
5/4/2023,t39,ERCI6
5/4/2023,t39,MOBE2
5/4/2023,t39,BRRU2
5/4/2023,t39,MEAL6
5/4/2023,t39,DEPA
5/4/2023,t39,KRLA2
5/4/2023,t39,CABR23
5/4/2023,t39,CABO7
5/4/2023,t38,ERMA2
5/4/2023,t38,ERIN4
5/4/2023,t38,SCBA
5/4/2023,t38,LASE3
5/4/2023,t38,GULA4
5/4/2023,t38,PECTO
5/4/2023,t38,CHRI
5/4/2023,t38,LELA
5/4/2023,t38,KRER
5/4/2023,t38,CRPT
5/4/2023,t38,LYAN
5/4/2023,t38,PHVA2
5/4/2023,t38,PREX
5/4/2023,t38,AMDU2
5/4/2023,t38,MEAL6
5/4/2023,t38,CABO7
5/4/2023,t38,ACSH
5/4/2023,t38,EPNE
5/4/2023,t38,CHCA
5/4/2023,t38,LATR2
5/4/2023,t38,BRTE
5/4/2023,t38,BRRU2
5/4/2023,t38,CHMA
5/4/2023,t38,ESGL
5/4/2023,t38,MOBE2
5/4/2023,t38,STMI2
5/4/2023,t38,DEPA
5/4/2023,t38,LIDE2
5/4/2023,t38,PHFR2
5/4/2023,t38,CHBR
5/4/2023,t38,GIBR
5/4/2023,t63,LELA
5/4/2023,t63,GULA4
5/4/2023,t63,SCBA
5/4/2023,t63,PECTO
5/4/2023,t63,STMI2
5/4/2023,t63,CHBR
5/4/2023,t63,CRPT
5/4/2023,t63,GIBR
5/4/2023,t63,ERIN4
5/4/2023,t63,ASNU4
5/4/2023,t63,ESGL
5/4/2023,t63,KRER
5/4/2023,t63,CHMI7
5/4/2023,t63,BRRU2
5/4/2023,t63,AMDU2
5/4/2023,t63,VIPA14
5/4/2023,t63,LASE3
5/4/2023,t63,PREX
5/4/2023,t63,LIDE2
5/4/2023,t63,IPPO2
5/4/2023,t63,CHRI
5/4/2023,t63,LYAN
5/4/2023,t63,PHVA2
5/4/2023,t63,DEPA
5/4/2023,t63,PHCR
5/4/2023,t63,MOBE2
5/4/2023,t63,PLOV
5/4/2023,t63,CHCA
5/4/2023,t63,CABO7
5/4/2023,t63,ERMA2
5/4/2023,t63,KRLA2
5/4/2023,t63,EPNE
5/4/2023,t63,LATR2
5/4/2023,t63,PEME8
5/4/2023,t63,MESP2
5/4/2023,t63,PHFR2
5/4/2023,t63,PHIV
5/4/2023,t63,MEAL6
5/4/2023,t63,ERFA2
5/4/2023,t63,CHMA
5/4/2023,t63,YUSC2
5/4/2023,t63,DESO2
5/4/2023,t63,STPA4
5/4/2023,t18,ERIN4
5/4/2023,t18,GULA4
5/4/2023,t18,SCBA
5/4/2023,t18,ESGL
5/4/2023,t18,PREX
5/4/2023,t18,LYAN
5/4/2023,t18,PLOV
5/4/2023,t18,LELA
5/4/2023,t18,PECTO
5/4/2023,t18,MOBE2
5/4/2023,t18,CHRI
5/4/2023,t18,CRPT
5/4/2023,t18,KRER
5/4/2023,t18,BRRU2
5/4/2023,t18,PHFR2
5/4/2023,t18,AMDU2
5/4/2023,t18,LATR2
5/4/2023,t18,IPPO2
5/4/2023,t18,MEAL6
5/4/2023,t18,CHBR
5/4/2023,t18,LYAN
5/4/2023,t18,CABO7
5/4/2023,t18,DEPA
5/4/2023,t18,SIOR4
5/4/2023,t18,EPNE
5/4/2023,t18,GIBR
5/4/2023,t18,CHMI7
5/4/2023,t18,CHCA
5/4/2023,t18,VIPA14
5/4/2023,t18,CAWR
5/4/2023,t18,ASNU4
5/4/2023,t18,PEME8
5/4/2023,t18,STMI2
5/4/2023,t18,ERCI6
5/4/2023,t1,ESGL
5/4/2023,t1,GULA4
5/4/2023,t1,PECTO
5/4/2023,t1,SCBA
5/4/2023,t1,PREX
5/4/2023,t1,LELA
5/4/2023,t1,MOBE2
5/4/2023,t1,LASE3
5/4/2023,t1,CHRI
5/4/2023,t1,CHBR
5/4/2023,t1,ASNU4
5/4/2023,t1,LYAN
5/4/2023,t1,IPPO2
5/4/2023,t1,ERIN4
5/4/2023,t1,KRER
5/4/2023,t1,CRPT
5/4/2023,t1,CABO7
5/4/2023,t1,LATR2
5/4/2023,t1,AMDU2
5/4/2023,t1,ERCI6
5/4/2023,t1,PLOV
5/4/2023,t1,LIDE2
5/4/2023,t1,BRRU2
5/4/2023,t1,BRTE
5/4/2023,t1,VIPA14
5/4/2023,t1,PHFR2
5/4/2023,t1,GIBR
5/4/2023,t1,OXPE2
5/4/2023,t1,ERMA2
5/4/2023,t1,KRLA2
5/4/2023,t1,STMI2
5/4/2023,t1,DEPA
5/4/2023,t1,MEAL6
5/4/2023,t1,SAME
5/4/2023,t1,PHIV
5/4/2023,t1,CHMI7
5/4/2023,t1,CHCA
5/4/2023,t1,AMTE3
5/4/2023,t1,CAWR
5/4/2023,t1,DESO2
5/4/2023,t1,CABR23
5/4/2023,t1,CHMA
5/5/2023,t93,DESO2
5/5/2023,t93,LELA
5/5/2023,t93,PECTO
5/5/2023,t93,SCBA
5/5/2023,t93,BRTE
5/5/2023,t93,GULA4
5/5/2023,t93,ERIN4
5/5/2023,t93,LATR2
5/5/2023,t93,MAAF
5/5/2023,t93,CRPT
5/5/2023,t93,CHRI
5/5/2023,t93,ERCI6
5/5/2023,t93,GIBR
5/5/2023,t93,SIOR4
5/5/2023,t93,LYAN
5/5/2023,t93,CHIN2
5/5/2023,t93,HAGL
5/5/2023,t93,HOMU
5/5/2023,t93,KRER
5/5/2023,t93,AMTE3
5/5/2023,t93,CABR23
5/5/2023,t93,LIJO
5/5/2023,t93,AMDU2
5/5/2023,t93,BRRU2
5/5/2023,t94,SCBA
5/5/2023,t94,BRTE
5/5/2023,t94,GIBR
5/5/2023,t94,MAAF
5/5/2023,t94,DESO2
5/5/2023,t94,PECTO
5/5/2023,t94,BRRU2
5/5/2023,t94,SIOR4
5/5/2023,t94,PREX
5/5/2023,t94,ERIN4
5/5/2023,t94,LASE3
5/5/2023,t94,CHIN2
5/5/2023,t94,ERMA2
5/5/2023,t94,LATR2
5/5/2023,t94,CRPT
5/5/2023,t94,LELA
5/5/2023,t94,AMTE3
5/5/2023,t94,ELEL5
5/5/2023,t94,LYAN
5/5/2023,t94,KRER
5/5/2023,t94,HAGL
5/5/2023,t94,ERCI6
5/5/2023,t94,CHRI
5/5/2023,t94,AMDU2
5/5/2023,t94,GULA4
5/5/2023,t94,CABR23
5/5/2023,t94,CHCA
5/5/2023,t94,SPAM2
5/5/2023,t94,MACO3
5/5/2023,t95,SCBA
5/5/2023,t95,DESO2
5/5/2023,t95,SIOR4
5/5/2023,t95,BRTE
5/5/2023,t95,LELA
5/5/2023,t95,AMDU2
5/5/2023,t95,AMTE3
5/5/2023,t95,MAAF
5/5/2023,t95,HOMU
5/5/2023,t95,PECTO
5/5/2023,t95,ERCI6
5/5/2023,t95,GIBR
5/5/2023,t95,LATR2
5/5/2023,t95,CRPT
5/5/2023,t95,PHFR2
5/5/2023,t95,CHRI
5/5/2023,t95,LYAN
5/5/2023,t95,CABR23
5/5/2023,t95,LIJO
5/5/2023,t95,KRLA2
5/5/2023,t95,PREX
5/5/2023,t95,BRRU2
5/5/2023,t95,GULA4
5/5/2023,t96,SCBA
5/5/2023,t96,HAGL
5/5/2023,t96,LATR2
5/5/2023,t96,PECTO
5/5/2023,t96,SIOR4
5/5/2023,t96,DESO2
5/5/2023,t96,BRTE
5/5/2023,t96,CRPT
5/5/2023,t96,LELA
5/5/2023,t96,MAAF
5/5/2023,t96,ERCI6
5/5/2023,t96,AMDU2
5/5/2023,t96,CHIN2
5/5/2023,t96,BRRU2
5/5/2023,t96,HOMU
5/5/2023,t96,GIBR
5/5/2023,t96,ERIN4
5/5/2023,t96,LASE3
5/5/2023,t96,LIJO
5/5/2023,t96,STLO4
5/5/2023,t96,GULA4
5/5/2023,t96,AMTE3
5/5/2023,t96,PHCR
5/5/2023,t97,DESO2
5/5/2023,t97,SCBA
5/5/2023,t97,LELA
5/5/2023,t97,PECTO
5/5/2023,t97,LATR2
5/5/2023,t97,CRPT
5/5/2023,t97,GIBR
5/5/2023,t97,BRTE
5/5/2023,t97,HOMU
5/5/2023,t97,SIOR4
5/5/2023,t97,MAAF
5/5/2023,t97,STLO4
5/5/2023,t97,AMDU2
5/5/2023,t97,KRER
5/5/2023,t97,LIJO
5/5/2023,t97,LYAN
5/5/2023,t97,AMTE3
5/5/2023,t97,GULA4
5/5/2023,t97,CHRI
5/5/2023,t97,ERCI6
5/5/2023,t97,ERMA2
5/5/2023,t97,CHIN2
5/5/2023,t97,EPNE
5/5/2023,t97,ERIN4
5/5/2023,t97,PHFR2
5/5/2023,t97,LIDE2
4/18/2023,t57,PLOV
4/18/2023,t57,ERIN4
4/18/2023,t57,LASE3
4/18/2023,t57,SCBA
4/18/2023,t57,PREX
4/18/2023,t57,PECTO
4/18/2023,t57,AMTE3
4/18/2023,t57,AMDU2
4/18/2023,t57,CHRI
4/18/2023,t57,KRER
4/18/2023,t57,CHBR
4/18/2023,t57,ESGL
4/18/2023,t57,GULA4
4/18/2023,t57,LIDE2
4/18/2023,t57,LATR2
4/18/2023,t57,CHCA
4/18/2023,t57,CABO7
4/18/2023,t57,OLLI
4/18/2023,t57,PHCR
4/18/2023,t57,OESU3
4/18/2023,t57,ERCI6
4/18/2023,t21,LELA
4/18/2023,t21,SCBA
4/18/2023,t21,PECTO
4/18/2023,t21,LASE3
4/18/2023,t21,ASNU4
4/18/2023,t21,GULA4
4/18/2023,t21,GIBR
4/18/2023,t21,EPNE
4/18/2023,t21,LYAN
4/18/2023,t21,KRLA2
4/18/2023,t21,CHMI7
4/18/2023,t21,PHFR2
4/18/2023,t21,LIDE2
4/18/2023,t21,BRRU2
4/18/2023,t21,KRER
4/18/2023,t21,CABO7
4/18/2023,t21,CAWR
4/18/2023,t21,CRPT
4/18/2023,t21,PLOV
4/18/2023,t21,AMDU2
4/18/2023,t21,PREX
4/18/2023,t21,CHRI
4/18/2023,t21,CHCA
4/18/2023,t21,MOBE2
4/18/2023,t21,ERIN4
4/18/2023,t21,LATR2
4/18/2023,t21,AMTE3
4/18/2023,t21,MEAL6
4/18/2023,t21,IPPO2
4/18/2023,t21,LIJO
4/18/2023,t21,ESGL
4/18/2023,t21,CHBR
4/18/2023,t21,OLLI
4/18/2023,t21,PHIV
4/18/2023,t21,CACO18
4/18/2023,t21,VIPA14
4/18/2023,t21,MESP2
4/18/2023,t21,ERCI6
4/18/2023,t21,PHCR
4/18/2023,t21,PEME8
4/18/2023,t56,LASE3
4/18/2023,t56,MOBE2
4/18/2023,t56,SCBA
4/18/2023,t56,PECTO
4/18/2023,t56,CHCA
4/18/2023,t56,PLOV
4/18/2023,t56,GULA4
4/18/2023,t56,PREX
4/18/2023,t56,LATR2
4/18/2023,t56,AMTE3
4/18/2023,t56,CHRI
4/18/2023,t56,ERIN4
4/18/2023,t56,AMDU2
4/18/2023,t56,CHMI7
4/18/2023,t56,KRER
4/18/2023,t56,LELA
4/18/2023,t56,LIDE2
4/18/2023,t56,CHBR
4/18/2023,t56,ESGL
4/18/2023,t56,GIBR
4/18/2023,t56,CAWR
4/18/2023,t56,IPPO2
4/18/2023,t56,KRLA2
4/18/2023,t56,MEAL6
4/18/2023,t56,PHFR2
4/18/2023,t56,CRPT
4/18/2023,t56,SIAL2
4/18/2023,t56,BRRU2
4/18/2023,t56,ERCI6
4/18/2023,t56,EPNE
4/18/2023,t56,CHMA
4/18/2023,t55,LASE3
4/18/2023,t55,CHRI
4/18/2023,t55,CHCA
4/18/2023,t55,CABO7
4/18/2023,t55,PECTO
4/18/2023,t55,GULA4
4/18/2023,t55,SCBA
4/18/2023,t55,PREX
4/18/2023,t55,PLOV
4/18/2023,t55,ESGL
4/18/2023,t55,LATR2
4/18/2023,t55,ERIN4
4/18/2023,t55,CHBR
4/18/2023,t55,MOBE2
4/18/2023,t55,KRER
4/18/2023,t55,PHFR2
4/18/2023,t55,CRPT
4/18/2023,t55,AMTE3
4/18/2023,t55,PHIV
4/18/2023,t55,SIAL2
4/18/2023,t55,CHMI7
4/18/2023,t55,LELA
4/18/2023,t55,BRRU2
4/18/2023,t54,LASE3
4/18/2023,t54,ESGL
4/18/2023,t54,GULA4
4/18/2023,t54,PECTO
4/18/2023,t54,SCBA
4/18/2023,t54,PREX
4/18/2023,t54,PLOV
4/18/2023,t54,ERIN4
4/18/2023,t54,CHCA
4/18/2023,t54,AMDU2
4/18/2023,t54,CHRI
4/18/2023,t54,AMTE3
4/18/2023,t54,LATR2
4/18/2023,t54,PREX
4/18/2023,t54,CRPT
4/18/2023,t54,LELA
4/18/2023,t54,SIAL2
4/18/2023,t54,PHFR2
4/18/2023,t54,GIBR
4/18/2023,t54,KRER
4/18/2023,t54,MEAL6
4/18/2023,t54,EPNE
4/18/2023,t54,CHMI7
4/18/2023,t54,LYAN
4/18/2023,t54,MOBE2
4/18/2023,t54,CHMA
4/18/2023,t54,DEPA
4/18/2023,t54,ACSH
4/18/2023,t54,CABO7
4/18/2023,t54,BRRU2
4/18/2023,t19,GUMI
4/18/2023,t19,PECTO
4/18/2023,t19,CHRI
4/18/2023,t19,BRRU2
4/18/2023,t19,SCBA
4/18/2023,t19,GIBR
4/18/2023,t19,CABO7
4/18/2023,t19,SIAL2
4/18/2023,t19,PREX
4/18/2023,t19,DEPA
4/18/2023,t19,STMI2
4/18/2023,t19,PEME8
4/18/2023,t19,LIDE2
4/18/2023,t19,CRPT
4/18/2023,t19,LIDE2
4/18/2023,t19,ESGL
4/18/2023,t19,CHCA
4/18/2023,t19,AMDU2
4/18/2023,t19,VIPA14
4/18/2023,t19,AMTE3
4/18/2023,t19,GULA4
4/18/2023,t19,PLOV
4/18/2023,t19,ERIN4
4/18/2023,t19,LASE3
4/18/2023,t19,ERTR8
4/18/2023,t19,LATR2
4/18/2023,t19,KRER
4/18/2023,t19,LYAN
4/18/2023,t19,PHCR
4/18/2023,t19,CHBR
4/18/2023,t19,LELA
4/18/2023,t19,PHFR2
4/18/2023,t19,KRLA2
4/18/2023,t19,OLLI
4/18/2023,t19,PHIV
4/18/2023,t19,KRER
4/18/2023,t19,MEAL6
4/18/2023,t61,SCBA
4/18/2023,t61,CHCA
4/18/2023,t61,LIDE2
4/18/2023,t61,CHRI
4/18/2023,t61,PECTO
4/18/2023,t61,PHFR2
4/18/2023,t61,PHCR
4/18/2023,t61,PHIV
4/18/2023,t61,CACO18
4/18/2023,t61,ASNU4
4/18/2023,t61,GULA4
4/18/2023,t61,LASE3
4/18/2023,t61,EPNE
4/18/2023,t61,ERIN4
4/18/2023,t61,CRPT
4/18/2023,t61,PLOV
4/18/2023,t61,AMDU2
4/18/2023,t61,SIAL2
4/18/2023,t61,CABO7
4/18/2023,t61,KRER
4/18/2023,t61,MEAL6
4/18/2023,t61,BRRU2
4/18/2023,t61,OLLI
4/18/2023,t61,CHMI7
4/18/2023,t61,LYAN
4/18/2023,t61,ACSH
4/18/2023,t61,LATR2
4/18/2023,t61,LELA
4/18/2023,t61,CHBR
4/18/2023,t61,CAWR
4/18/2023,t61,KRLA2
4/18/2023,t61,OESU3
4/18/2023,t61,GIBR
4/18/2023,t61,DEPA
4/18/2023,t61,AMTE3
4/19/2023,t24,LIDE2
4/19/2023,t24,LASE3
4/19/2023,t24,PECTO
4/19/2023,t24,SCBA
4/19/2023,t24,SIAL2
4/19/2023,t24,PLOV
4/19/2023,t24,CHRI
4/19/2023,t24,CAWR
4/19/2023,t24,GULA4
4/19/2023,t24,LATR2
4/19/2023,t24,CHCA
4/19/2023,t24,LELA
4/19/2023,t24,ERIN4
4/19/2023,t24,CRPT
4/19/2023,t24,KRER
4/19/2023,t24,PHFR2
4/19/2023,t24,BRRU2
4/19/2023,t24,CABO7
4/19/2023,t24,LYAN
4/19/2023,t24,MEAL6
4/19/2023,t24,EPNE
4/19/2023,t24,MOBE2
4/19/2023,t24,AMDU2
4/19/2023,t24,STMI2
4/19/2023,t24,PLRI3
4/19/2023,t24,LIJO
4/19/2023,t24,YUSC2
4/19/2023,t24,AMTE3
4/19/2023,t24,GIBR
4/19/2023,t24,IPPO2
4/19/2023,t24,PHIV
4/19/2023,t24,ACSH
4/19/2023,t24,CHMI7
4/19/2023,t24,PREX
4/19/2023,t24,ERCI6
4/19/2023,t24,BAMU
4/19/2023,t24,KRLA2
4/19/2023,t24,ACSP
4/19/2023,t24,SAME
4/19/2023,t24,VIPA14
4/19/2023,t7,CRPT
4/19/2023,t7,SCBA
4/19/2023,t7,GULA4
4/19/2023,t7,KRER
4/19/2023,t7,PECTO
4/19/2023,t7,ERIN4
4/19/2023,t7,LASE3
4/19/2023,t7,CABO7
4/19/2023,t7,LATR2
4/19/2023,t7,CHRI
4/19/2023,t7,LYAN
4/19/2023,t7,LELA
4/19/2023,t7,IPPO2
4/19/2023,t7,PLOV
4/19/2023,t7,CHBR
4/19/2023,t7,MOBE2
4/19/2023,t7,CHCA
4/19/2023,t7,AMDU2
4/19/2023,t7,CHMI7
4/19/2023,t7,EPNE
4/19/2023,t7,LIJO
4/19/2023,t7,ERTR8
4/19/2023,t7,PREX
4/19/2023,t7,SIAL2
4/19/2023,t7,CAWR
4/19/2023,t7,DEPA
4/19/2023,t7,MEAL6
4/19/2023,t7,PHFR2
4/19/2023,t7,CYEC3
4/19/2023,t7,PREX
4/19/2023,t7,BRRU2
4/19/2023,t7,GIBR
4/19/2023,t7,ERCI6
4/20/2023,t29,MEAL6
4/20/2023,t29,ERTR8
4/20/2023,t29,ERCI6
4/20/2023,t29,PECTO
4/20/2023,t29,SCBA
4/20/2023,t29,AMDU2
4/20/2023,t29,LATR2
4/20/2023,t29,EPNE
4/20/2023,t29,SPAM2
4/20/2023,t29,SAME
4/20/2023,t29,OESU3
4/20/2023,t29,GULA4
4/20/2023,t29,MAAF
4/20/2023,t29,KRER
4/20/2023,t29,AMTE3
4/20/2023,t29,ESGL
4/20/2023,t29,ASNU4
4/20/2023,t29,LELA
4/20/2023,t29,LASE3
4/20/2023,t29,GIBR
4/20/2023,t29,CABO7
4/20/2023,t29,ANBR4
4/20/2023,t29,BRRU2
4/20/2023,t29,LIJO
4/20/2023,t29,CRPT
4/20/2023,t29,CHCA
4/20/2023,t29,CHRI
4/20/2023,t29,LYAN
4/20/2023,t29,PHFR2
4/20/2023,t29,MOBE2
4/20/2023,t29,LIDE2
4/20/2023,t29,ERIN4
4/20/2023,t29,PREX
4/20/2023,t29,BRTE
4/20/2023,t29,MESP2
4/20/2023,t29,CABR23
4/20/2023,t29,PHCR
4/20/2023,t29,SIOR4
4/20/2023,t29,IPPO2
4/20/2023,t29,VIPA14
4/20/2023,t11,AMDU2
4/20/2023,t11,SCBA
4/20/2023,t11,PECTO
4/20/2023,t11,MEAL6
4/20/2023,t11,KRER
4/20/2023,t11,LATR2
4/20/2023,t11,ESGL
4/20/2023,t11,SIAL2
4/20/2023,t11,PREX
4/20/2023,t11,ERIN4
4/20/2023,t11,DEPA
4/20/2023,t11,EPNE
4/20/2023,t11,LELA
4/20/2023,t11,BRRU2
4/20/2023,t11,GIBR
4/20/2023,t11,KRLA2
4/20/2023,t11,PHFR2
4/20/2023,t11,LIJO
4/20/2023,t11,BRTE
4/20/2023,t11,PLOV
4/20/2023,t11,YUBR
4/20/2023,t11,LYAN
4/20/2023,t11,STLO4
4/20/2023,t11,CRPT
4/20/2023,t11,CHCA
4/20/2023,t11,LIDE2
4/20/2023,t11,DESO2
4/20/2023,t11,OESU3
4/20/2023,t11,CHRI
4/20/2023,t11,CHMA
4/20/2023,t11,ACHY
4/20/2023,t12,ESGL
4/20/2023,t12,MEAL6
4/20/2023,t12,AMDU2
4/20/2023,t12,LATR2
4/20/2023,t12,SCBA
4/20/2023,t12,PECTO
4/20/2023,t12,BRRU2
4/20/2023,t12,GULA4
4/20/2023,t12,EPNE
4/20/2023,t12,KRER
4/20/2023,t12,ERIN4
4/20/2023,t12,ANBR4
4/20/2023,t12,LELA
4/20/2023,t12,PHFR2
4/20/2023,t12,MESP2
4/20/2023,t12,LASE3
4/20/2023,t12,MAAF
4/20/2023,t12,SIAL2
4/20/2023,t12,KRLA2
4/20/2023,t12,CHRI
4/20/2023,t12,LIJO
4/20/2023,t12,AMTE3
4/20/2023,t12,LIDE2
4/20/2023,t12,CABO7
4/20/2023,t12,BRTE
4/20/2023,t12,CRPT
4/20/2023,t12,CHCA
4/20/2023,t12,PREX
4/20/2023,t12,ERCI6
4/20/2023,t12,GIBR
4/20/2023,t12,ERFA2
4/20/2023,t12,MOBE2
4/20/2023,t12,ACHY
4/20/2023,t12,CAWR
4/20/2023,t12,ERTR8
4/20/2023,t12,PSCO2
4/20/2023,t12,DESO2
4/20/2023,t12,CABR23
4/20/2023,t12,BAMU
4/20/2023,t30,ERIN4
4/20/2023,t30,LATR2
4/20/2023,t30,AMDU2
4/20/2023,t30,ESGL
4/20/2023,t30,PHFR2
4/20/2023,t30,LIDE2
4/20/2023,t30,ANBR4
4/20/2023,t30,KRER
4/20/2023,t30,MEAL6
4/20/2023,t30,LELA
4/20/2023,t30,LASE3
4/20/2023,t30,OESU3
4/20/2023,t30,LIJO
4/20/2023,t30,SCBA
4/20/2023,t30,LYAN
4/20/2023,t30,BRRU2
4/20/2023,t30,CHRI
4/20/2023,t30,PLOV
4/20/2023,t30,EPNE
4/20/2023,t30,CHCA
4/20/2023,t30,CABO7
4/20/2023,t30,MOBE2
4/20/2023,t30,BRTE
4/20/2023,t30,ACSH
4/20/2023,t30,SIAL2
4/20/2023,t30,PECTO
4/20/2023,t30,BRRU2
4/20/2023,t30,CHMI7
4/20/2023,t30,STLO4
4/20/2023,t30,DEPA
4/20/2023,t30,GULA4
4/20/2023,t30,PREX
4/20/2023,t30,IPPO2
4/20/2023,t30,GIBR
4/20/2023,t30,ASNU4
4/20/2023,t30,CABR23
4/20/2023,t30,CRPT
4/20/2023,t30,DESO2
4/20/2023,t30,CHBR
4/21/2023,t31,PECTO
4/21/2023,t31,LASE3
4/21/2023,t31,SCBA
4/21/2023,t31,AMDU2
4/21/2023,t31,LELA
4/21/2023,t31,LIDE2
4/21/2023,t31,GULA4
4/21/2023,t31,CRPT
4/21/2023,t31,CHRI
4/21/2023,t31,CHCA
4/21/2023,t31,CAWR
4/21/2023,t31,KRER
4/21/2023,t31,ERIN4
4/21/2023,t31,MAAF
4/21/2023,t31,PLOV
4/21/2023,t31,LATR2
4/21/2023,t31,BRRU2
4/21/2023,t31,SIAL2
4/21/2023,t31,SAME
4/21/2023,t31,PHIV
4/21/2023,t31,IPPO2
4/21/2023,t31,LIJO
4/21/2023,t31,PHFR2
4/21/2023,t31,PREX
4/21/2023,t31,CHBR
4/21/2023,t31,YUSC2
4/21/2023,t31,AMTE3
4/21/2023,t31,BRTE
4/21/2023,t31,ERCI6
4/21/2023,t85,SCBA
4/21/2023,t85,PECTO
4/21/2023,t85,DESO2
4/21/2023,t85,LATR2
4/21/2023,t85,LELA
4/21/2023,t85,GULA4
4/21/2023,t85,MAAF
4/21/2023,t85,ERIN4
4/21/2023,t85,AMDU2
4/21/2023,t85,LYAN
4/21/2023,t85,PSCO2
4/21/2023,t85,GIBR
4/21/2023,t85,BRTE
4/21/2023,t85,ERCI6
4/21/2023,t85,CHRI
4/21/2023,t85,AMTE3
4/21/2023,t85,CRPT
4/21/2023,t85,LASE3
4/21/2023,t85,CHCA
4/21/2023,t85,ANBR4
4/21/2023,t85,MOBE2
4/21/2023,t85,BRRU2
4/21/2023,t85,CRPT
4/21/2023,t85,STLO4
4/21/2023,t85,SIOR4
4/21/2023,t85,KRLA2
4/21/2023,t85,HAGL
4/21/2023,t85,LIJO
4/21/2023,t85,ASNU4
4/21/2023,t86,DESO2
4/21/2023,t86,MAAF
4/21/2023,t86,STLO4
4/21/2023,t86,KRER
4/21/2023,t86,SCBA
4/21/2023,t86,LATR2
4/21/2023,t86,SIOR4
4/21/2023,t86,ERCI6
4/21/2023,t86,LELA
4/21/2023,t86,ERIN4
4/21/2023,t86,CRPT
4/21/2023,t86,AMTE3
4/21/2023,t86,BRTE
4/21/2023,t86,PREX
4/21/2023,t86,CHRI
4/21/2023,t86,GIBR
4/21/2023,t86,EPNE
4/21/2023,t86,AMDU2
4/21/2023,t86,LYAN
4/21/2023,t86,LIJO
4/21/2023,t87,STLO4
4/21/2023,t87,MAAF
4/21/2023,t87,DESO2
4/21/2023,t87,PECTO
4/21/2023,t87,LATR2
4/21/2023,t87,GULA4
4/21/2023,t87,BRTE
4/21/2023,t87,CABO7
4/21/2023,t87,CHRI
4/21/2023,t87,CRPT
4/21/2023,t87,IPPO2
4/21/2023,t87,ERCI6
4/21/2023,t87,GIBR
4/21/2023,t87,LYAN
4/21/2023,t87,SIOR4
4/21/2023,t87,LASE3
4/21/2023,t87,ERTR8
4/21/2023,t87,YUSC2
4/21/2023,t87,HAGL
4/21/2023,t87,PREX
4/21/2023,t87,SCBA
4/21/2023,t87,LELA
4/21/2023,t87,CHCA
4/21/2023,t87,SIOR4
4/21/2023,t88,SIOR4
4/21/2023,t88,MAAF
4/21/2023,t88,LATR2
4/21/2023,t88,SCBA
4/21/2023,t88,GIBR
4/21/2023,t88,STLO4
4/21/2023,t88,DESO2
4/21/2023,t88,PECTO
4/21/2023,t88,LELA
4/21/2023,t88,LYAN
4/21/2023,t88,AMDU2
4/21/2023,t88,ERIN4
4/21/2023,t88,HAGL
4/21/2023,t88,STPA4
4/21/2023,t88,CRPT
4/21/2023,t88,CHCA
4/21/2023,t88,MEAL6
4/21/2023,t88,LASE3
4/21/2023,t88,ERCI6
4/21/2023,t88,EPNE
4/21/2023,t88,BRTE
4/21/2023,t88,CHRI
4/22/2023,t89,MAAF
4/22/2023,t89,DESO2
4/22/2023,t89,PECTO
4/22/2023,t89,CRPT
4/22/2023,t89,LELA
4/22/2023,t89,LATR2
4/22/2023,t89,STLO4
4/22/2023,t89,ERIN4
4/22/2023,t89,SCBA
4/22/2023,t89,CHCA
4/22/2023,t89,AMDU2
4/22/2023,t89,BRTE
4/22/2023,t89,AMTE3
4/22/2023,t89,GIBR
4/22/2023,t89,CABO7
4/22/2023,t89,PREX
4/22/2023,t89,LYAN
4/22/2023,t89,SIOR4
4/22/2023,t89,LASE3
4/22/2023,t89,ERTR8
4/22/2023,t89,CHRI
4/22/2023,t89,OESU3
4/22/2023,t89,BRRU2
4/22/2023,t90,CHRI
4/22/2023,t90,SCBA
4/22/2023,t90,DESO2
4/22/2023,t90,STLO4
4/22/2023,t90,PECTO
4/22/2023,t90,LASE3
4/22/2023,t90,MAAF
4/22/2023,t90,ERIN4
4/22/2023,t90,LELA
4/22/2023,t90,GIBR
4/22/2023,t90,CABO7
4/22/2023,t90,SIOR4
4/22/2023,t90,LATR2
4/22/2023,t90,CHCA
4/22/2023,t90,ERCI6
4/22/2023,t90,AMTE3
4/22/2023,t90,AMDU2
4/22/2023,t90,BRTE
4/22/2023,t90,GULA4
4/22/2023,t90,PREX
4/22/2023,t90,ERCI6
4/22/2023,t90,KRER
4/22/2023,t90,ANBR4
4/22/2023,t90,LYAN
4/22/2023,t91,ERIN4
4/22/2023,t91,DESO2
4/22/2023,t91,GIBR
4/22/2023,t91,MAAF
4/22/2023,t91,SCBA
4/22/2023,t91,SIOR4
4/22/2023,t91,CHRI
4/22/2023,t91,LELA
4/22/2023,t91,PECTO
4/22/2023,t91,LIDE2
4/22/2023,t91,STLO4
4/22/2023,t91,LATR2
4/22/2023,t91,LASE3
4/22/2023,t91,AMDU2
4/22/2023,t91,CABO7
4/22/2023,t91,EPNE
4/22/2023,t91,ERCI6
4/22/2023,t91,KRER
4/22/2023,t91,ACSH
4/22/2023,t91,CHCA
4/22/2023,t91,ESGL
4/22/2023,t91,PHCR
4/22/2023,t91,GULA4
4/22/2023,t91,BRTE
4/22/2023,t91,CRPT
4/22/2023,t91,AMTE3
4/22/2023,t92,MAAF
4/22/2023,t92,DESO2
4/22/2023,t92,CHRI
4/22/2023,t92,ESGL
4/22/2023,t92,KRER
4/22/2023,t92,GIBR
4/22/2023,t92,LATR2
4/22/2023,t92,SIOR4
4/22/2023,t92,CABO7
4/22/2023,t92,AMTE3
4/22/2023,t92,LYAN
4/22/2023,t92,LELA
4/22/2023,t92,ERIN4
4/22/2023,t92,CRPT
4/22/2023,t92,AMDU2
4/22/2023,t92,LASE3
4/22/2023,t92,STLO4
4/22/2023,t92,PHFR2
4/22/2023,t92,BRTE
4/22/2023,t92,CRPT
4/22/2023,t92,ERCI6
4/22/2023,t92,HAGL
4/22/2023,t92,EPNE
4/22/2023,t92,ENCO5
4/22/2023,t92,ERTR8
4/22/2023,t92,MOBE2
4/22/2023,t25,ERIN4
4/22/2023,t25,LIDE2
4/22/2023,t25,LASE3
4/22/2023,t25,PECTO
4/22/2023,t25,SCBA
4/22/2023,t25,CHCA
4/22/2023,t25,ERCI6
4/22/2023,t25,CHRI
4/22/2023,t25,IPPO2
4/22/2023,t25,LATR2
4/22/2023,t25,GULA4
4/22/2023,t25,EPNE
4/22/2023,t25,LELA
4/22/2023,t25,BRRU2
4/22/2023,t25,GIBR
4/22/2023,t25,MEAL6
4/22/2023,t25,SAME
4/22/2023,t25,CRPT
4/22/2023,t25,ERTR8
4/22/2023,t25,KRER
4/22/2023,t25,PHFR2
4/22/2023,t25,AMDU2
4/22/2023,t25,LIJO
4/22/2023,t25,OESU3
4/22/2023,t25,PREX
4/22/2023,t25,MOBE2
4/22/2023,t25,LYAN
4/22/2023,t25,CABO7
4/22/2023,t25,YUSC2
4/22/2023,t25,PLOV
4/22/2023,t25,CHBR
4/23/2023,t65,ESGL
4/23/2023,t65,LASE3
4/23/2023,t65,CHCA
4/23/2023,t65,ERIN4
4/23/2023,t65,MOBE2
4/23/2023,t65,PECTO
4/23/2023,t65,SCBA
4/23/2023,t65,PLOV
4/23/2023,t65,GULA4
4/23/2023,t65,PREX
4/23/2023,t65,CHRI
4/23/2023,t65,EPNE
4/23/2023,t65,CABO7
4/23/2023,t65,KRLA2
4/23/2023,t65,LATR2
4/23/2023,t65,BRRU2
4/23/2023,t65,AMDU2
4/23/2023,t65,LELA
4/23/2023,t65,KRER
4/23/2023,t65,CRPT
4/23/2023,t65,AMTE3
4/23/2023,t65,ERCI6
4/23/2023,t65,PHFR2
4/23/2023,t65,LIDE2
4/23/2023,t65,STLO4
4/23/2023,t27,MOBE2
4/23/2023,t27,SCBA
4/23/2023,t27,LASE3
4/23/2023,t27,ERIN4
4/23/2023,t27,LELA
4/23/2023,t27,MEAL6
4/23/2023,t27,ESGL
4/23/2023,t27,DESO2
4/23/2023,t27,CHCA
4/23/2023,t27,PREX
4/23/2023,t27,AMDU2
4/23/2023,t27,PECTO
4/23/2023,t27,LATR2
4/23/2023,t27,STLO4
4/23/2023,t27,CHRI
4/23/2023,t27,LYAN
4/23/2023,t27,PLOV
4/23/2023,t27,MAAF
4/23/2023,t27,GULA4
4/23/2023,t27,KRER
4/23/2023,t27,LIDE2
4/23/2023,t27,CABO7
4/23/2023,t27,CRPT
4/23/2023,t27,PHFR2
4/23/2023,t27,LIJO
4/23/2023,t27,ANBR4
4/23/2023,t27,LYAN
4/23/2023,t27,BRRU2
4/23/2023,t27,GIBR
4/23/2023,t27,ERCI6
4/23/2023,t6,CHCA
4/23/2023,t6,LASE3
4/23/2023,t6,SCBA
4/23/2023,t6,MOBE2
4/23/2023,t6,CHRI
4/23/2023,t6,CABO7
4/23/2023,t6,PREX
4/23/2023,t6,ERIN4
4/23/2023,t6,PECTO
4/23/2023,t6,KRER
4/23/2023,t6,AMTE3
4/23/2023,t6,LELA
4/23/2023,t6,BRRU2
4/23/2023,t6,GULA4
4/23/2023,t6,LATR2
4/23/2023,t6,CRPT
4/23/2023,t6,AMDU2
4/23/2023,t6,PHFR2
4/23/2023,t6,ESGL
4/23/2023,t6,LYAN
4/23/2023,t6,BRRU2
4/23/2023,t6,CABR23
4/23/2023,t6,AMTE3
4/23/2023,t6,PLOV
4/23/2023,t6,EPNE
4/23/2023,t6,YUSC2
4/23/2023,t6,CRPT
4/23/2023,t6,MEAL6
4/23/2023,t6,DESO2
4/23/2023,t6,ACSH
4/23/2023,t6,LIDE2
4/23/2023,t6,ENVI
4/23/2023,t28,LATR2
4/23/2023,t28,SCBA
4/23/2023,t28,PECTO
4/23/2023,t28,AMDU2
4/23/2023,t28,DESO2
4/23/2023,t28,LYAN
4/23/2023,t28,LELA
4/23/2023,t28,CRPT
4/23/2023,t28,CABO7
4/23/2023,t28,ERCI6
4/23/2023,t28,SPAM2
4/23/2023,t28,STPA4
4/23/2023,t28,VIPA14
4/23/2023,t28,CHBR
4/23/2023,t28,ERLI6
4/23/2023,t28,MEAL6
4/23/2023,t28,ERIN4
4/23/2023,t28,PREX
4/23/2023,t28,EPNE
4/23/2023,t28,LIJO
4/23/2023,t28,LASE3
4/23/2023,t28,CHRI
4/23/2023,t28,MOBE2
4/23/2023,t28,LIDE2
4/23/2023,t28,PHFR2
4/23/2023,t28,BRRU2
4/23/2023,t28,GIBR
4/23/2023,t28,ESGL
4/23/2023,t28,IPPO2
4/23/2023,t28,KRLA2
4/23/2023,t28,GULA4
4/23/2023,t28,ANBR4
4/23/2023,t28,PLOV
4/23/2023,t28,CHCA
4/23/2023,t28,KRER
4/24/2023,t5,ESGL
4/24/2023,t5,LELA
4/24/2023,t5,PECTO
4/24/2023,t5,SCBA
4/24/2023,t5,CABR23
4/24/2023,t5,AMDU2
4/24/2023,t5,LIJO
4/24/2023,t5,YUSC2
4/24/2023,t5,PREX
4/24/2023,t5,KRER
4/24/2023,t5,LASE3
4/24/2023,t5,CHRI
4/24/2023,t5,ERIN4
4/24/2023,t5,LATR2
4/24/2023,t5,GULA4
4/24/2023,t5,MEAL6
4/24/2023,t5,CHCA
4/24/2023,t5,LYAN
4/24/2023,t5,LIDE2
4/24/2023,t5,EPNE
4/24/2023,t5,BRRU2
4/24/2023,t5,BRTE
4/24/2023,t5,PHFR2
4/24/2023,t5,DESO2
4/24/2023,t5,CRPT
4/24/2023,t26,LASE3
4/24/2023,t26,ERIN4
4/24/2023,t26,PREX
4/24/2023,t26,SCBA
4/24/2023,t26,PECTO
4/24/2023,t26,ESGL
4/24/2023,t26,CHRI
4/24/2023,t26,CHCA
4/24/2023,t26,CABR23
4/24/2023,t26,LIDE2
4/24/2023,t26,EPNE
4/24/2023,t26,GULA4
4/24/2023,t26,BRRU2
4/24/2023,t26,GIBR
4/24/2023,t26,KRER
4/24/2023,t26,AMDU2
4/24/2023,t26,LATR2
4/24/2023,t26,MOBE2
4/24/2023,t26,LIJO
4/24/2023,t26,PHFR2
4/24/2023,t26,LELA
4/24/2023,t26,CRPT
4/24/2023,t26,CHBR
4/24/2023,t26,LIDE2
4/24/2023,t26,IPPO2
4/24/2023,t26,PHVA2
4/24/2023,t26,SAME
4/24/2023,t26,BRRU2
4/24/2023,t26,CHMA
4/24/2023,t66,SCBA
4/24/2023,t66,PECTO
4/24/2023,t66,BRRU2
4/24/2023,t66,ERIN4
4/24/2023,t66,KRER
4/24/2023,t66,PLOV
4/24/2023,t66,YUSC2
4/24/2023,t66,CRPT
4/24/2023,t66,LATR2
4/24/2023,t66,LELA
4/24/2023,t66,MOBE2
4/24/2023,t66,MEAL6
4/24/2023,t66,EPNE
4/24/2023,t66,AMDU2
4/24/2023,t66,LIJO
4/24/2023,t66,AMTE3
4/24/2023,t66,LYAN
4/24/2023,t66,LASE3
4/24/2023,t66,PREX
4/24/2023,t66,MAAF
4/24/2023,t66,GULA4
4/24/2023,t66,CHRI
4/24/2023,t66,CHCA
4/24/2023,t66,PHFR2
4/24/2023,t66,CHBR
4/24/2023,t66,GIBR
4/24/2023,t66,IPPO2
4/24/2023,t66,CABR23
4/24/2023,t66,ACSH
4/24/2023,t66,LIDE2
4/24/2023,t66,DESO2
4/24/2023,t66,SIOR4
4/24/2023,t37,MOBE2
4/24/2023,t37,PECTO
4/24/2023,t37,PREX
4/24/2023,t37,SCBA
4/24/2023,t37,LASE3
4/24/2023,t37,ERCI6
4/24/2023,t37,ERIN4
4/24/2023,t37,KRER
4/24/2023,t37,EPNE
4/24/2023,t37,LELA
4/24/2023,t37,ACSH
4/24/2023,t37,LATR2
4/24/2023,t37,PLOV
4/24/2023,t37,GULA4
4/24/2023,t37,CRPT
4/24/2023,t37,PHFR2
4/24/2023,t37,CHRI
4/24/2023,t37,MAAF
4/24/2023,t37,DESO2
4/24/2023,t37,AMDU2
4/24/2023,t37,AMTE3
4/24/2023,t37,CHBR
4/24/2023,t37,SIOR4
4/24/2023,t37,OESU3
4/24/2023,t37,CABO7
4/24/2023,t37,ECPO2
4/24/2023,t37,MEAL6
4/24/2023,t37,LIDE2
4/24/2023,t36,LASE3
4/24/2023,t36,SCBA
4/24/2023,t36,LIDE2
4/24/2023,t36,PECTO
4/24/2023,t36,CRPT
4/24/2023,t36,ERIN4
4/24/2023,t36,AMDU2
4/24/2023,t36,MOBE2
4/24/2023,t36,GULA4
4/24/2023,t36,LIJO
4/24/2023,t36,EPNE
4/24/2023,t36,LATR2
4/24/2023,t36,LELA
4/24/2023,t36,GIBR
4/24/2023,t36,CHBR
4/24/2023,t36,PLOV
4/24/2023,t36,PREX
4/24/2023,t36,CHRI
4/24/2023,t36,KRER
4/24/2023,t36,MEAL6
4/24/2023,t36,YUSC2
4/24/2023,t36,CABO7
4/24/2023,t36,ERCI6
4/24/2023,t36,PHFR2
4/24/2023,t36,DESO2
4/24/2023,t36,ACSH
4/24/2023,t36,VIPA14
4/24/2023,t36,CAWR
4/24/2023,t36,LYAN
4/25/2023,t4,LASE3
4/25/2023,t4,PECTO
4/25/2023,t4,MOBE2
4/25/2023,t4,LIDE2
4/25/2023,t4,SCBA
4/25/2023,t4,CHRI
4/25/2023,t4,CRPT
4/25/2023,t4,LELA
4/25/2023,t4,YUSC2
4/25/2023,t4,PHFR2
4/25/2023,t4,DESO2
4/25/2023,t4,PREX
4/25/2023,t4,BRRU2
4/25/2023,t4,AMDU2
4/25/2023,t4,ACSH
4/25/2023,t4,CHBR
4/25/2023,t4,LATR2
4/25/2023,t4,DEPA
4/25/2023,t4,KRER
4/25/2023,t4,CABO7
4/25/2023,t4,MEAL6
4/25/2023,t4,EPNE
4/25/2023,t4,ANBR4
4/25/2023,t4,GULA4
4/25/2023,t4,IPPO2
4/25/2023,t4,AMTE3
4/25/2023,t4,LIJO
4/25/2023,t35,SCBA
4/25/2023,t35,MOBE2
4/25/2023,t35,PECTO
4/25/2023,t35,LASE3
4/25/2023,t35,LELA
4/25/2023,t35,AMDU2
4/25/2023,t35,PLOV
4/25/2023,t35,PREX
4/25/2023,t35,ACSH
4/25/2023,t35,LATR2
4/25/2023,t35,GULA4
4/25/2023,t35,BRRU2
4/25/2023,t35,PHFR2
4/25/2023,t35,LIDE2
4/25/2023,t35,CHBR
4/25/2023,t35,CRPT
4/25/2023,t35,EPNE
4/25/2023,t35,IPPO2
4/25/2023,t35,ERIN4
4/25/2023,t35,CHRI
4/25/2023,t35,KRER
4/25/2023,t35,SAME
4/25/2023,t35,AMTE3
4/25/2023,t35,YUSC2
4/25/2023,t35,ERCI6
4/25/2023,t35,CHMI7
4/25/2023,t35,GIBR
4/25/2023,t35,MEAL6
4/25/2023,t34,MOBE2
4/25/2023,t34,LASE3
4/25/2023,t34,CHCA
4/25/2023,t34,SCBA
4/25/2023,t34,PECTO
4/25/2023,t34,PREX
4/25/2023,t34,CHRI
4/25/2023,t34,GULA4
4/25/2023,t34,PLOV
4/25/2023,t34,LATR2
4/25/2023,t34,MEAL6
4/25/2023,t34,AMDU2
4/25/2023,t34,ERIN4
4/25/2023,t34,CRPT
4/25/2023,t34,AMTE3
4/25/2023,t34,LIDE2
4/25/2023,t34,IPPO2
4/25/2023,t34,EPNE
4/25/2023,t34,SAME
4/25/2023,t34,CHMI7
4/25/2023,t34,ACSH
4/25/2023,t34,LELA
4/25/2023,t34,YUSC2
4/25/2023,t34,BRRU2
4/25/2023,t34,NEFI
4/25/2023,t34,PHFR2
4/25/2023,t34,KRER
4/25/2023,t34,GIBR
4/25/2023,t34,DEPA
4/25/2023,t34,LYAN
4/25/2023,t34,CAWR
4/25/2023,t34,VIPA14
4/25/2023,t34,LIJO
4/25/2023,t34,CHBR
4/25/2023,t34,ERCI6
4/25/2023,t3,LIDE2
4/25/2023,t3,SCBA
4/25/2023,t3,PECTO
4/25/2023,t3,CRPT
4/25/2023,t3,PLOV
4/25/2023,t3,LIJO
4/25/2023,t3,CHRI
4/25/2023,t3,MOBE2
4/25/2023,t3,LYAN
4/25/2023,t3,LELA
4/25/2023,t3,PHFR2
4/25/2023,t3,AMDU2
4/25/2023,t3,LASE3
4/25/2023,t3,LATR2
4/25/2023,t3,PREX
4/25/2023,t3,CHCA
4/25/2023,t3,ERIN4
4/25/2023,t3,MEAL6
4/25/2023,t3,EPNE
4/25/2023,t3,ACSH
4/25/2023,t3,DEPA
4/25/2023,t3,BRRU2
4/25/2023,t3,PHIV
4/25/2023,t3,GULA4
4/25/2023,t3,CABO7
4/25/2023,t3,KRER
4/25/2023,t3,ERCI6
4/25/2023,t3,CHMI7
4/25/2023,t3,CHBR
4/25/2023,t3,GIBR
4/25/2023,t33,LIDE2
4/25/2023,t33,PECTO
4/25/2023,t33,SCBA
4/25/2023,t33,LIJO
4/25/2023,t33,YUSC2
4/25/2023,t33,LELA
4/25/2023,t33,LATR2
4/25/2023,t33,CHMI7
4/25/2023,t33,STLO4
4/25/2023,t33,VIPA14
4/25/2023,t33,GULA4
4/25/2023,t33,ERCI6
4/25/2023,t33,MOBE2
4/25/2023,t33,LASE3
4/25/2023,t33,CHCA
4/25/2023,t33,PREX
4/25/2023,t33,MEAL6
4/25/2023,t33,AMDU2
4/25/2023,t33,KRER
4/25/2023,t33,ERIN4
4/25/2023,t33,CRPT
4/25/2023,t33,CHRI
4/25/2023,t33,ACSH
4/25/2023,t33,EPNE
4/25/2023,t33,SAME
4/25/2023,t33,BRRU2
4/25/2023,t33,IPPO2
4/25/2023,t14,PECTO
4/25/2023,t14,PREX
4/25/2023,t14,LASE3
4/25/2023,t14,SCBA
4/25/2023,t14,LIDE2
4/25/2023,t14,MOBE2
4/25/2023,t14,LATR2
4/25/2023,t14,GULA4
4/25/2023,t14,CRPT
4/25/2023,t14,MEAL6
4/25/2023,t14,CHMI7
4/25/2023,t14,CHRI
4/25/2023,t14,AMDU2
4/25/2023,t14,LIJO
4/25/2023,t14,IPPO2
4/25/2023,t14,CHBR
4/25/2023,t14,ERCI6
4/25/2023,t14,LELA
4/25/2023,t14,BRRU2
4/25/2023,t14,CABO7
4/25/2023,t14,AMTE3
4/25/2023,t14,CAWR
4/25/2023,t14,ACSH
4/25/2023,t14,EPNE
4/25/2023,t14,ERIN4
4/25/2023,t14,CHCA
4/25/2023,t13,LIDE2
4/25/2023,t13,SCBA
4/25/2023,t13,CHBR
4/25/2023,t13,PREX
4/25/2023,t13,MOBE2
4/25/2023,t13,LATR2
4/25/2023,t13,PECTO
4/25/2023,t13,STMI2
4/25/2023,t13,LASE3
4/25/2023,t13,AMDU2
4/25/2023,t13,LIJO
4/25/2023,t13,KRER
4/25/2023,t13,CRPT
4/25/2023,t13,ERCI6
4/25/2023,t13,GULA4
4/25/2023,t13,CABO7
4/25/2023,t13,BRRU2
4/25/2023,t13,LELA
4/25/2023,t13,CHMI7
4/25/2023,t13,ACSH
4/25/2023,t13,CHRI
4/25/2023,t13,CHCA
4/25/2023,t13,AMTE3
4/25/2023,t13,EPNE
4/25/2023,t13,IPPO2
4/25/2023,t13,GIBR
4/25/2023,t13,PLOV
4/25/2023,t13,OPBA2
4/25/2023,t13,YUSC2
4/25/2023,t13,MEAL6
4/25/2023,t13,ERIN4
4/25/2023,t13,PHFR2
4/25/2023,t13,DEPA
4/25/2023,t2,MOBE2
4/25/2023,t2,PREX
4/25/2023,t2,LASE3
4/25/2023,t2,PECTO
4/25/2023,t2,AMTE3
4/25/2023,t2,LELA
4/25/2023,t2,GULA4
4/25/2023,t2,CRPT
4/25/2023,t2,ERIN4
4/25/2023,t2,LIDE2
4/25/2023,t2,AMDU2
4/25/2023,t2,LIJO
4/25/2023,t2,CAWR
4/25/2023,t2,CHRI
4/25/2023,t2,SCBA
4/25/2023,t2,BRRU2
4/25/2023,t2,EPNE
4/25/2023,t2,CHBR
4/25/2023,t2,LYAN
4/25/2023,t2,CHMI7
4/25/2023,t2,LATR2
4/25/2023,t2,KRER
4/25/2023,t2,CHCA
4/25/2023,t2,ACSH
4/25/2023,t2,YUSC2
4/25/2023,t2,BAMU
4/25/2023,t2,PLOV
4/25/2023,t2,GIBR
4/25/2023,t2,MEAL6
4/25/2023,t2,AMTE3
4/26/2023,t32,LIDE2
4/26/2023,t32,LELA
4/26/2023,t32,SCBA
4/26/2023,t32,PECTO
4/26/2023,t32,CHRI
4/26/2023,t32,IPPO2
4/26/2023,t32,CRPT
4/26/2023,t32,GIBR
4/26/2023,t32,BRRU2
4/26/2023,t32,ACSH
4/26/2023,t32,LATR2
4/26/2023,t32,GULA4
4/26/2023,t32,MEAL6
4/26/2023,t32,CHMI7
4/26/2023,t32,PREX
4/26/2023,t32,CHBR
4/26/2023,t32,KRER
4/26/2023,t32,EPNE
4/26/2023,t32,LASE3
4/26/2023,t32,AMDU2
4/26/2023,t32,YUSC2
4/26/2023,t32,DESO2
4/26/2023,t32,LIJO
4/26/2023,t32,AMTE3
4/26/2023,t32,PLOV
4/26/2023,t32,MOBE2
4/26/2023,t32,ANBR4
5/6/2023,t98,CHMA
5/6/2023,t98,MAAF
5/6/2023,t98,GULA4
5/6/2023,t98,PECTO
5/6/2023,t98,DESO2
5/6/2023,t98,ERCI6
5/6/2023,t98,LELA
5/6/2023,t98,KRER
5/6/2023,t98,SCBA
5/6/2023,t98,CHIN2
5/6/2023,t98,GIBR
5/6/2023,t98,SIOR4
5/6/2023,t98,LATR2
5/6/2023,t98,AMTE3
5/6/2023,t98,BRTE
5/6/2023,t98,CRPT
5/6/2023,t98,PREX
5/6/2023,t98,LYAN
5/6/2023,t98,AMDU2
5/6/2023,t98,BRRU2
5/6/2023,t98,LASE3
5/6/2023,t98,CHRI
5/6/2023,t98,CYEC3
5/6/2023,t98,CHCA
5/6/2023,t98,MOBE2
5/6/2023,t98,ESGL
5/6/2023,t98,IPPO2
5/6/2023,t98,CABO7
5/6/2023,t98,YUSC2
5/6/2023,t98,HAGL
5/6/2023,t98,EPNE
5/6/2023,t98,ERIN4
5/6/2023,t98,LIJO
5/6/2023,t98,STLO4
5/6/2023,t99,MAAF
5/6/2023,t99,DESO2
5/6/2023,t99,CHIN2
5/6/2023,t99,PECTO
5/6/2023,t99,ERIN4
5/6/2023,t99,LELA
5/6/2023,t99,SCBA
5/6/2023,t99,LATR2
5/6/2023,t99,GIBR
5/6/2023,t99,STLO4
5/6/2023,t99,CHCA
5/6/2023,t99,GULA4
5/6/2023,t99,LASE3
5/6/2023,t99,CRPT
5/6/2023,t99,CHRI
5/6/2023,t99,ERCI6
5/6/2023,t99,AMTE3
5/6/2023,t99,LIJO
5/6/2023,t99,PREX
5/6/2023,t99,CABR23
5/6/2023,t99,AMDU2
5/6/2023,t99,BRTE
5/6/2023,t99,CABO7
5/6/2023,t99,SIOR4
5/6/2023,t99,KRER
5/13/2023,t73,SCBA
5/13/2023,t73,STLO4
5/13/2023,t73,BRRU2
5/13/2023,t73,KRER
5/13/2023,t73,EPNE
5/13/2023,t73,LATR2
5/13/2023,t73,BRTE
5/13/2023,t74,SCBA
5/13/2023,t74,AMDU2
5/13/2023,t74,PECTO
5/13/2023,t74,CRPT
5/13/2023,t74,GIBR
5/13/2023,t74,KRER
5/13/2023,t74,LATR2
5/13/2023,t74,BRRU2
5/13/2023,t74,MILA6
5/13/2023,t74,CHRI
5/13/2023,t74,ERIN4
5/13/2023,t72,SCBA
5/13/2023,t72,AMDU2
5/13/2023,t72,BRRU2
5/13/2023,t72,PHCR
5/13/2023,t72,AMTE3
5/13/2023,t72,GIBR
5/13/2023,t72,PECTO
5/13/2023,t72,BRTE
5/13/2023,t72,CHMA
5/13/2023,t72,YUSC2
5/13/2023,t72,MEAL6
5/13/2023,t72,LATR2
5/13/2023,t75,SCBA
5/13/2023,t75,LATR2
5/13/2023,t75,PECTO
5/13/2023,t75,BRRU2
5/13/2023,t75,CAWR
5/13/2023,t75,AMDU2
5/13/2023,t75,KRER
5/13/2023,t75,ERTR8
5/13/2023,t75,CHMA
5/13/2023,t75,LASE3
5/13/2023,t75,BRTE
5/13/2023,t75,ACSH
5/13/2023,t76,SCBA
5/13/2023,t76,ERCI6
5/13/2023,t76,PECTO
5/13/2023,t76,BRRU2
5/13/2023,t76,PREX
5/13/2023,t76,LELA
5/13/2023,t76,CHBR
5/13/2023,t76,MEAL6
5/13/2023,t76,GIBR
5/13/2023,t76,YUSC2
5/13/2023,t76,CRPT
5/13/2023,t76,LATR2
5/13/2023,t76,CHMI7
5/13/2023,t76,LASE3
5/13/2023,t76,AMTE3
5/13/2023,t76,CHCA
5/13/2023,t76,CHRI
5/13/2023,t76,KRER
5/13/2023,t76,BRTE
5/13/2023,t76,AMDU2
5/24/2023,t80,SCBA
5/24/2023,t80,AMDU2
5/24/2023,t80,BRRU2
5/24/2023,t80,KRER
5/24/2023,t80,CHRI
5/24/2023,t80,LASE3
5/24/2023,t80,LATR2
5/24/2023,t80,YUSC2
5/24/2023,t77,SCBA
5/24/2023,t77,EPNE
5/24/2023,t77,KRER
5/24/2023,t77,ERIN4
5/24/2023,t77,LATR2
5/24/2023,t77,CHRI
5/24/2023,t77,AMDU2
5/24/2023,t77,LASE3
5/24/2023,t78,SCBA
5/24/2023,t78,LYAN
5/24/2023,t78,LATR2
5/24/2023,t78,BRRU2
5/24/2023,t78,YUSC2
5/24/2023,t78,SAME
5/24/2023,t78,AMDU2
5/24/2023,t79,SCBA
5/24/2023,t79,LIJO
5/24/2023,t79,LASE3
5/24/2023,t79,KRER
5/24/2023,t79,CHCA
5/24/2023,t79,PSCO2
5/24/2023,t79,BRRU2
5/24/2023,t79,AMDU2
5/24/2023,t79,LELA
5/24/2023,t79,SPAM2
5/24/2023,t79,CHRI
5/24/2023,t79,ERIN4
5/24/2023,t79,LATR2
5/24/2023,t79,MEAL6
5/24/2023,t79,GIBR
5/24/2023,t79,KRER
5/24/2023,t16,SCBA
5/24/2023,t16,MEAL6
5/24/2023,t16,LELA
5/24/2023,t16,CHRI
5/24/2023,t16,YUSC2
5/24/2023,t16,CRPT
5/24/2023,t16,CHCA
5/24/2023,t16,SPAM2
5/24/2023,t16,GUMI
5/24/2023,t16,LASE3
5/24/2023,t16,SAME
5/24/2023,t16,PLOV
5/24/2023,t16,LATR2
5/24/2023,t16,GULA4
5/24/2023,t16,BRRU2
5/24/2023,t16,ADCO2
5/24/2023,t81,CHCA
5/24/2023,t81,CRPT
5/24/2023,t81,ERCI6
5/24/2023,t81,LYAN
5/24/2023,t81,SPAM2
5/24/2023,t81,LELA
5/24/2023,t81,SCBA
5/24/2023,t81,CHRI
5/24/2023,t81,BRRU2
5/24/2023,t81,PREX
5/24/2023,t81,BAMU
5/24/2023,t81,OLLI
5/24/2023,t81,LASE3
5/24/2023,t81,LATR2
5/24/2023,t81,KRER
5/24/2023,t81,EPNE
5/24/2023,t81,SAME
5/24/2023,t81,PECTO
5/24/2023,t81,PLOV
5/24/2023,t81,LIJO
5/24/2023,t81,AMDU2
5/24/2023,t81,PHFR2
5/24/2023,t82,LASE3
5/24/2023,t82,AMDU2
5/24/2023,t82,GIBR
5/24/2023,t82,KRER
5/24/2023,t82,SCBA
5/24/2023,t82,LELA
5/24/2023,t82,GULA4
5/24/2023,t82,PECTO
5/24/2023,t82,CHCA
5/24/2023,t82,SPAM2
5/24/2023,t82,PREX
5/24/2023,t82,LIJO
5/24/2023,t83,SCBA
5/24/2023,t83,LATR2
5/24/2023,t83,LASE3
5/24/2023,t83,KRER
5/24/2023,t83,PECTO
5/24/2023,t84,SCBA
5/24/2023,t84,GIBR
5/24/2023,t84,PREX
5/24/2023,t84,LELA
5/24/2023,t84,CHRI
5/24/2023,t84,LASE3
5/24/2023,t84,LATR2
5/24/2023,t84,LYAN
5/24/2023,t84,MOBE2
5/24/2023,t84,PECTO
5/24/2023,t84,AMDU2
5/24/2023,t84,BRTE
5/24/2023,t84,BRRU2
5/24/2023,t84,CRPT
5/24/2023,t84,CHCA
5/24/2023,t84,MEAL6
5/24/2023,t84,CHBR
5/24/2023,t15,SCBA
5/24/2023,t15,AMDU2
5/24/2023,t15,BRRU2
5/24/2023,t15,EPNE
5/24/2023,t15,KRER
5/24/2023,t15,LATR2
5/24/2023,t15,LYAN
5/24/2023,t15,SAME
